tree
version=v4
num_class=1
num_tree_per_iteration=1
label_index=0
max_feature_idx=12
objective=binary sigmoid:1
feature_names=Column_0 Column_1 Column_2 Column_3 Column_4 Column_5 Column_6 Column_7 Column_8 Column_9 Column_10 Column_11 Column_12
feature_infos=[0:1] [0:1] [0:1] [0:1] [0:1] [0:1] [0:1] [0:1] none [0:0.967741935483871] [0:1] [0:1] [0.1561082651914476:1.0000000000000004]
tree_sizes=6561 6676 6697 6675 6687 6731 6720 6730 6727 6743 6734 6750 6753 6752 6771 6747 6757 6749 6755 6763 6739 6746 6736 6752 6742 6753 6755 6771 6776 6763 6767 6779 6775 6764 6774 6754 6757 6772 6782 6769 6783 6787 6801 6795 6794 6780 6769 6785 6789 6765 6784 6797 6798 6789 6788 6797 6786 6781 6791 6796 6771 6804 6788 6784 6803 6799 6794 6820 6790 6796 6788 6799 6804 6776 6797 6817 6821 6810 6812 6829 6794 6802 6817 6812 6841 6817 6840 6819 6796 6830 6827 6828 6834 6812 6818 6826 6816 6821 6840 6823 6827 6818 6846 6841 6837 6826 6857 6840 6814 6842 6860 6853 6849 6856 6843 6841 6844 6844 6813 6853 6842 6846 6836 6827 6860 6869 6905 6907 6917 6830 6846 6893 6886 6857 6881 6880

Tree=0
num_leaves=63
num_cat=0
split_feature=12 1 12 1 3 3 12 10 4 1 3 12 3 1 3 1 0 7 1 5 1 4 12 3 9 9 9 9 12 12 9 3 0 1 3 3 1 0 7 9 9 12 1 3 9 5 12 1 7 0 3 9 0 10 12 5 1 9 9 5 9 10
split_gain=41265.9 927.844 334.155 219.142 218.619 197.859 196.545 92.6555 68.2987 62.5802 400.703 62.2763 48.1494 91.045 47.8035 37.7142 35.0679 30.3868 29.9737 27.5431 19.4012 69.7243 19.1837 13.3931 12.0219 11.8828 11.6455 10.964 10.1197 10.0081 8.69051 8.36831 76.4686 14.1019 8.1221 7.85522 32.3125 6.89042 4.31086 4.2491 4.3232 3.45963 4.56398 18.8807 3.44322 3.28884 6.32124 3.07503 5.5224 15.3044 8.38919 2.83024 2.69387 2.55702 2.29636 2.5296 2.0361 1.8003 2.08554 1.50327 1.50129 1.38354
threshold=0.53841480580355372 0.55477564102564114 0.47246239849638577 0.85566901408450702 0.58102025506376598 0.58102025506376598 0.70516999243656409 0.86956521739130443 0.89638906961613551 0.85566901408450702 0.66369047619047616 0.5942586191961361 1.0000000180025095e-35 0.95040983606557383 0.82426470588235301 0.44954545454545464 0.28416149068322988 0.87301587301587313 0.89932432432432441 0.78888888888888908 0.51835016835016845 0.77413381123058556 0.68182276075382453 0.95587280986372503 0.15075757575757578 0.24780701754385967 0.046536796536796543 0.14434523809523811 0.62790203878499784 0.77970710046493774 0.12372448979591838 0.84660633484162906 0.60107526881720441 0.62715832601697408 0.58102025506376598 0.74862637362637374 0.89932432432432441 0.92422502870264067 0.87301587301587313 0.24037037037037037 0.080540540540540564 0.40406182188469625 0.66583333333333361 0.74037037037037046 0.059714795008912663 0.64583333333333337 0.40803154743279729 0.95040983606557383 0.64583333333333337 0.92907444668008055 0.89512961508248245 0.072299651567944254 0.82426470588235301 0.10300618921308578 0.68182276075382453 0.73214285714285732 0.74924242424242438 0.1856158484065461 0.13680926916221037 0.86607142857142871 0.042572463768115944 0.2561121049493143
decision_type=2 2 2 2 2 2 2 2 2 2 2 2 2 2 2 2 2 2 2 2 2 2 2 2 2 2 2 2 2 2 2 2 2 2 2 2 2 2 2 2 2 2 2 2 2 2 2 2 2 2 2 2 2 2 2 2 2 2 2 2 2 2
left_child=2 6 9 8 11 7 14 -5 20 23 12 18 13 17 -2 -10 -16 26 -3 24 61 39 30 31 -9 -19 -11 -20 -18 35 59 41 33 -33 -14 36 -6 -12 -26 40 -22 -1 -43 51 -7 57 -47 48 -37 50 -50 52 60 54 -51 -56 -42 58 -28 -13 -44 -4
right_child=1 4 3 5 29 44 -8 19 15 10 37 22 34 -15 16 -17 28 25 27 -21 21 -23 -24 -25 38 -27 45 -29 -30 -31 -32 32 -34 -35 -36 47 -38 -39 -40 -41 56 42 43 -45 -46 46 -48 -49 49 53 -52 -53 -54 -55 55 -57 -58 -59 -60 -61 -62 -63
leaf_value=-2.0978565771611555 -2.0833796866464946 -2.0489640598765346 -2.0981292409764776 -2.0913007436014857 -1.8031381543768206 -1.6064774299770492 -1.656645982119848 -1.8268730693905861 -1.9888732829766047 -1.9576572949766411 -1.6064774299770492 -1.6767134029769675 -2.0973206031294391 -1.7048077921769349 -1.8031381543768206 -1.7048077921769351 -2.0653524535765158 -1.8523033354767635 -1.7746741021610644 -1.7199355402076866 -2.0981292409764776 -1.8126539958800354 -1.6064774299770495 -1.9846711307458402 -1.9997988787765919 -2.0029708259443302 -2.0861377333911255 -1.9014685165767062 -1.9271199154114591 -1.6081539919923926 -1.8228042268167979 -2.0940603984026893 -1.7785555638268491 -1.9972775874381334 -2.0133616873558866 -1.6152569266020391 -1.6167201760395373 -1.7140262636331742 -1.9057437497158318 -2.0981292409764776 -2.0603098708995984 -2.0966789406490456 -2.0981292409764776 -1.9640423834311789 -1.679314735310298 -2.0981292409764776 -1.9927752814766002 -1.6064774299770492 -1.6540566374931229 -1.6884193984769544 -1.7703613669768588 -2.0914702999697132 -2.0161872724765728 -1.6157103278361935 -1.6064774299770495 -1.6643188195063938 -2.0044812769765867 -2.0981292409764776 -2.0243814693265634 -1.7347344241508134 -2.0520368836952811 -2.0697647134188184
leaf_weight=3850.8960442095995 10.169798880815511 2.033959776163103 22.983745470643047 7.3222551941871687 3.0509396642446509 3.9662215635180464 4.983201451599597 2.9492416754364967 2.7458456978201857 2.1356577649712589 2.7458456978201857 2.1356577649712545 123.66475439071655 2.0339597761631003 3.5594296082854253 2.0339597761631012 3.0509396642446518 2.2373557537794104 3.8645235747098923 2.6441477090120316 2.9492416754365021 3.152637653052806 3.5594296082854271 2.6441477090120307 2.5424497202038765 3.1526376530528069 4.1696175411343637 3.0509396642446518 2.3390537425875664 357.87522261589766 2.5424497202038765 73.731041885912418 2.0339597761631003 3.9662215635180464 2.9492416754364958 62.645961105823517 9.763006925582884 3.2543356418609619 2.3390537425875664 7.1188592165708533 2.6441477090120316 103.4268546178937 3.8645235747098905 3.3560336306691161 2.7458456978201866 2.8475436866283408 2.8475436866283417 31.526376530528069 3.152637653052806 2.4407517313957232 3.0509396642446518 45.052209042012691 2.4407517313957214 21.661671616137028 4.1696175411343575 3.457731619477272 4.2713155299425125 14.339416421949862 2.0339597761631012 2.3390537425875664 3.2543356418609619 5.2882954180240622
leaf_count=37866 100 20 226 72 30 39 49 29 27 21 27 21 1216 20 35 20 30 22 38 26 29 31 35 26 25 31 41 30 23 3519 25 725 20 39 29 616 96 32 23 70 26 1017 38 33 27 28 28 310 31 24 30 443 24 213 41 34 42 141 20 23 32 52
internal_value=-2.04251 -1.63301 -2.09406 -1.9913 -1.61902 -1.8676 -1.93632 -1.95485 -2.04831 -2.09594 -2.06606 -1.78316 -2.08089 -2.02969 -2.00921 -1.86799 -1.92493 -2.04926 -1.88024 -1.85946 -2.06611 -2.0286 -1.70103 -2.09716 -1.90658 -1.94043 -2.06993 -1.83061 -2.00536 -1.61264 -1.74899 -2.09724 -2.0812 -2.08912 -2.09536 -1.62373 -1.66111 -1.66481 -1.95473 -2.06869 -2.04744 -2.09756 -2.09038 -2.07915 -1.63627 -2.07907 -2.04545 -1.6201 -1.62437 -1.63943 -1.71126 -2.08623 -2.06152 -1.62539 -1.64621 -1.6327 -2.02583 -2.08839 -2.06589 -1.70704 -2.07706 -2.09282
internal_weight=4887.2 546.423 4340.78 77.6973 522.321 24.5092 24.1024 17.7971 53.188 4263.08 168.412 19.526 162.412 35.7977 19.1192 4.77981 8.94942 33.7637 8.94942 10.4749 48.4082 20.1362 10.5766 4094.67 7.83075 5.38999 28.3737 6.91546 5.38999 502.795 7.01716 4092.02 79.7312 77.6973 126.614 144.92 12.8139 6.00018 4.8815 16.9836 9.8647 4012.29 161.395 57.9679 6.71207 26.2381 5.69509 132.106 100.579 37.9333 6.20358 54.6118 9.55961 31.7298 10.0681 7.62735 6.91546 20.543 6.20358 4.47471 7.11886 28.272
internal_count=48056 5373 42683 764 5136 241 237 175 523 41919 1656 192 1597 352 188 47 88 332 88 103 476 198 104 40263 77 53 279 68 53 4944 69 40237 784 764 1245 1425 126 59 48 167 97 39453 1587 570 66 258 56 1299 989 373 61 537 94 312 99 75 68 202 61 44 70 278
is_linear=0
shrinkage=1


Tree=1
num_leaves=63
num_cat=0
split_feature=12 1 12 1 3 6 3 10 1 3 3 3 9 12 0 1 7 2 3 1 9 3 2 3 2 3 2 12 9 1 12 1 2 9 6 12 9 3 12 1 5 9 0 1 12 5 0 1 1 7 5 2 5 9 9 1 9 3 3 12 2 0
split_gain=28525 421.164 312.702 164.574 119.231 108.855 83.057 70.9656 62.355 292.346 53.0788 47.7889 69.9353 31.0298 26.7653 22.1889 21.7371 18.4416 51.9093 17.8917 15.011 12.6301 10.2295 10.1425 12.0115 8.48356 74.2978 8.14279 6.92585 6.61289 6.16579 7.76327 5.56551 5.5578 4.31438 3.96287 3.96267 7.538 3.54396 4.60221 17.8689 3.82473 7.55075 3.04683 2.92054 2.66055 3.09206 2.36457 2.33879 2.15974 4.18024 2.11612 1.9522 2.74273 3.7086 1.85334 1.72188 1.61188 1.50969 1.38966 1.38107 1.32199
threshold=0.53841480580355372 0.48873015873015879 0.47246239849638577 0.85566901408450702 0.9457002457002458 0.17914438502673799 0.58102025506376598 0.86956521739130443 0.85566901408450702 0.62316372152437738 0.9457002457002458 1.0000000180025095e-35 0.04083333333333334 0.564035962815011 0.31139971139971151 0.91503452605147528 0.87301587301587313 0.4503521126760564 0.70859704641350219 0.90889328063241115 0.15075757575757578 0.95587280986372503 0.99333333333333351 0.82426470588235301 0.30471628592483424 0.84660633484162906 0.48683298683298687 0.65576731082107542 0.12372448979591838 0.95040983606557383 0.62790203878499784 0.65432190760059628 0.20601237842617157 0.31072796934865904 0.21825396825396828 0.50040120607370453 0.24780701754385967 0.84273937856689929 0.40406182188469625 0.66583333333333361 0.11805555555555557 0.19098277608915909 0.85934065934065951 0.751623062015504 0.3839009302154201 0.64583333333333337 0.92422502870264067 0.72687165775401075 0.27719031531531541 0.64583333333333337 0.78888888888888908 0.73765182186234834 0.44949494949494956 0.098780487804878067 0.19478319783197837 0.99333333333333351 0.059714795008912663 0.9099909990999101 0.55291153415453542 0.85051083766261704 0.87226107226107241 0.20761494252873564
decision_type=2 2 2 2 2 2 2 2 2 2 2 2 2 2 2 2 2 2 2 2 2 2 2 2 2 2 2 2 2 2 2 2 2 2 2 2 2 2 2 2 2 2 2 2 2 2 2 2 2 2 2 2 2 2 2 2 2 2 2 2 2 2
left_child=2 4 8 10 23 7 13 -5 21 11 17 12 29 56 32 -15 44 48 52 -9 35 25 -11 -2 -25 38 47 28 55 -10 31 -8 -6 -18 -13 -21 49 -38 -1 -40 -41 42 51 -20 -14 46 -46 61 -4 -33 -51 -42 58 -54 -55 -17 -3 -50 -19 -32 -53 -27
right_child=1 6 3 5 14 -7 30 19 9 22 -12 34 16 15 -16 27 33 18 43 20 -22 -23 -24 24 -26 26 -28 -29 -30 -31 59 36 -34 -35 -36 -37 37 -39 39 40 41 -43 -44 -45 45 -47 -48 -49 57 50 -52 60 53 54 -56 -57 -58 -59 -60 -61 -62 -63
leaf_value=-0.055851140025801382 -0.040189525632740364 0.12846285449604336 -0.0052473134841581302 -0.049266134368721515 0.21701498892190721 0.28726442069021368 0.19629344888516626 0.04357325298289149 0.12800432535471304 0.30345910211435434 0.16108531608591217 -0.055723703076874131 -0.049542133564691199 0.12150933359779995 0.070854292751100056 0.28755051907352519 0.12587420730860122 -0.056301824930907934 0.12305856656295602 0.27486985847610129 0.09815855725299194 0.051752705317676721 0.19197229526748977 0.11531539719573801 -0.036006256043685146 -0.029209308405408849 0.16302787189259865 0.30230723432393469 0.1544933033169987 0.24415182975401561 0.29459528442641369 0.29834469594202045 0.30512534469639724 0.022803093672592183 0.018088805637166003 0.19245460575887469 0.19206925257578944 0.29388758442204693 -0.054629628870943185 0.10344174392659296 -0.0045643582212752543 -0.053163806418363414 0.050440738366256323 0.20537388617513855 0.017190989507227281 0.016120912112986 -0.056169933275628608 -0.0076231161836543288 -0.056211724132813112 0.22867663592266563 0.30045491253909684 -0.05229787954584162 -0.05626115701563722 0.049324574684173464 -0.035334819798281104 0.23100508184665422 0.07208857410701304 -0.011730228419321706 -0.0065275787118801876 0.29927589344657485 -0.0084207334349506984 -0.054607632102089382
leaf_weight=3686.5454558283091 9.3540061265230197 2.4104922786355045 2.943726725876334 7.1149666160345122 3.2589056044816953 8.9350435584783536 2.7488662153482428 2.9754237681627282 2.429110385477542 5.2332728952169401 4.335801698267459 118.70967717468739 15.013392336666589 3.6215034052729633 2.3367781341075897 2.5964724570512754 2.7259415537118903 6.3504127189517039 2.2165752723813048 2.8497106581926328 3.2159295752644539 2.7618207186460486 3.390593633055687 2.8814176619052878 2.4067636802792549 5.5658647790551177 4.3054214119911185 6.3542041108012191 2.3540487736463547 2.4732705354690552 281.21350244432688 24.00530719012022 3.9822197034955025 2.5141487717628479 2.0132707804441443 2.9879366979002953 3.1813477948307982 4.2411447986960411 99.103887386620045 2.1853739321231833 3.8668088614940705 32.665206357836723 2.8082905039191237 2.2809702903032303 2.0341129153966886 4.1240677535533905 4.8876626491546631 3.051131233572959 23.262450918555263 3.642306409776209 4.5777765214443207 12.707815632224081 2.1735128536820403 2.8279756531119347 2.3842019140720367 3.2792897671461105 3.0919301807880402 2.2320615574717513 2.0042122602462769 363.63545721769333 2.0880838781595221 64.446855336427689
leaf_count=37866 95 20 30 72 25 66 23 27 22 39 37 1218 153 31 21 20 24 64 20 23 29 26 27 24 23 57 38 47 20 19 2034 174 31 24 20 24 24 31 1017 21 39 332 28 20 20 40 50 29 237 27 33 129 22 27 24 26 28 22 20 2616 21 660
internal_value=-0.00129524 0.285861 -0.0519364 0.0452898 0.0808237 0.143162 0.292846 0.0759056 -0.0538652 -0.0238068 -0.00655062 -0.039383 0.011004 0.200834 0.217989 0.232281 -0.0164996 -0.0214827 0.0149995 0.149943 0.184901 -0.0551339 0.259627 -0.0089003 0.0464457 -0.0552092 -0.0388167 0.259788 0.22696 0.186601 0.29602 0.27755 0.265471 0.0764216 -0.0544927 0.232687 0.283184 0.250247 -0.0555393 -0.0481435 -0.0367305 -0.042389 -0.0259966 0.164806 -0.0351846 -0.0156699 -0.0346112 -0.0507108 -0.047445 0.29077 0.26865 -0.0374986 -0.0278053 -0.00907715 0.0105989 0.255992 0.0967849 -0.0523173 -0.0443614 0.297235 -0.0461057 -0.0525885
internal_weight=4903.92 735.174 4168.74 81.0909 24.2201 28.079 710.954 19.144 4087.65 165.549 53.0119 156.925 36.2017 23.7079 9.5779 18.2055 31.2993 48.6761 20.2379 12.029 9.05358 3922.1 8.62387 14.6422 5.28818 3919.34 77.3693 14.584 8.22981 4.90238 687.246 42.3967 7.24113 5.24009 120.723 5.83765 39.6479 7.42249 3841.97 155.425 56.3216 54.1362 21.471 4.49755 26.0592 11.0458 6.92178 73.0639 28.4382 32.2254 8.22008 18.6627 15.7403 7.38569 5.21218 5.87576 5.50242 25.4945 8.35462 644.849 14.7959 70.0127
internal_count=48056 5373 42683 764 219 241 5154 175 41919 1656 523 1590 352 192 77 144 311 486 197 103 76 40263 66 142 47 40237 784 113 66 41 4962 312 56 48 1238 47 289 55 39453 1587 570 549 217 40 263 110 70 746 289 234 60 189 157 73 51 46 48 259 84 4650 150 717
is_linear=0
shrinkage=0.05


Tree=2
num_leaves=63
num_cat=0
split_feature=12 12 1 1 6 12 3 4 3 4 1 1 1 3 3 1 4 1 1 4 1 9 9 7 12 9 4 2 1 6 9 3 2 5 1 5 1 4 0 3 10 7 12 1 12 12 5 3 12 9 0 9 12 2 1 9 3 0 7 3 6 4
split_gain=22176.2 295.581 249.264 191.33 117.296 91.5638 76.6652 51.9735 46.6463 41.946 41.3662 36.2246 25.3071 117.725 26.7787 45.4871 24.238 23.5932 22.0355 67.4221 20.9475 15.5668 14.0836 13.975 12.5466 11.1124 9.22738 8.96205 9.95578 8.24343 7.35882 5.26473 45.175 4.20687 4.07632 3.69882 3.68314 3.2441 5.40312 2.38774 2.21128 1.98525 1.96371 2.28929 1.95944 1.98581 1.85731 4.05431 3.2579 3.69149 1.71275 1.58921 1.55191 1.55002 1.52033 1.45022 1.31352 1.26689 8.54921 4.16848 1.22047 1.97393
threshold=0.53841480580355372 0.44506849620047589 0.49937500000000012 0.85566901408450702 0.13809523809523813 0.65576731082107542 1.0000000180025095e-35 0.8938673341677098 0.58102025506376598 0.91818306010928963 0.49937500000000012 0.58203812316715553 0.85566901408450702 0.62316372152437738 1.0000000180025095e-35 0.95040983606557383 0.89638906961613551 0.90889328063241115 0.51443452380952392 0.77413381123058556 0.89932432432432441 0.42724867724867727 0.17902930402930406 0.87301587301587313 0.564035962815011 0.15075757575757578 0.94957627118644072 0.94494949494949509 0.88912529550827435 0.36931818181818188 0.2022727272727273 0.84273937856689929 0.51668520578420474 0.5634920634920636 0.96922348484848497 0.44949494949494956 0.72687165775401075 0.67430607651912988 0.96922348484848497 0.55087252292221245 0.17274535809018571 0.5634920634920636 0.42618899527413706 0.37415246212121217 0.65576731082107542 0.5942586191961361 0.44949494949494956 0.61620294599018022 0.41240109490907895 0.059714795008912663 0.85053191489361712 0.043961352657004842 0.77970710046493774 0.99333333333333351 0.76028169014084523 0.23166368515205729 0.82426470588235301 0.93127066603684472 0.73214285714285732 0.76028169014084523 0.5634920634920636 0.83883535819019694
decision_type=2 2 2 2 2 2 2 2 2 2 2 2 2 2 2 2 2 2 2 2 2 2 2 2 2 2 2 2 2 2 2 2 2 2 2 2 2 2 2 2 2 2 2 2 2 2 2 2 2 2 2 2 2 2 2 2 2 2 2 2 2 2
left_child=1 9 5 7 6 16 17 18 20 12 -11 21 31 14 15 23 40 33 -3 29 -4 -9 -21 27 -22 34 -7 28 -14 35 44 46 36 -5 -19 53 42 38 -10 -16 56 54 -33 -44 45 -26 -1 48 -48 -50 -43 -6 57 -20 -37 -27 -2 58 59 -39 61 -61
right_child=2 3 8 4 51 26 -8 11 37 10 -12 -13 13 -15 39 -17 -18 25 19 22 24 -23 -24 -25 30 55 -28 -29 -30 -31 -32 32 -34 -35 -36 41 -38 52 -40 -41 -42 50 43 -45 -46 -47 47 -49 49 -51 -52 -53 -54 -55 -56 -57 -58 -59 -60 60 -62 -63
leaf_value=-0.055521334088488632 -0.049509590422179339 -0.052801045169269957 0.058119916733196789 -0.010660903849997488 0.24542727513177406 0.1425023905989227 -0.051466037831316029 -0.057424593356254432 0.15166159116546404 -0.040407793497432246 0.22969058721149083 0.25216727392170607 -0.02803645039476187 0.18585019681143175 -0.055809362984987267 0.22166408050364167 0.11545053292009927 0.21374237412311436 -0.055935917420558048 0.23130574967010845 0.11099384497292515 0.12177853956629581 0.076598139828882389 0.069237266575513032 0.23318354723230339 0.11698777727530284 0.2419112276365333 -0.048306240379922705 0.10947756030487343 0.06819370852305387 0.12938477393593439 -0.054293994807612878 0.15501170539389536 0.078965802152102513 0.14276207885290465 0.041064282274205798 0.00052337656412903806 0.17276987283500833 0.23158870973105908 -0.014215613709017786 0.019137338166042038 -0.056351017672947014 0.020123319251425086 -0.055923094698292312 0.23509323395111736 0.18208046382461873 -0.052722433042939013 0.023953834315553819 0.035927963716212027 -0.039853770501442343 -0.0051393444248725466 0.21111408201314222 0.23430682052710325 -0.011841823219944064 -0.013178281293472958 0.063376581227275838 -0.011619866402652135 0.23262160488645242 0.16576058012627953 0.23731822415115666 0.23573681824641299 0.21340578505834129
leaf_weight=3527.8538277745247 7.6709005087614113 48.725634962320328 3.8605993986129787 3.2287117689848008 7.1341252848505956 4.1940934658050519 11.22766864299774 2.6526966691017142 3.2840922325849515 3.1493097841739646 2.5779306292533875 2.7182993292808533 3.5169082209467986 5.8499276265501967 107.61629264801741 2.119229093194007 3.7202111259102812 4.9255522489547712 16.392430342733867 2.9282842725515357 4.7095209360122707 2.2311044558882713 2.9561056047677994 3.9353730827569953 2.8925459682941455 2.5661753937602034 5.2644909471273422 19.325780458748341 2.1033902317285538 1.9984402656555165 2.911614164710044 63.901643306016922 2.8035359010100356 2.2022936195135117 3.4321274757385254 2.0559009537100774 3.4856534078717223 3.1988476514816275 5.9368692338466644 3.564696177840232 1.9863451272249211 3.6767041236162186 1.9739035069942468 1.9847338795661924 7.2105458080768576 5.5456415265798569 97.034698165953159 1.8791223466396321 2.1694367751479131 6.1983520016074181 2.9367407113313675 6.4030460044741631 587.81748458743095 2.2688950300216666 3.4757796227931976 2.4809712097048759 3.2592163383960724 132.79901278018951 5.7119458466768256 15.142257302999495 52.171599760651588 20.067872703075409
leaf_count=37854 80 518 32 30 44 31 119 24 22 32 18 19 35 38 1154 14 29 35 173 23 37 20 24 34 20 21 34 201 20 19 22 681 22 20 23 21 33 21 36 36 20 37 21 21 44 37 1040 20 22 65 30 41 3513 24 35 22 29 800 37 92 315 122
internal_value=-0.00151142 -0.0514712 0.225839 0.0202659 0.106983 0.0736175 0.0519522 -0.0195264 0.230495 -0.0540454 0.0811682 0.10587 -0.0542462 -0.0339732 -0.0430177 -0.00192421 0.00299693 0.113598 -0.0304316 -0.00225931 0.165984 0.0244422 0.153586 -0.0183304 0.183879 0.149217 0.197832 -0.0321447 0.023428 -0.0302142 0.202373 -0.0550552 -0.041866 0.0256831 0.184594 -0.036598 -0.0496023 0.232613 0.203122 -0.0544758 -0.0293921 -0.0151221 -0.052177 -0.0180039 0.215953 0.199598 -0.0553242 -0.0488432 -0.050141 -0.0202066 -0.0336102 0.229197 0.232946 -0.0505748 0.00698148 0.0906347 -0.0382114 0.229455 0.225089 0.22883 0.230882 0.223689
internal_weight=4881.02 4001.66 879.356 138.618 43.6007 26.0953 30.0635 95.017 853.26 3863.04 5.72724 7.6021 3857.32 148.032 142.182 31.0007 16.6367 18.8358 87.4149 38.6893 27.1305 4.8838 5.88439 28.8815 23.2699 13.4048 9.45858 24.9461 5.6203 32.8049 18.5603 3709.28 74.1495 5.43101 8.35768 30.8065 71.3459 826.13 9.22096 111.181 12.9165 12.1451 67.8603 3.95864 15.6487 8.43819 3635.14 107.282 105.402 8.36779 6.61344 13.5372 816.909 18.6613 5.53168 5.04715 10.9301 229.092 96.2925 90.5806 87.3817 35.2101
internal_count=48056 42683 5373 1322 355 223 270 967 5150 41361 50 63 41311 1532 1494 304 158 151 904 386 192 44 47 290 160 101 65 256 55 339 123 39779 778 50 58 320 756 4958 58 1190 129 123 723 42 101 57 39001 1147 1127 87 67 85 4900 197 56 43 109 1387 587 550 529 214
is_linear=0
shrinkage=0.05


Tree=3
num_leaves=63
num_cat=0
split_feature=12 12 1 1 6 4 3 4 4 1 3 1 3 3 9 1 1 9 0 5 7 12 9 1 3 1 10 3 2 1 9 3 9 1 2 7 4 12 9 7 12 2 9 1 3 12 1 9 9 1 5 3 12 9 12 1 9 1 12 7 2 7
split_gain=18228.4 283.8 169.848 161.265 84.5583 73.7596 64.07 52.0739 45.8185 83.9599 31.686 29.2233 120.073 26.0535 36.8342 18.8723 17.5797 16.0034 15.3242 13.8027 12.9898 10.7499 8.17584 7.5038 14.9961 6.44595 5.86941 5.57522 43.9651 5.12002 4.82113 4.41387 3.89142 3.3093 3.27375 3.21427 3.19529 6.35445 3.17077 2.956 2.79705 2.59037 2.39438 4.45871 2.38636 2.24463 2.43427 2.06329 1.94664 3.82561 1.90865 3.89131 3.24839 3.39883 1.61407 2.69417 1.61306 1.41939 1.41721 1.085 3.05355 1.07785
threshold=0.53841480580355372 0.44506849620047589 0.48873015873015879 0.85566901408450702 0.13809523809523813 0.89638906961613551 1.0000000180025095e-35 0.95024752475247531 0.8085106382978724 0.59417229729729737 0.60922587486744451 0.85566901408450702 0.62316372152437738 1.0000000180025095e-35 0.039230769230769243 0.85995058400718782 0.90889328063241115 0.3465463108320252 0.21778656126482213 0.11805555555555557 0.87301587301587313 0.564035962815011 0.069366479550922219 0.66583333333333361 0.68671792552389588 0.90064102564102566 0.19859154929577469 0.84273937856689929 0.51668520578420474 0.96922348484848497 0.2022727272727273 0.89009661835748799 0.38379705400982006 0.72687165775401075 0.9418526031102098 0.73214285714285732 0.97014260249554385 0.72553614411503753 0.57735042735042741 0.87301587301587313 0.68182276075382453 0.90521114106019773 0.19098277608915909 0.74924242424242438 0.55087252292221245 0.62790203878499784 0.65432190760059628 0.098780487804878067 0.24780701754385967 0.85270009643201561 0.44949494949494956 0.61620294599018022 0.41240109490907895 0.16823899371069184 0.42618899527413706 0.34556677890011228 0.68469785575048747 0.95040983606557383 0.42618899527413706 0.87301587301587313 0.95311355311355328 0.64583333333333337
decision_type=2 2 2 2 2 2 2 2 2 2 2 2 2 2 2 2 2 2 2 2 2 2 2 2 2 2 2 2 2 2 2 2 2 2 2 2 2 2 2 2 2 2 2 2 2 2 2 2 2 2 2 2 2 2 2 2 2 2 2 2 2 2
left_child=1 7 5 8 6 26 16 11 23 18 15 27 13 14 -13 -4 32 -7 -10 -11 34 -17 29 -3 42 -14 31 50 33 -18 35 56 -5 54 41 -23 37 -19 -20 -24 57 -16 43 -25 -15 46 -12 -45 61 -50 -1 52 -52 58 -29 -56 -2 -37 -54 60 -6 -48
right_child=2 3 10 4 59 17 -8 -9 9 19 45 12 25 44 20 21 22 36 38 -21 -22 30 39 24 -26 -27 -28 28 -30 -31 -32 -33 -34 -35 -36 40 -38 -39 -40 -41 -42 -43 -44 47 -46 -47 48 -49 49 -51 51 -53 53 -55 55 -57 -58 -59 -60 -61 -62 -63
leaf_value=-0.055195004349561538 -0.055922942020470184 -0.053133612274594101 0.01617694541875658 -0.019946081389242417 0.20216049074163514 0.044444850631007379 -0.050983842376487024 0.21556840362636592 0.098379495212635795 0.25278731002244809 0.14368971000163838 0.132343042514562 0.11855233726458875 -0.055494026894863595 -0.035123413488020137 0.09087072819554437 0.20685915385649914 0.1043725524270761 -0.052012978297967749 0.11624609009403951 0.062300345829201922 0.21633555553807593 0.049865065928426572 -0.055799533936908091 0.072476934077293928 0.21167296907344912 0.059774589465730013 -0.053987517867158302 0.13800419671813599 0.12397323245419274 0.11253586309014374 0.033914588635069097 0.063968158710038345 -0.003647960639469653 -0.047595861534520834 0.12970860879842791 0.21681330814435806 0.20183367569917032 0.014876866304216968 0.11549495644278585 0.19593734649169384 0.041902258637509349 -0.048280916985320443 -0.023218968229169874 -0.013658947475298337 0.19500155505234862 0.19643618297900592 0.03144657749024523 0.20796030100009488 0.14349315456511777 -0.052291257718729604 0.022319677443525643 -0.016268337819030927 -0.055631818077323231 0.021745150368915014 -0.055770979356639105 -0.0044437767921519421 0.16828328955063379 0.039488689514475192 0.20827831569124916 0.14413357852242589 0.17824396125680186
leaf_weight=3375.1366686671972 7.4294494837522524 40.939167857170105 2.6783206015825298 2.6451914608478608 6.1410579681396467 2.8401717990636817 10.778553009033201 1.795025773346423 2.2555824741721215 3.4880906492471686 3.3947064056992522 4.3818213939666775 3.8186542987823477 102.93473733961582 2.3629532828927102 5.3091307207942036 3.7071712836623174 3.0230476930737478 11.907490462064741 3.9432693645358086 3.7329987585544577 4.4519431889057204 2.7525483816862106 4.5532615333795601 3.8171319961547843 3.6201747059822083 2.1355238407850257 63.376140385866165 3.2727874666452399 3.745667040348053 3.1727005392312995 2.1609417721629134 2.892151415348053 3.7476672604680052 18.37457512319088 4.15387114882469 3.5594183802604675 3.7434923946857452 2.0813527926802626 4.5546912997961044 5.7019338607788095 2.0285843089222908 13.43555375933647 3.050102636218071 3.5254963189363471 878.54691272974014 32.675971165299416 3.9765790477395058 3.6500942260026914 6.2273699790239334 93.044160649180412 1.9149106889963139 2.5103804469108564 3.63926150649786 1.9275507554411877 2.6786727607250214 1.9136463850736616 5.599213644862175 2.0872192084789276 5.6528839170932761 3.5940501317381859 10.843923732638357
leaf_count=37854 79 454 22 23 33 20 119 12 22 22 22 30 22 1154 24 39 23 21 124 27 31 26 22 49 32 21 20 704 23 23 22 18 27 35 199 26 21 21 20 33 30 20 146 32 36 4646 174 39 20 35 1040 20 26 40 20 29 19 33 21 31 21 59
internal_value=-0.00164262 -0.0510282 0.189285 0.0188738 0.0950008 0.0651355 0.0475363 -0.0536715 -0.0189781 0.0411246 0.192729 -0.0538022 -0.0317826 -0.0423798 -0.0019454 0.143051 0.0998535 0.149554 -0.0225602 0.180335 -0.024151 0.155021 0.128355 -0.0393728 -0.019834 0.16387 -0.0163527 -0.0546994 -0.0412119 0.165202 0.169778 -0.0304843 0.0238823 -0.0493889 -0.0383265 0.178901 0.178464 0.158292 -0.0420607 0.090773 0.168118 0.000457079 -0.0339198 -0.0172575 -0.0541086 0.194379 0.184745 0.00771766 0.187355 0.167316 -0.0549902 -0.048292 -0.049627 -0.0195313 -0.0519105 -0.0233331 -0.045379 0.151854 0.00904425 0.190855 0.180738 0.191903
internal_weight=4833.03 3839.82 993.212 139.912 46.464 26.8057 31.076 3699.91 93.4476 23.6758 966.406 3698.12 144.78 137.341 30.8809 31.0671 20.2974 13.1661 16.2444 7.43136 26.4991 28.3888 14.7601 69.7718 28.8326 7.43883 13.6396 3553.34 75.0028 7.45284 23.0797 11.504 5.53734 71.73 22.7661 19.907 10.326 6.76654 13.9888 7.30724 15.455 4.39154 25.0155 11.5799 106.46 935.339 56.7921 7.02668 53.3974 9.87746 3478.33 103.196 101.281 8.23686 67.9824 4.60622 9.3431 9.75308 4.5976 15.388 9.73511 43.5199
internal_count=48056 42683 5373 1322 355 219 270 41361 967 215 5154 41349 1537 1494 304 198 151 83 166 49 274 176 101 752 298 43 136 39812 811 46 137 116 50 788 243 115 63 42 144 55 89 44 266 120 1190 4956 310 71 288 55 39001 1147 1127 87 753 49 98 59 47 85 54 233
is_linear=0
shrinkage=0.05


Tree=4
num_leaves=63
num_cat=0
split_feature=3 1 1 3 3 3 5 3 2 9 1 3 10 3 0 6 5 3 9 2 7 0 0 5 1 1 1 9 3 3 2 10 7 9 9 2 2 4 9 3 0 5 9 3 2 1 5 4 5 1 3 2 9 6 9 1 3 3 6 10 9 5
split_gain=12170.9 1616.55 1207.32 429.147 305.545 128.886 99.5087 140.986 63.3526 39.7776 36.0054 82.7486 31.9867 22.6364 15.5161 13.1417 11.5692 77.6483 11.1959 11.1157 10.593 10.4539 9.76167 9.03832 9.03671 8.55879 7.25459 5.88527 5.60304 5.58796 5.53631 5.25346 5.37394 5.1746 4.96703 4.86714 4.73794 4.04928 3.48472 3.03378 8.65252 8.61146 9.78376 2.89477 37.8962 3.95686 20.8992 3.58915 2.62119 4.78292 2.60331 2.53927 2.49209 1.99964 1.72442 2.4384 1.51346 1.69318 1.45357 9.39823 1.22387 0.910336
threshold=0.82426470588235301 0.5594117647058825 0.90064102564102566 0.55775829203202454 1.0000000180025095e-35 0.95311355311355328 0.58571428571428574 0.62316372152437738 0.31400560224089641 0.23606811145510839 0.85566901408450702 0.62563131313131326 0.1181455633100698 1.0000000180025095e-35 0.21164613661814111 0.59166666666666679 0.44949494949494956 0.68671792552389588 0.11834733893557424 0.40862708719851581 0.87301587301587313 0.38507877664504175 0.30245854774156661 0.64583333333333337 0.89932432432432441 0.48873015873015879 0.93361581920903958 0.42724867724867727 0.75123762376237635 0.50926243567753005 0.97014260249554385 0.36201048411964237 0.87301587301587313 0.059714795008912663 0.17712418300653598 0.37884436160298235 0.90521114106019773 0.61882613510520501 0.29217479674796754 0.87112743532417769 0.86706827309236967 0.10555555555555557 0.13840996168582378 0.76239567992145318 0.59870129870129885 0.59417229729729737 0.095454545454545472 0.77413381123058556 0.78888888888888908 0.99333333333333351 0.89512961508248245 0.20761494252873564 0.42724867724867727 0.13809523809523813 0.1856158484065461 0.81302966101694929 1.0000000180025095e-35 0.60922587486744451 0.5634920634920636 0.18441295546558709 0.34549071618037142 0.087121212121212141
decision_type=2 2 2 2 2 2 2 2 2 2 2 2 2 2 2 2 2 2 2 2 2 2 2 2 2 2 2 2 2 2 2 2 2 2 2 2 2 2 2 2 2 2 2 2 2 2 2 2 2 2 2 2 2 2 2 2 2 2 2 2 2 2
left_child=2 5 6 4 9 14 10 13 -3 18 16 31 27 24 15 50 43 56 26 21 -20 -10 -14 -11 33 58 -4 -7 -13 -6 -28 -12 36 -8 -22 -27 -33 -5 -25 40 41 -21 -43 -1 45 -45 -47 -46 -32 -50 51 -2 -26 -15 55 -35 -18 -58 -16 -60 -42 -41
right_child=1 8 3 37 29 12 7 -9 19 23 11 28 22 53 25 -17 17 -19 20 39 34 -23 -24 38 52 35 30 -29 -30 -31 48 32 -34 54 -36 -37 -38 -39 -40 61 60 42 -44 44 47 46 -48 -49 49 -51 -52 -53 -54 -55 -56 -57 57 -59 59 -61 -62 -63
leaf_value=-0.054771146483765458 -0.045252312064895432 -0.032787699630130049 0.076631958620753116 0.11137173115300927 -0.055341773371566184 0.109569282437827 0.051972819593578856 0.17086080945889759 0.16303375383649682 -0.056574619383341941 -0.053342060018217209 0.094561397407606496 0.069861164011546711 -0.055347505718672675 -0.0533402973574328 0.12733682122375908 -0.040031942778723628 0.17468170188243923 0.023651090281503775 0.18658650571417529 0.088171086588334724 0.028623300156865511 -0.057566032888864055 0.0148099650991236 0.041858063592675791 -0.036722601530674435 0.19869670637895187 0.1839553044361438 0.1797561391078146 0.019321093549130194 0.10426760001696625 0.031192840639430619 0.054174783666807697 -0.038731453833034696 0.16603030058963952 0.056731366519126469 -0.039351575255473559 0.16966650904498451 0.091188273583124493 0.17557444971812641 0.16843445158288714 0.15090621025242179 0.062032542781783079 -0.054081440282640704 0.044225739483344823 0.13108230610291227 -0.055423144603676769 0.12425132198280751 0.19825404911893738 0.13590008162869757 0.037199141954463139 0.022805866792951907 0.1104091421626664 -0.0011515691744256474 -0.044525296716714374 0.022112180840867929 -0.055302249884997705 -0.0077952745118194293 -0.050110554547097098 0.06297371149322939 0.14743058636740361 0.16896452483594324
leaf_weight=3076.2200500145555 4.8750991746783239 3.9454643651843062 3.5306513383984592 3.1045576930046073 66.73002951592207 4.2935659810900706 3.203150779008868 11.262502431869505 3.0349367707967749 3.098943740129469 25.283680304884911 3.7175087481737128 3.3949274495244017 28.467374309897426 76.443116769194603 2.127630539238452 45.315256841480732 4.1584135368466368 4.2410424649715397 4.537399239838126 4.9297544658184052 2.7641744837164879 2.696812778711319 3.3959000334143639 3.0152063965797415 2.6010539382696143 5.292635269463065 6.9847187548875809 4.013485312461853 2.6038006320595732 3.8544122353196171 2.8262730240821883 2.2250734344124785 2.9032647758722288 3.5046691745519638 3.0002631396055222 15.078701741993427 73.609236419200897 2.6655783578753471 55.762488655745983 81.643091663718224 6.138504356145857 6.2493062987923622 177.30387252569199 3.3114161118865004 1.8286431729793537 8.4103492200374586 2.428771510720253 3.9531639665365228 13.851108625531197 2.1341949850320816 1.9065015763044355 2.3662186115980148 1.8102247864007939 4.3913444206118584 3.8046842515468597 41.007304728031158 1.9654458463191975 17.045125395059589 2.0592780485749236 7.5793335884809485 790.7641931399703
leaf_count=36036 55 37 21 20 775 26 31 58 18 32 293 20 23 329 885 16 513 26 37 26 30 22 24 28 27 29 30 39 20 27 25 27 19 31 23 26 163 362 23 274 397 32 37 2076 28 16 96 21 21 76 22 21 20 19 48 38 475 18 185 19 37 3828
internal_value=-0.00172731 0.144837 -0.0452807 0.0746965 0.0162958 -0.0209693 -0.0521269 0.0110534 0.167158 0.107517 -0.0532595 -0.0124259 0.105771 -0.024971 -0.0405918 0.0156823 -0.053905 -0.0364619 0.127603 0.167981 0.088111 0.0989664 0.0134492 0.012886 0.0167699 -0.0467358 0.144025 0.155637 0.13879 -0.0525378 0.152854 -0.038168 -0.0191092 -0.00401099 0.120523 0.0133346 -0.0282162 0.167307 0.0483979 0.168401 0.160433 0.127657 0.106072 -0.0543982 -0.0484628 -0.0523362 -0.022114 0.0780859 0.141652 0.149745 -0.0109626 -0.0261192 0.072 -0.0521073 -0.0201674 -0.00422153 -0.0464069 -0.0531294 -0.0502573 -0.0379211 0.16665 0.1694
internal_weight=4766.66 1091.98 3674.68 198.365 121.652 129.562 3476.32 61.224 962.419 52.3179 3415.09 53.1447 17.37 49.9615 112.192 11.0434 3361.95 92.4464 43.1574 958.473 12.6755 5.79911 6.09174 9.16042 19.6839 101.149 30.482 11.2783 7.73099 69.3338 26.9513 45.4137 20.13 14.3024 8.43442 5.60132 17.905 76.7138 6.06148 952.674 106.148 16.9252 12.3878 3269.5 193.283 187.543 10.239 5.74019 21.6587 17.8043 8.9158 6.7816 5.38143 30.2776 11.0993 6.70795 88.288 42.9728 95.5475 19.1044 89.2224 846.527
internal_count=48056 6078 41978 1530 1148 1370 40448 601 4708 346 39847 542 112 543 1258 114 39305 1032 263 4671 90 40 47 83 195 1144 173 65 40 802 152 502 209 148 53 55 190 382 51 4631 529 95 69 38273 2237 2188 112 49 122 97 98 76 47 348 117 69 1006 493 1089 204 434 4102
is_linear=0
shrinkage=0.05


Tree=5
num_leaves=63
num_cat=0
split_feature=12 12 1 1 3 12 4 0 1 11 4 1 1 3 3 1 12 9 7 9 4 1 4 3 7 2 7 12 3 3 2 9 1 12 12 5 3 5 12 1 4 2 9 9 5 6 1 3 12 5 7 5 12 9 4 3 9 12 12 5 12 0
split_gain=13719 156.17 133.06 89.1972 75.6862 73.0802 41.4157 52.6191 29.1313 32.6098 26.8612 28.1515 20.9708 70.6762 21.6615 22.389 16.2285 13.1306 12.7999 11.1623 8.94155 8.45565 8.38363 7.92368 7.89573 6.97226 5.24761 4.99095 4.5852 4.47284 25.5413 4.29355 4.12096 3.59199 3.37279 3.28765 3.28427 2.87381 4.33515 2.8238 2.50077 12.3171 2.05204 1.91645 1.75522 1.43722 2.19299 1.50947 1.43589 1.59214 4.76436 1.39487 1.33405 1.28747 1.25928 1.19923 1.09061 2.11428 1.57102 1.05261 0.990913 0.97911
threshold=0.51711730126736499 0.44506849620047589 0.47523584905660382 0.74924242424242438 0.669467787114846 0.62790203878499784 0.66314138058324101 0.85053191489361712 0.90889328063241115 1.0000000180025095e-35 0.90947503201024327 0.67890835579514841 0.85566901408450702 0.66369047619047616 1.0000000180025095e-35 0.95040983606557383 0.53841480580355372 0.25245098039215691 0.87301587301587313 0.63003220611916277 0.8938673341677098 0.3404830362277172 0.43654111558366887 0.99473684210526325 0.73214285714285732 0.95861872146118732 0.87301587301587313 0.5942586191961361 0.98437118437118454 0.84273937856689929 0.48683298683298687 0.14434523809523811 0.88410184442662398 0.42618899527413706 0.564035962815011 0.73214285714285732 0.55087252292221245 0.44949494949494956 0.43216994598982794 0.77190241228070178 0.77413381123058556 0.45773809523809533 0.12060606060606062 0.20881782945736438 0.61250000000000016 0.21825396825396828 0.80111111111111122 1.0000000180025095e-35 0.76256394373381442 0.095454545454545472 0.22649572649572652 0.78888888888888908 0.53841480580355372 0.067424242424242428 0.83449741315594983 0.88047619047619063 0.13680926916221037 0.40803154743279729 0.26816316830785253 0.64583333333333337 0.65576731082107542 0.25176056338028174
decision_type=2 2 2 2 2 2 2 2 2 2 2 2 2 2 2 2 2 2 2 2 2 2 2 2 2 2 2 2 2 2 2 2 2 2 2 2 2 2 2 2 2 2 2 2 2 2 2 2 2 2 2 2 2 2 2 2 2 2 2 2 2 2
left_child=1 10 5 20 8 19 7 43 26 22 12 -12 29 14 15 18 35 53 25 28 40 -7 -10 -23 -11 32 39 31 -2 37 33 34 -14 -31 -18 -9 -16 -1 45 -5 -3 61 -41 -4 -44 47 -47 56 49 54 -51 -26 -52 -6 -8 -35 57 58 -39 -29 -61 -42
right_child=2 3 6 4 17 21 48 16 9 24 11 -13 13 -15 36 -17 27 -19 -20 -21 -22 23 -24 -25 51 -27 -28 59 -30 30 -32 -33 -34 55 -36 -37 -38 38 -40 42 41 -43 44 -45 -46 46 -48 -49 -50 50 52 -53 -54 -55 -56 -57 -58 -59 -60 60 -62 -63
leaf_value=-0.054580409192104752 -0.041783583756092736 -0.052325778721905129 -0.0020425525426241847 0.028027883772170012 0.1501351487403482 0.17110699844300215 0.17721339347229628 0.016525845297599342 -0.054991596898701728 0.16577118559530857 -0.043537969106793487 0.15733273393685906 -0.021767994390631307 0.13737923991527737 -0.054931066001044374 0.15770862520630077 0.09686849646562605 0.063457711234014183 0.054446062647429495 0.059710436750572131 0.035099341372443076 0.040119296860761454 0.066015772678551091 0.140625728443423 0.061649371766344524 -0.047040074933465681 0.04573969966301878 0.17195441881105278 0.039174020986047234 -0.052516107998565313 0.075882334594385162 0.075227284367051839 0.067069703601492489 0.027450642146929556 0.15950039252945447 0.084083494542141368 -0.0094937876629090714 0.0052915039384153423 0.015250286082343738 -0.0054981287771258842 -0.021923740848619106 0.086732361434167918 -0.051921704116195233 -0.058847117555810458 0.0013024884157048883 -0.055673961005934074 0.01851396605199054 -0.054959197234677487 0.15128450697850321 0.10160389990436405 0.12095089012176348 0.10391407964657784 0.14718427827119479 0.18250370829742935 0.15244047913436251 -0.029433140845479627 -0.050215560986590441 0.0014579191593835344 -0.04580818787299918 0.13129354525509279 0.15344239079010016 -0.055173805630624045
leaf_weight=3079.6400095671415 13.975233435630798 36.793173611164093 2.6307091712951651 1.7855706512928069 7.1802766174078005 7.3272229507565481 5.8399584442377082 3.2055544182658187 5.5293981805443773 4.0965889990329742 3.9946030601859084 3.0962229520082474 2.8829580843448737 5.7668307870626441 93.62483062595129 1.9854207187890995 3.7442700043320638 4.3828353807330123 5.2521232143044463 4.2280229851603499 3.6909883096814147 3.4837826862931252 1.9313008934259412 4.4863573163747787 4.4312118589878082 17.758952476084232 2.4090241044759741 4.1559437960386303 1.9991624355316169 57.535560809075832 4.3545563966035834 5.1201892197132102 2.3855931535363197 1.8050175085663789 5.0467110127210617 4.1095309630036354 4.1534211263060561 1.658080667257315 2.8179113492369643 3.9451341405510929 2.9496152922511092 2.0192692950367919 13.697518415749071 3.4087606444954872 1.7465165704488743 1.9768645539879792 2.007839173078537 48.741689912974834 821.98745684325695 6.033106952905654 4.9532606676220885 3.4894428700208664 224.27990033477545 5.3693421930074692 42.191488228738308 1.9037737846374509 20.666539199650288 3.4955688044428816 16.20024448633194 8.5317374169826525 12.373396098613737 8.8782698288559896
leaf_count=37754 153 443 22 19 34 40 29 25 67 24 43 17 29 28 1146 10 23 32 39 39 31 28 15 22 29 201 21 22 15 686 30 35 20 20 26 31 39 20 31 41 32 14 154 30 19 22 21 594 3724 29 25 18 1030 28 194 21 248 38 194 45 58 105
internal_value=-0.00116266 -0.0510994 0.145245 0.0063759 0.0484045 0.0498944 0.148169 0.104703 0.0131886 0.0584408 -0.0530414 0.0441726 -0.0532455 -0.0338477 -0.0415594 -0.00459481 0.122814 0.137964 -0.0159896 -0.0125313 -0.0400332 0.132337 -0.0236672 0.0966939 0.109416 -0.0320546 -0.0241853 0.135641 -0.0316519 -0.0540459 -0.0411226 0.111625 0.0184576 -0.0494418 0.132824 0.054479 -0.053001 -0.0543128 -0.0458642 -0.0321406 -0.0455094 -0.0273976 -0.0376816 -0.0341038 -0.0459028 -0.0476819 -0.0182917 -0.0489722 0.150227 0.147157 0.145463 0.0802691 0.146617 0.163984 0.155453 -0.00174859 -0.0420275 -0.0341031 -0.0410638 0.148972 0.144403 -0.046882
internal_weight=4691.14 3498.03 1193.11 114.325 59.9942 35.4998 1157.61 52.3268 43.0617 19.4779 3383.7 7.09083 3376.61 133.81 128.043 30.265 46.2873 16.9325 28.2796 20.2024 54.3313 15.2974 7.4607 7.97014 12.0172 23.0275 23.5838 38.9722 15.9744 3242.8 65.5989 13.9112 5.26855 61.2444 8.79098 7.31509 97.7783 3177.2 97.5647 21.1747 50.6403 13.8472 19.3892 6.03947 15.444 94.7468 3.9847 90.7621 1105.29 283.298 235.266 7.92065 229.233 12.5496 48.0314 3.70879 42.0204 21.3539 17.8583 25.0611 20.9051 11.8279
internal_count=48022 42377 5645 1126 501 297 5348 317 407 153 41251 60 41191 1512 1484 299 265 94 289 207 625 90 82 50 71 250 254 209 168 39679 757 84 49 727 49 56 1185 38922 1168 233 594 151 214 52 173 1137 43 1094 5031 1307 1084 47 1055 62 223 41 500 252 214 125 103 137
is_linear=0
shrinkage=0.05


Tree=6
num_leaves=63
num_cat=0
split_feature=12 12 1 1 3 12 4 0 1 3 1 10 3 1 12 7 9 9 4 10 4 4 2 7 1 3 3 3 1 1 7 1 9 9 9 3 5 12 1 4 2 9 9 12 1 5 3 1 12 9 10 12 3 9 9 5 7 10 0 7 12 4
split_gain=12100.9 151.362 108.383 80.5748 62.6254 60.881 35.4488 44.7472 26.2979 84.6757 25.7146 29.1865 21.1079 19.0497 13.936 11.5396 10.559 10.3999 18.0744 10.2502 10.2423 8.42763 6.60751 6.4933 6.26104 6.50692 6.14001 5.30456 27.6167 42.2616 4.78406 4.76074 4.64013 6.59706 3.41106 3.27682 2.95727 4.23023 2.63846 2.48556 11.0953 2.39168 1.99379 1.8983 2.34875 1.71549 1.65242 1.62262 1.62112 1.40855 1.29424 1.16475 1.1367 1.1631 2.48006 1.12354 2.99003 1.77419 4.53116 4.23156 1.70972 2.2295
threshold=0.51711730126736499 0.44506849620047589 0.47523584905660382 0.74924242424242438 0.669467787114846 0.62790203878499784 0.67115270350564471 0.85053191489361712 0.85566901408450702 0.66369047619047616 0.90889328063241115 0.44948979591836741 1.0000000180025095e-35 0.95040983606557383 0.5942586191961361 0.87301587301587313 0.25245098039215691 0.48749218261413391 0.89638906961613551 0.86956521739130443 0.94957627118644072 0.8938673341677098 0.95861872146118732 0.73214285714285732 0.3404830362277172 0.99473684210526325 0.43353413654618483 0.84273937856689929 0.62715832601697408 0.85270009643201561 0.87301587301587313 0.88912529550827435 0.15470085470085473 0.28708791208791212 0.19478319783197837 0.55087252292221245 0.44949494949494956 0.42618899527413706 0.77190241228070178 0.77413381123058556 0.45773809523809533 0.17902930402930406 0.12060606060606062 0.42618899527413706 0.3417317073170732 0.61250000000000016 0.64038834951456314 0.3417317073170732 0.564035962815011 0.3874259381171824 0.036038961038961044 0.76256394373381442 1.0000000180025095e-35 0.056079664570230614 0.042572463768115944 0.10555555555555557 0.22649572649572652 0.030536130536130541 0.92907444668008055 0.38750000000000007 0.564035962815011 0.80060240963855434
decision_type=2 2 2 2 2 2 2 2 2 2 2 2 2 2 2 2 2 2 2 2 2 2 2 2 2 2 2 2 2 2 2 2 2 2 2 2 2 2 2 2 2 2 2 2 2 2 2 2 2 2 2 2 2 2 2 2 2 2 2 2 2 2
left_child=1 8 5 21 10 17 7 34 20 12 30 26 13 15 19 22 -6 49 47 -9 27 39 31 -13 50 -26 -12 36 43 -30 38 -10 48 -34 -4 -14 -1 46 -5 -3 -41 -39 -40 -29 -45 -44 52 -19 -21 -2 -7 55 53 54 -38 -8 -57 58 59 -58 61 -59
right_child=2 3 6 4 16 24 51 14 9 -11 11 23 35 -15 -16 -17 -18 18 -20 32 -22 -23 -24 -25 25 -27 -28 28 29 -31 -32 -33 33 -35 -36 -37 37 41 42 40 -42 -43 45 44 -46 -47 -48 -49 -50 -51 -52 -53 -54 -55 -56 56 57 60 -60 -61 -62 -63
leaf_value=-0.054303298122749394 -0.050655989313438871 -0.051949473725840301 0.014756404760660881 0.026032501222372658 0.1460616701410212 0.13088513301146515 0.14013041130926679 0.017696835825046879 -0.023590446705980577 0.12784678373145972 -0.054755423746190947 0.14558959766396218 -0.054667512678151932 0.13998444076880515 0.1340710641943694 0.049833113757752977 0.057922099666644279 0.01719730736032371 0.14961241268210135 0.10217255045973757 0.055841287170037668 0.03253678665732563 -0.046461881227207215 0.071881112567224695 0.037088662450655265 0.12644178999704081 0.054683289420876885 -0.05306235542755075 0.19028340935887289 -0.058029960110995052 0.042009913234500762 0.071867524330197413 0.021240220020113804 0.12431512927243651 -0.059040040385921824 -0.009084359517758234 -0.045991146404738732 0.043196826640948337 -0.0052462803299002997 -0.046318125012309419 0.078046522502055987 -0.032338404331246844 -0.051485070961502483 0.022691597427674366 -0.055252164966530265 0.0012360623012330756 0.00058216982320782645 -0.039866498280352082 0.14002272300907226 -0.012984599397120359 0.17136707491367056 0.13699264993990429 -0.053674692309310379 -0.046773924963546598 0.010037627550393852 0.097342059984394935 0.13127013519543704 0.14534446489724515 0.13531917956281789 0.073968637032996221 0.13602520045040595 0.10397550885989799
leaf_weight=2944.0152536779642 8.9826611354947108 35.245881646871567 2.6935474798083296 1.8252470269799292 13.361362025141718 4.1575151309371021 50.547091893851757 4.8595893606543568 3.0509535595774748 7.9037193655967704 5.3101920410990724 4.6583083420991906 89.47718171030283 2.121087819337844 29.774751469492912 5.4461001604795447 4.5568586960434905 2.0453659147024146 2.3400778770446777 6.5672816783189791 2.1346896514296523 3.7801997959613791 17.097768694162369 8.3326742649078351 3.5775013417005521 4.7331673800945282 1.689385302364826 55.821390464901924 3.1419830098748198 3.7689129635691643 2.4895744472742072 2.2839028984308243 3.6362336277961722 2.7086911797523499 3.7402555197477341 4.124343514442443 5.5329965204000455 2.0067963674664488 3.9282378777861622 11.385600768029688 2.1287582218646994 2.1933121532201767 13.137197993695734 1.9058431759476655 1.9610575437545774 1.7483102679252613 1.7457601130008686 3.1866180375218391 4.9696267545223236 3.4284134879708281 3.7600148767232895 860.30071374773979 48.476079173386097 30.937412850558758 3.0714310333132744 6.0890795588493338 5.7382142245769483 4.9573798626661292 25.377635017037392 7.3470950275659561 184.41092988848686 9.4943917244672758
leaf_count=37754 98 443 22 19 62 20 223 36 31 36 67 25 1146 10 139 39 32 22 14 37 16 31 201 48 28 22 13 697 19 34 21 18 25 20 33 39 67 20 41 137 14 26 154 20 23 19 17 36 24 37 20 3720 617 384 37 28 25 22 111 33 806 44
internal_value=-0.00122023 -0.0507264 0.131589 0.00600792 0.0450805 0.0463488 0.134133 0.0963135 -0.0527163 -0.0308156 0.0124323 0.0539646 -0.0409613 -0.00446383 0.111561 -0.0154538 0.123647 -0.0120753 0.0341043 0.082089 -0.0536433 -0.0393835 -0.0313039 0.0983115 0.118291 0.0879779 -0.0283418 -0.0537186 -0.0397597 0.0548637 -0.0234651 0.017276 0.0995884 0.0652436 -0.0281447 -0.052659 -0.0540246 -0.0452926 -0.031363 -0.0449592 -0.0267284 0.00375205 -0.0369314 -0.0507155 -0.0168368 -0.0452929 -0.0475875 -0.0175583 0.118477 -0.0402497 0.15011 0.136064 -0.0485429 -0.0422515 -0.0259912 0.133347 0.131938 0.132826 0.122996 0.0990967 0.134727 0.118166
internal_weight=4601.22 3351.8 1249.42 113.578 61.0373 36.2113 1213.21 58.95 3238.22 131.505 43.1191 19.9906 123.601 29.9998 52.5162 27.8787 17.9182 19.9831 7.57206 22.7414 3106.71 52.5404 22.4326 12.991 16.2282 8.31067 6.99958 3104.58 66.5992 6.9109 23.1286 5.33486 17.8818 6.34492 6.4338 93.6015 3037.98 93.9638 20.639 48.7602 13.5144 4.20011 18.8137 59.6883 3.8669 14.8855 89.7637 5.23198 11.5369 12.4111 7.91753 1154.26 88.0179 39.5418 8.60443 293.962 243.415 237.326 38.4629 13.0853 198.863 14.4518
internal_count=48022 42377 5645 1126 501 297 5348 336 41251 1520 407 153 1484 299 281 289 94 207 72 142 39731 625 250 73 90 50 80 39715 793 53 254 49 106 45 55 1185 38922 1168 233 594 151 46 214 740 43 173 1122 58 61 135 40 5012 1105 488 104 1292 1069 1041 169 58 872 66
is_linear=0
shrinkage=0.05


Tree=7
num_leaves=63
num_cat=0
split_feature=12 12 12 1 1 3 3 10 1 3 1 3 1 4 1 4 1 9 4 1 3 3 9 5 12 5 3 1 2 4 9 7 12 1 12 3 12 1 9 4 3 2 10 3 3 2 2 5 2 9 10 4 5 6 4 3 2 9 9 1 3 7
split_gain=10797.4 135.535 93.9624 79.3874 57.8378 44.1076 30.7317 29.3617 26.7882 39.4135 20.5725 17.4264 18.0371 16.8133 28.6433 15.2013 19.0858 12.0272 12.3656 10.4049 35.7318 13.7862 10.57 9.36675 7.76013 6.78475 6.19035 17.2582 5.13851 5.02033 12.8455 12.7072 5.0125 5.48909 4.68931 4.21952 3.81644 3.74339 4.83016 3.52893 3.24451 27.8773 3.22578 3.01013 2.54318 2.46121 2.31801 2.14459 5.01959 2.05303 1.95976 1.68498 1.6564 1.6361 1.51575 1.50927 1.40911 1.22937 1.08934 1.31583 1.07319 0.978702
threshold=0.50040120607370453 0.564035962815011 0.41623381558328693 0.85566901408450702 0.51325675675675686 0.58102025506376598 0.67755265262596653 0.36201048411964237 0.53479313380281701 0.82426470588235301 0.90889328063241115 1.0000000180025095e-35 0.89932432432432441 0.86037735849056607 0.70196414950419539 0.90947503201024327 0.67890835579514841 0.44862772695285019 0.89638906961613551 0.86552066772655012 0.66369047619047616 1.0000000180025095e-35 0.056079664570230614 0.64583333333333337 0.62790203878499784 0.44949494949494956 0.75490951097420111 0.67890835579514841 0.99333333333333351 0.67115270350564471 0.1856158484065461 0.78888888888888908 0.38132671929059309 0.92797619047619062 0.51711730126736499 0.50926243567753005 0.46130140466456354 0.80759615384615391 0.25962962962962971 0.66645021645021651 0.84273937856689929 0.48683298683298687 0.063164893617021281 0.95101959216313492 0.87585616438356173 0.7748518762343648 0.73765182186234834 0.095454545454545472 0.86425061425061434 0.098780487804878067 0.15047169811320757 0.97801932367149769 0.44949494949494956 0.21825396825396828 0.85251155947877277 1.0000000180025095e-35 0.19399641577060936 0.65933268858800786 0.38379705400982006 0.89932432432432441 0.55087252292221245 0.73214285714285732
decision_type=2 2 2 2 2 2 2 2 2 2 2 2 2 2 2 2 2 2 2 2 2 2 2 2 2 2 2 2 2 2 2 2 2 2 2 2 2 2 2 2 2 2 2 2 2 2 2 2 2 2 2 2 2 2 2 2 2 2 2 2 2 2
left_child=2 4 15 13 17 11 7 35 9 -3 23 12 45 25 43 19 -17 -2 50 40 21 22 -21 -9 -11 26 -4 44 -12 30 -10 -32 58 -34 -14 -5 -30 46 49 -7 52 -42 51 -15 56 -6 -27 -41 -49 -39 57 -26 -1 55 -46 -54 -28 -19 59 -24 -23 -50
right_child=1 8 3 6 5 39 -8 10 29 24 28 -13 34 14 -16 16 -18 18 -20 20 -22 60 32 -25 42 37 27 -29 36 -31 31 -33 33 -35 -36 -37 -38 38 -40 47 41 -43 -44 -45 54 -47 -48 48 61 -51 -52 -53 53 -55 -56 -57 -58 -59 -60 -61 -62 -63
leaf_value=-0.054160602149658447 -0.055392085253288328 -0.046451301761122533 -0.051234266121217065 -0.054577399113589158 0.024468137320689962 0.063231001518383192 0.12998550503266426 -0.039148194106377612 0.12189052513999094 0.043671252342447363 0.14944264754587019 -0.056611799741600688 0.030720942081967823 -0.055350184694064969 0.15396137848555075 -0.055597906130302702 0.13647796439902493 -0.054911438209047474 0.13132031833781696 0.077320604218599515 0.099627375823987896 -0.054418996573750295 -0.055675614332685919 0.084258351341510107 0.078640997838423932 0.012316552884447928 -0.014079804141212052 0.071501812780227755 0.044492551431366267 0.12511291853608 0.00283942646575469 0.12321255305197101 0.064738158791208519 -0.036372976301035802 0.096835898282385258 0.033198294163820835 0.10610635240688514 0.011151670569437486 -0.036713828093050897 0.14003185624914277 -0.051664187702613086 0.085475623987548183 0.14807261044511197 0.020309386337902302 0.029897270057499755 -0.044645968313131515 -0.04760500528297068 0.070259113765927167 0.1356190697792049 0.076553977985316005 0.033672665871274342 0.11851651381690127 -0.040925202477592591 -0.014291492408257129 -0.032504883371337494 -0.054452198710306599 -0.055015923846536474 0.00065616369943976996 -0.055696669442330482 -0.0093433910343693593 -0.023714718148289477 0.11269525184516119
leaf_weight=2766.723625510931 10.762245602905752 5.4154137447476414 75.734678074717522 9.5738016217946988 1.8619829714298308 3.0541977509856215 8.5886497944593412 5.7629301622509983 33.155695013701916 4.2318498790264156 3.3325089812278721 4.854072041809558 3.6037426441907874 4.2516347616910917 3.1228422224521637 2.825443096458911 2.385045513510704 2.2638883441686621 2.0578020289540291 3.1065794453024891 4.5293391793966284 77.729851916432381 2.401678994297983 2.0971928983926773 4.3153940886259097 2.1822066158056241 2.4534039571881392 4.0813047140836707 4.6406116560101509 1165.4662574380636 5.1186410188674909 3.835161492228508 2.8842140212655059 2.5107479095458984 10.484969787299631 1.597640000283717 5.4825797453522682 2.217379465699195 2.7240316644310951 9.1332794874906522 50.835165932774544 3.9969989433884612 6.2074778676033011 1.9030362442135809 1.7608865648508065 4.1794410720467567 6.19783715903759 5.6353266611695316 9.279281958937645 2.6149825155735016 1.6877405047416685 6.8616109937429428 36.356250092387199 3.6254357546567908 2.1752194911241531 47.643643215298653 14.684810571372507 1.7763810604810713 5.8595695570111275 4.2338319718837738 2.9540553316473952 9.3451110124588013
leaf_count=37126 128 62 997 125 20 20 37 60 149 30 15 52 21 50 16 33 12 28 13 19 20 1042 27 17 23 23 31 29 33 4886 32 19 30 27 60 13 31 22 33 40 661 25 33 16 21 42 70 30 40 27 20 30 466 41 25 635 187 20 68 46 28 40
internal_value=-0.00126343 0.119312 -0.0509867 -0.0144981 0.0562341 0.0795977 0.0458724 0.0236355 0.123398 0.0741719 0.0580473 0.0284259 0.0489314 -0.0341625 0.0306244 -0.0530062 0.0323228 -0.0211466 0.0261905 -0.0531536 -0.037782 -0.0439029 -0.00781239 -0.00622157 0.104391 -0.0393074 -0.0440963 -0.0226065 0.0955898 0.1245 0.10754 0.0543986 -0.0225956 0.0176823 0.0799244 -0.0420245 0.0778617 -0.00898982 0.0165297 0.114675 -0.0537148 -0.0416674 0.119172 -0.0319561 -0.0408318 -0.0233448 -0.0320011 0.119381 0.111606 0.0465435 -0.0115777 0.103121 -0.0539462 -0.0471781 -0.00458818 -0.0485975 -0.0491558 -0.0304801 -0.0399863 -0.026113 -0.0532948 0.124117
internal_weight=4502.37 1314.59 3187.78 167.18 79.9795 61.4314 41.0759 32.4873 1234.61 27.0317 21.3158 24.9842 20.1301 126.104 9.27751 3020.6 5.21049 18.5481 7.78581 3015.39 106.21 101.681 20.9966 7.86012 21.6163 116.827 100.89 25.1556 13.4557 1207.58 42.1095 8.9538 17.89 5.39496 14.0887 11.1714 10.1232 15.9364 7.55639 36.4472 2909.18 54.8322 17.3845 6.15467 21.0743 6.04142 8.38004 33.393 24.2597 4.83236 5.72801 11.177 2854.35 87.6253 3.93611 83.9999 17.1382 4.04027 12.4951 6.63551 80.6839 18.6244
internal_count=48022 5838 42184 1878 574 365 331 294 5264 178 156 195 143 1547 82 40306 45 209 81 40261 1307 1287 217 77 116 1465 1290 293 79 5086 200 51 198 57 81 138 64 175 82 170 38954 686 86 66 264 62 93 150 110 49 68 53 38268 1142 46 1101 218 48 141 73 1070 80
is_linear=0
shrinkage=0.05


Tree=8
num_leaves=63
num_cat=0
split_feature=12 12 12 1 1 3 3 10 1 3 1 10 4 1 4 1 1 1 3 3 5 0 3 2 7 5 12 2 3 2 4 1 2 3 1 2 7 7 3 2 0 3 7 5 3 0 12 7 10 2 4 5 3 1 0 3 6 3 0 2 3 2
split_gain=9725.24 116.224 92.3804 72.6945 50.3106 37.7485 26.4508 26.158 23.7502 33.7227 17.3892 17.2927 15.6935 24.2592 14.4913 16.5859 11.1715 10.4406 32.5718 13.5478 8.2341 7.15226 6.91605 6.85342 8.99609 6.6262 6.48461 6.19479 6.13703 15.9537 4.91904 7.61273 4.38677 4.02059 3.44393 3.84793 3.77025 3.44002 3.28506 25.5537 3.0332 7.49072 3.01734 3.06965 2.87289 2.618 2.46595 3.21559 2.29173 2.21133 2.20851 1.71334 2.26697 1.6859 4.27758 1.6433 1.51419 1.35581 1.16994 4.83132 1.09071 0.961418
threshold=0.50040120607370453 0.564035962815011 0.41623381558328693 0.85566901408450702 0.51325675675675686 0.61985915492957766 0.67755265262596653 0.36201048411964237 0.53479313380281701 0.82426470588235301 0.90889328063241115 0.36201048411964237 0.86037735849056607 0.70196414950419539 0.90947503201024327 0.67890835579514841 0.89932432432432441 0.86552066772655012 0.66369047619047616 1.0000000180025095e-35 0.64583333333333337 0.23845060412224592 0.85028735632183927 0.95861872146118732 0.87301587301587313 0.44949494949494956 0.62790203878499784 0.76277056277056288 0.75490951097420111 0.44300144300144306 0.67115270350564471 0.89932432432432441 0.99333333333333351 0.50926243567753005 0.80759615384615391 0.85215543412264738 0.64583333333333337 0.87301587301587313 0.84273937856689929 0.48683298683298687 0.75181159420289878 0.87112743532417769 0.73214285714285732 0.86607142857142871 0.95101959216313492 0.19433516915814328 0.65576731082107542 0.87301587301587313 0.063164893617021281 0.73765182186234834 0.97014260249554385 0.44949494949494956 0.65030120481927722 0.39384469696969698 0.32811353070712018 0.81302966101694929 0.5634920634920636 1.0000000180025095e-35 0.21483516483516485 0.21132376395534297 0.55087252292221245 0.99333333333333351
decision_type=2 2 2 2 2 2 2 2 2 2 2 2 2 2 2 2 2 2 2 2 2 2 2 2 2 2 2 2 2 2 2 2 2 2 2 2 2 2 2 2 2 2 2 2 2 2 2 2 2 2 2 2 2 2 2 2 2 2 2 2 2 2
left_child=2 4 14 12 21 11 7 33 9 -3 20 -6 25 44 17 -16 27 38 19 23 -9 22 -2 -19 -25 28 -11 -13 58 45 31 -10 -12 -5 49 -36 -37 -34 51 -40 41 -7 -18 -44 -14 -30 47 -33 50 -27 -28 -1 57 -23 -55 -42 -47 -53 59 -4 -21 -57
right_child=1 8 3 6 5 40 -8 10 30 26 32 16 13 -15 15 -17 42 18 -20 60 -22 53 -24 24 -26 34 48 -29 29 -31 -32 46 37 -35 35 36 -38 -39 39 -41 55 -43 43 -45 -46 56 -48 -49 -50 -51 -52 52 -54 54 -56 61 -58 -59 -60 -61 -62 -63
leaf_value=-0.053916128137810007 -0.020946314725737162 -0.0458471872772519 -0.054272019219418911 -0.054334422631502316 -0.057113320093189313 0.027268333905271322 0.11977248601803908 -0.038367777489851998 0.041897544482116446 0.040384722159208235 0.13575165340816045 0.060821913304563706 -0.055063982942188339 0.13721126364275679 -0.055299850386596086 0.12332175492995055 0.1097598130322693 0.051381254148166355 0.09199123381416606 -0.054184953842191734 0.075395873391219115 -0.055096666107993297 0.096441728843447649 -0.042895083354448089 0.041067669860507972 0.01158683634637314 0.066422115125759781 -0.044292013932847513 0.009738448349672248 0.066514563431860907 0.11609076826045897 0.069136816765790365 0.028772668088259318 0.03084175762866518 0.068373431745652372 -0.055461844020557982 0.02956625844326807 0.090340281211439818 -0.051302058238906482 0.077428117951240938 0.13220949166787807 0.11462454273196759 0.033289688228501549 0.083908700957751603 0.019010935611802282 -0.051847664108220642 0.12023942224488074 0.11010767693338802 0.13186463559183623 -0.047030624618304373 0.11173770506909807 -0.040261332553631554 0.017809657377685213 0.036355307503996494 -0.055145702788629881 0.11565085337719512 -0.0061784022261620573 -0.053201109187588941 -0.052806253034625932 0.050363277717487921 -0.022940518481851462 0.088983850488485228
leaf_weight=2643.4207722917199 2.9184122756123569 5.2174689099192646 4.7785514667630187 9.1465760171413404 4.7992434278130558 3.6879162490367872 8.847650468349455 5.5905551537871387 5.1516437530517569 4.3443882092833546 3.4809595048427555 2.1171029135584858 4.0647685676813108 3.3231585323810577 2.7017637714743605 2.5041607022285461 3.6894342526793453 3.9885746911168125 4.6565294563770285 74.250209920108318 2.2230242043733597 7.74028681963682 2.2010347843170166 12.532186128199102 4.279656007885932 2.2031011506915075 4.2733007222414034 4.1478151082992554 2.3194478154182496 4.2204494327306739 1192.4749811589718 7.6464052498340616 3.3073145747184753 1.632781334221362 2.3711522817611685 2.3507738709449768 2.9270330667495728 7.2253315821290016 48.688648447394371 4.1865695267915717 10.289889082312586 7.3345649689435959 6.1230014264583588 5.8627666905522346 1.9306273311376569 16.051104389131073 17.816974997520447 12.815764918923378 6.6104931160807601 5.965754359960556 7.2508879154920578 35.139012396335602 1.3413285613059986 2.1290735006332397 3.1925863176584244 9.5144850313663465 2.0463815852999678 47.755220100283623 66.340499252080917 1.4343175590038297 2.9023991748690596 5.2420835047960272
leaf_count=37126 35 62 66 125 52 23 37 60 32 30 15 21 50 16 33 12 22 32 20 1042 17 97 16 157 28 23 22 43 29 31 4886 37 25 13 23 27 32 39 661 25 44 31 36 31 16 208 74 57 33 70 31 466 13 22 39 40 25 663 911 20 28 22
internal_value=-0.00129614 0.110741 -0.0506532 -0.0141231 0.0526761 0.0738787 0.0430992 0.0222942 0.114463 0.0686718 0.0537657 0.028859 -0.0335146 0.0288516 -0.0527247 0.030621 0.0476649 -0.0528751 -0.0372123 -0.0433545 -0.00600113 -0.0205692 0.029523 -0.00754195 -0.0215214 -0.0386573 0.095252 -0.00877088 -0.0435416 -0.0219807 0.115489 0.0989599 0.08709 -0.0414325 -0.0086459 0.0154645 -0.00830588 0.0710077 -0.0534531 -0.0411094 0.107254 0.0853968 0.0702206 0.0580497 -0.0312105 -0.0402738 0.106639 0.0947975 0.108396 -0.0312218 0.0949342 -0.0536924 -0.0466725 -0.0402021 -0.0185383 0.116872 -0.0466836 -0.0477159 -0.0508632 -0.0301157 -0.0530096 0.106178
internal_weight=4396.72 1344.59 3052.13 163.781 80.9897 62.8083 41.4542 32.6065 1263.6 27.6965 21.8272 26.7394 122.327 9.31855 2888.35 5.20592 21.9401 2883.14 102.61 97.953 7.81358 18.1814 5.11945 20.8004 16.8118 113.009 22.4791 6.26492 97.1908 24.6374 1235.91 43.4308 14.0136 10.7794 15.8178 7.64896 5.27781 10.5326 2780.53 52.8752 36.0689 11.0225 15.6752 11.9858 5.9954 20.4169 38.2791 20.4622 18.1347 8.16886 11.5242 2727.66 84.2356 13.0619 5.32166 25.0465 18.0975 82.8942 72.5534 6.21287 77.1526 14.7566
internal_count=48022 5838 42184 1878 574 365 331 294 5264 178 156 205 1547 82 40306 45 153 40261 1307 1287 77 209 51 217 185 1465 116 64 1290 293 5086 200 79 138 175 82 59 64 38954 686 160 54 89 67 66 262 168 94 86 93 53 38268 1142 158 61 106 233 1129 997 86 1070 62
is_linear=0
shrinkage=0.05


Tree=9
num_leaves=63
num_cat=0
split_feature=12 12 12 1 1 3 3 10 1 3 1 4 1 3 4 1 1 9 1 3 3 4 9 5 9 5 3 1 4 9 7 12 1 2 3 12 3 2 1 9 2 12 4 1 3 3 2 2 1 5 2 5 3 9 1 2 3 2 9 1 5 12
split_gain=8819.5 101.701 90.7441 66.7259 44.129 33.2473 23.0919 23.4255 21.4704 29.1811 14.8753 14.6608 20.8766 14.2634 13.9152 18.3876 13.4957 10.8856 9.46057 25.2526 13.6436 9.28533 8.74523 7.28763 6.90955 6.46586 6.08416 15.0224 4.89434 10.5323 9.97064 4.71987 4.66611 3.85967 3.83744 3.63149 3.45364 23.4263 3.16839 4.1101 3.11677 3.06253 2.81385 2.76144 2.74412 2.53959 2.29718 2.10957 1.9886 1.84426 4.22824 1.77267 2.38221 1.67233 1.49058 1.40187 1.38805 1.38072 1.08852 1.32139 1.00323 0.895488
threshold=0.50040120607370453 0.564035962815011 0.41623381558328693 0.85566901408450702 0.51325675675675686 0.58102025506376598 0.67755265262596653 0.36201048411964237 0.53479313380281701 0.82426470588235301 0.90889328063241115 0.86037735849056607 0.70196414950419539 1.0000000180025095e-35 0.8938673341677098 0.67890835579514841 0.89932432432432441 0.44862772695285019 0.86552066772655012 0.62316372152437738 1.0000000180025095e-35 0.89638906961613551 0.056079664570230614 0.64583333333333337 0.28232998885172805 0.44949494949494956 0.75490951097420111 0.67890835579514841 0.67115270350564471 0.1856158484065461 0.78888888888888908 0.38132671929059309 0.92797619047619062 0.99333333333333351 0.50926243567753005 0.51711730126736499 0.84273937856689929 0.48683298683298687 0.80759615384615391 0.25962962962962971 0.17817460317460318 0.46130140466456354 0.66645021645021651 0.35921690921690924 0.95101959216313492 0.87585616438356173 0.76277056277056288 0.73765182186234834 0.32031250000000006 0.095454545454545472 0.86425061425061434 0.44949494949494956 0.66369047619047616 0.098780487804878067 0.35921690921690924 0.19399641577060936 1.0000000180025095e-35 0.27953488372093033 0.38379705400982006 0.89932432432432441 0.73214285714285732 0.76256394373381442
decision_type=2 2 2 2 2 2 2 2 2 2 2 2 2 2 2 2 2 2 2 2 2 2 2 2 2 2 2 2 2 2 2 2 2 2 2 2 2 2 2 2 2 2 2 2 2 2 2 2 2 2 2 2 2 2 2 2 2 2 2 2 2 2
left_child=2 4 14 11 17 13 7 34 9 -3 23 25 44 16 18 -16 46 -2 36 20 22 48 -20 -9 -11 26 -4 45 29 -10 -31 58 -33 -12 -5 -18 51 -38 47 53 -26 -35 -7 -42 -13 55 -6 -27 -19 -44 -51 -1 56 -40 -47 -28 -53 -50 59 -24 -37 -30
right_child=1 8 3 6 5 42 -8 10 28 24 33 12 -14 -15 15 -17 35 21 19 -21 -22 -23 31 -25 40 38 27 -29 61 30 -32 32 -34 41 -36 60 37 -39 39 -41 43 -43 49 -45 -46 54 -48 -49 57 50 -52 52 -54 -55 -56 -57 -58 -59 -60 -61 -62 -63
leaf_value=-0.053684271999598236 -0.05489127233982103 -0.045245296822976643 -0.050499496241122245 -0.054105336873189018 0.023466890338153117 0.053649924266359887 0.11143648878820418 -0.037590551836292237 0.10440115058786391 0.036597549825997756 0.12496013769577474 -0.054794383031055875 0.12416696358517353 -0.056002695441872009 -0.054698947050447803 0.10460725014678685 0.024525981483213583 0.035383017087256823 0.067609743873915204 0.073260441114698691 -0.053337948204625965 0.10862550076743355 -0.055463513282693437 0.068002703532029182 0.060176316920384332 0.010906976195899039 -0.013313976421067153 0.063552498588306527 0.10622939315448209 -0.00062471596571656387 0.10292691094840185 0.058519272424942141 -0.035033572129293915 0.036110289288167785 0.028705497901372074 0.061997311909903853 -0.050821669139293736 0.070606962351366445 0.0089701685093424195 -0.036046067064603171 0.13597379794817863 0.089363598055764312 0.12121564529342316 0.092206956917659788 0.017813992953979462 0.03107113732880791 -0.043595712474185921 -0.046459520696322393 -0.055076158211555065 0.058639432134884976 0.10676359764680979 -0.039595824790423513 0.021763406580410087 0.066610432567869082 -0.031537181723623006 -0.054666181677421814 -0.052937864682752633 0.0045234336952517471 -0.055385835921372556 -0.0081534895128058636 0.092614425979148679 0.10942202843190328
leaf_weight=2525.0848632529378 9.9152192845940608 5.0273700356483486 69.505614921450615 8.7363990545272809 1.8742369934916556 3.2110675349831572 9.0288938879966718 5.4250759109854725 35.026557698845863 5.1569134742021587 3.5894265323877308 3.8850701600313169 3.4841233342885971 4.4989430531859389 4.0619808584451667 3.2691201195120811 3.7797971293330184 1.6490603089332569 3.2785740718245533 4.8965543359518042 73.142002910375595 2.2895212769508362 2.2969380468130129 2.3382888585329056 3.5408742129802731 2.2228802442550641 2.4130375608801939 4.2840904742479315 288.37070661783218 5.2892081439495069 4.147373378276825 3.0247555598616591 2.3828439339995384 4.9465922936797142 1.6656952574849118 4.2922886162996274 44.963125839829445 4.3567961752414694 2.2811104208230972 2.6477783694863319 6.7209171205759031 5.9438217133283615 9.609317943453787 7.7712004706263542 1.9566377326846121 1.7396610006690019 4.006951816380024 5.7428028360009193 2.3011427670717244 5.9574476927518871 19.517922520637512 33.972905032336712 1.2702778875827778 2.8066621944308281 2.0961685627698898 13.604560032486914 45.739939548075199 1.6821061745285986 5.4870477765798569 4.129192054271698 7.1032967120409012 921.44224037230015
leaf_count=37126 128 62 997 125 19 20 37 60 149 29 15 50 16 52 54 16 21 19 19 22 1066 13 27 17 16 23 31 29 1169 32 19 30 27 33 13 24 638 25 22 33 31 31 40 40 16 21 43 70 28 30 80 466 12 27 25 187 664 21 68 46 36 3717
internal_value=-0.00132076 0.103646 -0.0503314 -0.0137638 0.049553 0.0689766 0.0406648 0.0210911 0.107092 0.0639597 0.0500556 -0.0328779 0.0272993 0.0248097 -0.0524547 0.0163396 0.0420761 -0.0199775 -0.0526379 -0.0374329 -0.0432149 0.0237218 -0.007271 -0.00578636 0.0876344 -0.0380103 -0.042989 -0.021362 0.108062 0.0917701 0.0448862 -0.0214448 0.0172955 0.0799953 -0.0408448 0.0669954 -0.0532027 -0.040095 -0.00831718 0.0144751 0.10223 0.0651751 0.09845 0.112504 -0.0304747 -0.0396854 -0.022224 -0.030451 -0.0107914 0.10255 0.0955097 -0.0534507 -0.0461691 0.0407673 -0.00314248 -0.0484365 -0.0472516 -0.0299075 -0.0390297 -0.0250639 0.0810821 0.108661
internal_weight=4285.88 1364.18 2921.7 160.344 81.6883 63.8513 41.6742 32.6453 1282.49 28.2173 22.2432 118.67 9.32583 25.5555 2761.36 7.3311 21.0566 17.837 2754.03 98.6379 93.7414 7.92183 20.5994 7.76336 23.1899 109.344 93.6431 24.1375 1254.28 44.4631 9.43658 17.3208 5.4076 14.4798 10.4021 15.1754 2655.39 49.3199 15.7012 7.73555 18.033 10.8904 38.2958 14.4921 5.84171 19.8534 5.88119 7.96568 5.63231 35.0847 25.4754 2606.07 80.9831 5.08777 3.83583 16.0176 79.7128 3.98325 11.9132 6.42613 11.3956 1209.81
internal_count=48022 5838 42184 1878 574 365 331 294 5264 178 156 1547 82 195 40306 70 143 209 40236 1305 1283 81 217 77 116 1465 1290 293 5086 200 51 198 57 79 138 81 38931 663 175 82 87 64 170 71 66 264 62 93 68 150 110 38268 1142 49 46 218 1130 49 141 73 60 4886
is_linear=0
shrinkage=0.05


Tree=10
num_leaves=63
num_cat=0
split_feature=12 1 1 3 3 12 6 3 9 1 4 0 5 9 4 12 1 5 0 12 2 3 5 0 6 5 7 2 9 0 12 6 10 3 6 12 5 7 3 2 2 7 2 12 9 3 2 5 0 5 3 0 1 10 0 7 9 5 6 12 1 0
split_gain=7988.79 100.7 96.3324 87.704 60.1074 40.9339 38.8788 26.714 20.7305 20.0112 18.9701 17.0383 16.3433 11.3337 13.541 11.2135 9.63799 38.4791 7.81553 7.27477 5.86711 4.79425 4.78419 4.75676 4.15316 3.84332 7.99425 3.82289 3.54333 3.54045 3.33244 3.09076 3.7911 2.98475 6.80493 2.74496 2.72635 3.66108 2.7198 2.70277 2.17135 2.13865 2.13606 2.08481 2.61222 3.62756 13.5052 3.07495 2.07179 1.81407 1.57897 16.9828 2.07089 1.46444 2.43516 4.91203 1.35843 1.12105 2.67093 1.36906 0.999348 0.958332
threshold=0.50040120607370453 0.55477564102564114 0.85566901408450702 0.62316372152437738 1.0000000180025095e-35 0.62790203878499784 0.13809523809523813 1.0000000180025095e-35 0.042572463768115944 0.89932432432432441 0.8938673341677098 0.46247654784240155 0.64583333333333337 0.44862772695285019 0.92084377610693402 0.41623381558328693 0.66583333333333361 0.095454545454545472 0.26586345381526116 0.41623381558328693 0.99333333333333351 0.95101959216313492 0.44949494949494956 0.21483516483516485 0.21825396825396828 0.44949494949494956 0.58571428571428574 0.95861872146118732 0.12060606060606062 0.83935483870967753 0.70516999243656409 0.36038961038961043 0.099019607843137278 0.76689497716894994 0.51666666666666672 0.65576731082107542 0.73214285714285732 0.64583333333333337 0.77303030303030318 0.41324575807334435 0.99333333333333351 0.41428571428571431 0.47140522875816998 0.77970710046493774 0.10762548262548265 0.72255689424364145 0.79682539682539699 0.78888888888888908 0.88185443668993035 0.69047619047619058 0.84660633484162906 0.6861407249466952 0.62715832601697408 0.028174603174603175 0.92031746031746042 0.31666666666666671 0.3133928571428572 0.44949494949494956 0.21825396825396828 0.40803154743279729 0.74046885318071765 0.20761494252873564
decision_type=2 2 2 2 2 2 2 2 2 2 2 2 2 2 2 2 2 2 2 2 2 2 2 2 2 2 2 2 2 2 2 2 2 2 2 2 2 2 2 2 2 2 2 2 2 2 2 2 2 2 2 2 2 2 2 2 2 2 2 2 2 2
left_child=2 5 10 4 8 13 7 9 40 25 15 21 27 42 33 50 23 -18 61 56 -5 -12 38 31 -6 -3 -27 41 29 60 -20 -17 -33 -15 -35 36 37 -11 -19 -8 -4 -10 -2 44 53 46 -46 -47 -30 -21 57 52 -52 54 55 -41 -14 -1 59 -59 -24 -7
right_child=1 6 3 20 24 18 39 -9 12 35 11 -13 19 14 -16 16 17 22 30 49 -22 -23 28 -25 -26 26 -28 -29 48 -31 -32 32 -34 34 -36 -37 -38 -39 -40 43 -42 -43 -44 -45 45 47 -48 -49 -50 -51 51 -53 -54 -55 -56 -57 -58 58 -60 -61 -62 -63
leaf_value=-0.053402073422716224 -0.051835616878084613 -0.056548984797220862 0.10203507818598696 0.10943086242579983 -0.053192953249925769 0.091931722213410325 0.07125457484109704 -0.059217967262049281 0.04692780038784216 0.087467544818172496 -0.054388875549450016 0.12070099738246745 -0.024030071801052162 -0.042215583300994598 0.1137820643237788 -0.042913393130332086 0.17583671515534727 -0.049517118403887048 0.014921304258571747 0.095674956044305481 0.054603558591217349 0.021460293618787863 0.013762876685837859 -0.053938574627557016 0.020462072318423185 0.089589516283419407 -0.030076504245311855 -0.039424920935468455 -0.047240634387259554 0.059475780413796843 0.077701617163199843 -0.03104126639386794 0.063839218376153584 0.0709598810010581 -0.041642476688387116 0.10455038433032249 0.085675834384400656 0.02746501968905242 0.001417095402756037 0.10425820783369413 0.058451366155371769 -0.019025119003109141 0.012400549877928936 0.1032919725077016 -0.0077953257389882921 0.098378407910853782 0.10161984630161912 0.071106872019157205 0.008660725134413353 0.047561812236541101 -0.052765003988840979 0.1191130174395354 -0.0097626532361510289 0.10389020413028956 0.1050645715109247 0.03746675161466087 0.026835983609238407 -0.050219055662810479 0.0030739581870418307 -0.011011526970975707 -0.033960617485472439 0.12028124774617198
leaf_weight=2416.6266498789191 12.911482959985735 2.3586725443601591 5.2182703688740713 11.699019223451614 80.073753975331783 6.7576462179422396 7.2056253403425208 4.4097166731953612 2.2539031356573114 4.5982886999845523 4.9276685416698438 2.7542070001363745 2.9476150646805745 3.9750069156289083 2.9324279054999343 4.5524302273988706 2.4137413650751105 21.696173124015335 4.8816303685307485 4.394459456205368 8.3707255572080612 3.6092758923768997 2.0936587303876859 56.637204706668854 1.9607429802417744 2.3734507337212563 3.387703001499176 15.646413259208202 5.6546692252159119 2.961827427148819 3.7279928773641586 2.1003453135490417 2.1109352111816406 2.6972643882036209 2.6698399782180786 10.880905389785765 21.167296081781387 5.6854677051305771 2.9810602590441695 5.9872364997863787 6.3173817023634911 2.7035525366663933 1.438351735472678 883.80381309986115 4.0064211487770054 134.76312655955553 9.5256574600934982 11.194793999195097 2.3447125107049942 3.5352123528718948 38.366070680320263 1.546858638525008 3.0200953334569922 192.49089570343494 13.716432154178618 5.0953409820795059 2.3662417232990265 67.516863204538822 2.5599595457315436 2.3024368658661833 2.3042833879590034 5.334026113152504
leaf_count=37206 162 25 25 48 1220 29 33 45 18 22 69 13 29 51 14 68 13 315 30 28 37 29 23 844 22 23 31 193 66 27 16 27 28 26 23 44 96 31 19 24 30 29 15 3540 24 545 42 45 28 21 566 7 29 774 55 21 22 1003 30 31 26 23
internal_value=-0.00148807 0.0974423 -0.0499172 -0.0105874 -0.0258897 0.0257781 0.100007 0.0587974 0.0202814 0.0691125 -0.0521053 0.0125657 0.000553264 -0.0152255 0.0200471 -0.0523819 -0.0365923 -0.0180397 0.0785138 0.0438893 0.0865634 -0.0223211 -0.0297283 -0.0486343 -0.0514325 -0.00278756 0.0192229 -0.0273018 -0.00781986 0.0172175 0.0421054 -0.0143543 0.0165183 -0.00937566 0.0149464 0.0829038 0.0754149 0.0542946 -0.0433642 0.10179 0.0781669 0.0109603 -0.0453969 0.101964 0.0988501 0.0939907 0.0692255 0.0962867 -0.0308553 0.0742251 -0.0530544 -0.0435473 -0.049627 0.102417 0.0909809 0.0735501 -0.0013796 -0.0532184 -0.0470869 -0.0489261 -0.0112416 0.104438
internal_weight=4168.54 1369.98 2798.57 147.487 127.418 47.3257 1322.65 54.8615 45.383 50.4518 2651.08 11.2912 33.8474 26.6244 12.2745 2639.79 107.851 42.4501 20.7013 13.2435 20.0697 8.53694 40.0364 65.4009 82.0345 8.11983 5.76115 20.6039 15.3592 7.35977 8.60962 8.76371 4.21128 9.34211 5.3671 42.332 31.4511 10.2838 24.6772 1267.79 11.5357 4.95746 14.3498 1260.58 376.78 159.49 13.5321 145.958 7.99938 7.92967 2531.94 42.933 41.3862 217.29 24.799 11.0826 5.31386 2489.01 72.3793 69.8193 4.39794 12.0917
internal_count=47998 5809 42189 1722 1637 389 5420 317 395 272 40467 111 340 291 114 40356 1484 517 98 100 85 98 504 967 1242 79 54 240 170 76 46 123 55 100 49 193 149 53 334 5103 55 47 177 5070 1530 656 66 590 94 49 38872 602 595 874 100 45 51 38270 1064 1034 49 52
is_linear=0
shrinkage=0.05


Tree=11
num_leaves=63
num_cat=0
split_feature=12 1 1 3 3 4 12 1 4 0 9 5 9 9 4 12 3 12 1 5 12 2 1 2 5 0 6 5 7 6 9 9 0 2 9 12 12 12 5 9 3 12 3 6 0 12 9 9 5 3 12 0 9 3 0 7 12 2 0 5 5 3
split_gain=7318.25 94.0903 90.1479 79.3979 56.9565 37.198 34.9492 31.274 18.5476 32.9632 18.2092 12.827 10.0745 9.97445 9.77882 8.70045 7.98998 6.65382 6.4485 27.3829 6.20293 5.61243 5.3197 5.29752 5.00146 4.84325 4.03649 3.79277 7.19131 3.11805 3.02078 2.69701 5.07432 2.74443 2.67857 2.5243 2.39095 2.37363 2.36685 2.36259 4.43179 4.54749 2.24729 7.36601 2.11713 2.03369 2.52094 1.71433 1.59987 10.1785 1.30514 1.19956 1.1819 1.17973 1.70109 5.51889 1.17459 1.01496 0.971606 0.968321 0.92993 0.83805
threshold=0.50040120607370453 0.85566901408450702 0.48626649905719682 0.62316372152437738 1.0000000180025095e-35 0.66314138058324101 0.62790203878499784 0.89932432432432441 0.86453119786453125 0.54669987546699883 0.029857397504456332 0.64583333333333337 0.44862772695285019 0.26975051975051983 0.93194682675814755 0.41623381558328693 0.95101959216313492 0.53841480580355372 0.66583333333333361 0.095454545454545472 0.40803154743279729 0.99333333333333351 0.89442724458204348 0.99333333333333351 0.44949494949494956 0.21483516483516485 0.21825396825396828 0.44949494949494956 0.58571428571428574 0.36038961038961043 0.267479674796748 0.25962962962962971 0.83935483870967753 0.73765182186234834 0.55646630236794181 0.46130140466456354 0.72553614411503753 0.3725098742578255 0.73214285714285732 0.13840996168582378 0.71834935897435914 0.53841480580355372 0.72046511627906995 0.44949494949494956 0.27072835547411828 0.65576731082107542 0.15470085470085473 0.098780487804878067 0.44949494949494956 0.67626346313173169 0.48506832767546765 0.91734972677595639 0.031754032258064523 0.90521114106019773 0.91596045197740128 0.38750000000000007 0.40803154743279729 0.99333333333333351 0.90070422535211281 0.21111111111111114 0.19090909090909094 0.85028735632183927
decision_type=2 2 2 2 2 2 2 2 2 2 2 2 2 2 2 2 2 2 2 2 2 2 2 2 2 2 2 2 2 2 2 2 2 2 2 2 2 2 2 2 2 2 2 2 2 2 2 2 2 2 2 2 2 2 2 2 2 2 2 2 2 2
left_child=1 8 6 4 10 7 12 27 15 16 57 21 -2 -8 42 48 -10 38 25 -20 -13 22 37 -5 50 29 -6 59 -29 -17 -22 32 33 -26 -31 51 39 -12 -9 53 -41 -42 -14 -44 -15 46 52 -34 61 56 -21 -23 -19 -7 55 60 -50 -3 -30 -4 -55 -1
right_child=2 3 5 23 26 36 13 17 9 -11 11 20 14 44 -16 18 -18 45 19 24 30 35 -24 -25 31 -27 -28 28 58 34 -32 -33 47 -35 -36 -37 -38 -39 -40 40 41 -43 43 -45 -46 -47 -48 -49 49 -51 -52 -53 -54 54 -56 -57 -58 -59 -60 -61 -62 -63
leaf_value=-0.053192243297092427 -0.051070837996657605 0.096801880942502444 -0.015076501483907623 0.10308217986584998 -0.052966081660824504 0.09917264807428626 -0.0088807650803782705 0.015399239829786599 -0.054236057022254071 0.11184724966533065 -0.05571470562981682 -0.010173532171605786 -0.05442606905257158 0.098943817292159841 0.1000467430655244 -0.042337700006772727 0.025913414324746753 0.07749794300512905 0.16299515592126559 -0.049763015082140989 0.041870255265625447 -0.010985613005133879 0.078983797001749914 0.051251299397125472 0.026048306335624823 -0.053729834307634332 0.019121128408462577 0.074484866992198209 -0.00093020347123401654 0.068278138101920738 0.10089748396366383 -0.054523120654104855 0.0069937697278391183 -0.045313476580703491 -0.01434041738800397 0.017456791256733144 0.097690477866960057 0.023096618436981849 0.060770179344154553 0.044806517273068086 0.049747530999534877 0.092195417319841613 0.077062788947819927 -0.035156957657082225 0.05838116185395438 0.099441834655087866 0.050078163306700341 0.064813255093229091 -0.049225852803308892 0.097156715059020404 -0.0072949183943187479 -0.050763701879666473 0.10315230169620851 0.098065298093244505 0.09968959535831573 0.038939607743559451 -0.014153173270861736 0.064683189476130387 -0.044681661699261084 -0.05781592245254772 0.075063082090419425 -0.044791865115243218
leaf_weight=2310.1415732055902 12.345613367855551 4.406597398221491 2.1952225379645816 11.795706108212471 76.486534863710403 100.72333975881338 3.2353601455688503 4.7981129661202413 14.592224381864076 4.6405425220727912 1.9416468739509594 4.1649666950106612 2.2194719538092595 11.359291985630987 2.5687515437602988 4.3878084570169431 3.9514783322811118 15.114556416869169 1.9010576456785191 20.975850969552997 6.0214425325393659 2.2628265991806957 2.3244866728782654 8.469650000333786 1.8235592693090419 52.50325508788228 1.9924874082207669 2.9826352894306165 2.4786283895373344 1.6212961897253988 3.3864759877324104 2.6512324661016455 2.3410316035151482 5.1585427969694138 2.4842677563428879 1.8775108233094222 1013.4586583226919 1.8808418214321134 7.1696650460362434 6.1420264393091193 6.861474208533763 78.442127332091331 2.2432618141174316 4.2002783790230751 4.4877804666757575 15.186672970652578 6.7428238093852988 2.8338755965232849 66.275815978646278 1.2299162223935116 1.9799064472317685 11.668395601212978 6.3864684253931037 18.659797623753555 25.244153022766113 5.94864797592163 2.4764060899615279 5.5669830814003944 2.6000858247280121 3.3441202789545059 5.7472332417964926 30.076686576008797
leaf_count=37241 164 20 20 48 1220 406 18 30 216 20 22 39 30 48 12 68 31 64 10 306 37 29 14 37 19 820 22 26 24 20 24 35 22 65 33 15 4055 19 44 29 33 316 25 40 24 61 36 27 1024 9 24 151 27 75 101 24 33 25 21 33 23 444
internal_value=-0.00149907 -0.049613 0.092364 -0.0103333 -0.0253309 0.0946584 0.0208182 0.0589112 -0.051849 -0.00733241 0.0191757 0.00241719 -0.0198962 0.0711231 0.0143701 -0.05226 -0.037157 0.0755903 -0.037858 -0.0221646 0.0406276 -0.0212043 0.0193363 0.0814201 -0.0314856 -0.0480631 -0.0511359 -0.00902603 0.0128613 -0.0130332 0.0631177 -0.00883015 0.00113469 -0.0266755 0.0182858 -0.0369678 0.0966141 -0.0169359 0.0425801 0.0922112 0.0858275 0.0887811 -0.0110347 0.00391136 0.0874568 0.0846866 0.0767528 0.0386568 -0.0528615 -0.0454121 -0.0461002 -0.0443026 0.0851181 0.0959455 0.0900992 0.0821237 -0.0479626 0.0788741 -0.0233291 -0.0408784 0.0926489 -0.0530843
internal_weight=4051.18 2678.29 1372.89 144.247 123.981 1330.23 42.6598 68.999 2534.05 23.1842 45.5022 35.5286 23.5774 19.0824 11.2318 2510.86 18.5437 55.3983 100.662 39.6651 13.5729 21.9557 6.14698 20.2654 37.764 60.9966 78.479 13.6007 8.06135 8.49337 9.40792 14.8082 12.157 6.9821 4.10556 15.8087 1261.23 3.82249 11.9678 247.769 91.4456 85.3036 8.66301 6.44354 15.8471 43.4305 28.2438 5.17491 2410.2 69.9821 22.9558 13.9312 21.501 156.323 55.5998 30.3557 68.7522 9.97358 5.07871 5.53934 24.407 2340.22
internal_count=47998 42189 5809 1722 1637 5448 361 386 40467 267 395 350 271 90 107 40200 247 262 1449 508 100 250 55 85 498 941 1242 124 71 121 61 168 133 84 53 195 5062 41 74 1007 378 349 95 65 72 188 127 49 38751 1066 330 180 91 629 223 122 1057 45 45 53 98 37685
is_linear=0
shrinkage=0.05


Tree=12
num_leaves=63
num_cat=0
split_feature=12 1 1 3 3 3 12 1 4 9 5 1 9 4 3 3 12 9 3 1 5 0 12 5 7 0 5 9 1 0 9 3 9 9 12 9 3 0 12 12 12 9 12 7 1 5 7 5 10 0 7 3 0 1 0 0 9 10 5 6 12 9
split_gain=6729.96 106.752 70.5358 67.9543 47.9459 40.1072 39.2673 31.7506 15.3799 14.7291 12.2771 11.6993 10.8477 11.076 9.52682 10.0926 7.63813 6.44277 6.39982 6.02639 28.734 4.98631 4.20076 4.05869 5.21837 3.81826 3.81131 4.30654 3.44548 3.21292 3.61874 3.15988 2.84739 3.4232 2.84576 3.01657 5.77168 14.3615 3.63488 2.81989 2.48679 2.43666 2.39086 2.10939 1.94505 4.17177 3.72507 1.91982 1.7401 2.24274 4.88972 1.64143 14.8728 2.17122 1.62578 1.44821 2.7231 1.25075 1.20456 2.56933 1.36045 0.86625
threshold=0.48506832767546765 0.55477564102564114 0.85566901408450702 0.66369047619047616 0.58102025506376598 1.0000000180025095e-35 0.62790203878499784 0.89932432432432441 0.8938673341677098 0.074537037037037054 0.64583333333333337 0.67890835579514841 0.48749218261413391 0.92084377610693402 1.0000000180025095e-35 0.45199692780337947 0.41623381558328693 0.32529069767441871 0.55087252292221245 0.66583333333333361 0.095454545454545472 0.26365441906653425 0.40803154743279729 0.44949494949494956 0.5634920634920636 0.21483516483516485 0.44949494949494956 0.059714795008912663 0.94185260311020957 0.91734972677595639 0.15075757575757578 0.84273937856689929 0.63003220611916277 0.69309262166405039 0.7463963349126802 0.13680926916221037 0.71834935897435914 0.82426470588235301 0.53841480580355372 0.43216994598982794 0.41240109490907895 0.267479674796748 0.65576731082107542 0.19090909090909094 0.91503452605147528 0.73214285714285732 0.64583333333333337 0.78888888888888908 0.029857397504456332 0.92031746031746042 0.31666666666666671 0.84660633484162906 0.6861407249466952 0.62715832601697408 0.90070422535211281 0.85934065934065951 0.26138716356107666 0.063164893617021281 0.44949494949494956 0.21825396825396828 0.40803154743279729 0.12372448979591838
decision_type=2 2 2 2 2 2 2 2 2 2 2 2 2 2 2 2 2 2 2 2 2 2 2 2 2 2 2 2 2 2 2 2 2 2 2 2 2 2 2 2 2 2 2 2 2 2 2 2 2 2 2 2 2 2 2 2 2 2 2 2 2 2
left_child=2 6 8 5 7 9 12 23 16 28 29 21 43 32 42 -16 51 -8 -7 25 -21 -10 -12 -3 -25 31 -22 -28 -4 30 -11 39 -14 -34 35 48 37 -37 -38 -18 -5 -24 44 -2 -9 46 -46 -40 49 50 -6 58 53 -53 -26 -29 -57 -19 -1 60 -60 -47
right_child=1 4 3 40 34 18 17 14 11 10 22 -13 13 -15 15 -17 19 57 -20 20 26 -23 41 24 54 -27 27 55 -30 -31 -32 -33 33 -35 -36 36 38 -39 47 -41 -42 -43 -44 -45 45 61 -48 -49 -50 -51 -52 52 -54 -55 -56 56 -58 -59 59 -61 -62 -63
leaf_value=-0.052988468537824254 -0.049029991189808358 -0.055364101928851321 0.024474981632553138 0.056895386327516062 0.09479283842450556 -0.052728327607424658 0.022701612366097367 0.099103862710210877 0.037096086301133216 -0.054997728034606445 -0.0097382649810120441 0.087947820608030344 -0.04293456412464941 0.098425558658213452 -0.057961238633642609 0.082895270739639065 0.016380292905145512 0.075339134408408032 0.010391607885984292 0.14290435239275079 -0.047341025644229873 -0.054869343812465166 0.029013796412286758 0.054017422025681931 -0.005769800666240223 -0.053535590018891945 0.038039062641292865 -0.046341749964172022 0.080989390245474552 -0.047082973567896855 0.039743134621653839 0.052938385726063991 0.055016471979923591 -0.023227843210281051 0.093255051244473475 -0.029936033759530908 0.053473455463256138 0.090445064959425836 0.08939690741886569 -0.053942840643633874 0.096904185905633114 0.084401255352373541 0.093761385826839586 0.015299959493648322 0.069275955952158838 0.080458522938021457 0.0054459748919860286 0.057535967602298101 0.093396138666917622 0.095109109731332062 0.031228820954046367 -0.05226599745144074 0.10589224905095772 -0.0072688759499208158 -0.059145154246081723 0.028355531420806237 -0.054278904745139883 0.10516458644488319 -0.049516881953468699 0.002985254537075324 -0.0099748046935173931 0.059631874353768072
leaf_weight=2203.2857257090509 16.739914983510978 4.830240909010171 4.2840201780199987 6.384110942482951 6.2249897122383135 71.754167176783085 5.5333521291613605 4.2256037369370452 2.1139542236924154 1.6412186920642895 4.1343695297837249 3.2391663789749146 3.9501302167773229 3.0934938639402381 2.9878446832299224 2.2141013219952583 2.1376696005463591 10.364784963428972 4.2538977190852156 2.4651198685169211 20.512717638164759 4.8680476732552052 4.7606037557125074 3.10372546315193 3.8408096879720688 47.236137520521879 3.1671840548515311 5.3845578134059888 7.2798617780208588 12.582734785974026 2.6120206490159035 1.3778326436877248 2.5682924874126911 3.0673875287175179 969.37514381110668 3.9160442650318128 8.4521457776427251 6.744725227355957 89.026783317327499 4.2790666483342648 9.9172884374856931 3.4066244214773178 10.943852871656416 1.3792908750474442 4.1983523517847043 16.5405807197094 5.0173549205064774 4.9932512938976279 163.72321203351021 10.969121247529982 5.8865887969732285 35.221620216965675 1.6189217418432225 2.9017175436019889 2.2697556763887405 2.3407170847058296 1.7366525977849958 5.3189145773649207 61.976037789136171 2.5563733652234069 2.2543476372957221 7.1514891386032096
leaf_count=37206 233 61 28 26 25 1202 28 25 23 21 39 15 50 14 35 13 33 45 38 12 308 67 30 28 40 773 32 68 33 165 30 15 22 36 3893 25 39 28 357 64 40 23 44 15 18 69 25 20 659 44 24 566 7 29 21 22 24 25 1003 30 31 34
internal_value=-0.00150661 0.0870225 -0.0498365 -0.0143904 0.0897572 -0.0277469 0.0167474 0.0486386 -0.0517923 0.0123077 -0.00664094 0.00941091 -0.0193101 0.0161627 0.0662679 0.00199144 -0.0520529 0.0690884 -0.0491957 -0.0378148 -0.0217868 -0.0270248 0.031328 -0.01824 0.00122087 -0.0481855 -0.0340367 -0.0124272 0.0600527 -0.0343839 0.00318501 -0.0157634 -0.0103849 0.0124297 0.0919381 0.087682 0.0812387 0.0462252 0.0848813 -0.0305154 0.0812356 0.0521164 0.0732226 -0.044133 0.0671695 0.0630689 0.0345247 0.0877048 0.0915842 0.0787315 0.0638988 -0.0526116 -0.0425379 -0.0488411 -0.025596 -0.0293197 -0.00684052 0.085454 -0.0527879 -0.0461726 -0.048129 0.074172
internal_weight=3932.34 1388.65 2543.68 133.011 1336.64 116.71 52.0156 67.3237 2410.67 40.7015 29.1376 10.2212 30.7985 12.6793 53.2792 5.20195 2400.45 21.2171 76.0081 90.6377 35.6069 6.982 12.3016 14.0445 9.21429 55.0307 33.1418 12.6291 11.5639 16.836 4.25324 7.79457 9.58581 5.63568 1269.31 299.937 113.133 10.6608 102.472 6.41674 16.3014 8.16723 48.0772 18.1192 37.1334 32.9078 9.21571 94.02 186.804 23.0807 12.1116 2309.81 39.7423 38.1233 6.11057 9.46193 4.07737 15.6837 2270.07 66.7868 64.2304 23.6921
internal_count=47998 5995 42003 1675 5527 1609 468 413 40328 369 308 105 370 122 263 48 40223 98 1240 1351 466 90 92 150 89 885 454 146 61 216 51 112 108 58 5114 1221 469 53 416 97 66 53 215 248 171 146 43 377 752 93 49 38872 602 595 61 114 46 70 38270 1064 1034 103
is_linear=0
shrinkage=0.05


Tree=13
num_leaves=63
num_cat=0
split_feature=12 1 1 4 6 4 12 1 4 9 6 5 2 9 4 12 0 1 5 2 12 0 5 9 12 0 5 7 12 4 7 5 10 9 2 0 12 1 12 9 4 5 10 9 2 5 1 6 5 6 0 2 6 1 10 1 0 2 5 12 9 1
split_gain=6209.49 96.8392 69.0857 57.1635 45.1879 41.3513 35.1133 24.799 14.9113 13.0824 11.6165 11.2087 10.7522 10.2536 9.04403 7.733 6.08311 5.90939 25.4932 5.72172 4.51557 3.81973 3.72135 3.9054 3.62494 3.61213 3.51178 4.61054 3.459 4.73845 3.41392 3.31438 3.3013 3.74853 3.17924 3.09245 3.4347 3.03868 2.55946 2.73599 4.02668 3.13988 2.29309 2.27168 2.22054 2.19542 1.68375 1.85822 1.67985 9.69533 1.56742 3.58767 1.54334 4.26394 1.49403 2.2394 1.40862 1.29706 1.25393 1.23474 1.19866 2.46566
threshold=0.48506832767546765 0.55477564102564114 0.85566901408450702 0.62268230638778987 0.13809523809523813 1.0000000180025095e-35 0.62790203878499784 0.89932432432432441 0.8938673341677098 0.074537037037037054 0.13809523809523813 0.64583333333333337 0.42947558770343586 0.44862772695285019 0.92084377610693402 0.41623381558328693 0.26586345381526116 0.66583333333333361 0.095454545454545472 0.25586470267321337 0.65576731082107542 0.21483516483516485 0.44949494949494956 0.059714795008912663 0.40803154743279729 0.92422502870264067 0.44949494949494956 0.5634920634920636 0.42618899527413706 0.79540169133192407 0.58571428571428574 0.73214285714285732 0.24283374283374287 0.65166835187057648 0.35214626391096987 0.91734972677595639 0.3839009302154201 0.94185260311020957 0.77970710046493774 0.13680926916221037 0.67115270350564471 0.78888888888888908 0.097167584579071611 0.23861283643892342 0.51668520578420474 0.69047619047619058 0.68410526315789488 0.5634920634920636 0.44949494949494956 0.29285714285714287 0.90070422535211281 0.84924242424242424 0.5634920634920636 0.72687165775401075 1.0000000180025095e-35 0.91503452605147528 0.88185443668993035 0.88493064312736458 0.64583333333333337 0.40803154743279729 0.12372448979591838 0.99333333333333351
decision_type=2 2 2 2 2 2 2 2 2 2 2 2 2 2 2 2 2 2 2 2 2 2 2 2 2 2 2 2 2 2 2 2 2 2 2 2 2 2 2 2 2 2 2 2 2 2 2 2 2 2 2 2 2 2 2 2 2 2 2 2 2 2
left_child=2 6 8 5 7 9 13 26 15 37 58 35 19 44 32 48 -8 21 -19 -10 30 28 57 -24 -13 -12 -3 -28 -17 -30 -9 -32 33 -15 -6 36 -11 -4 39 54 -41 46 -35 -18 -2 -26 47 -42 52 59 51 -29 -1 -54 55 -36 -25 -20 -5 -50 61 -33
right_child=1 4 3 10 34 -7 16 20 12 11 25 24 -14 14 -16 17 43 18 22 -21 -22 -23 23 56 45 -27 27 50 29 -31 31 60 -34 42 38 -37 -38 -39 -40 40 41 -43 -44 -45 -46 -47 -48 -49 49 -51 -52 -53 53 -55 -56 -57 -58 -59 -60 -61 -62 -63
leaf_value=-0.052727096733908796 -0.051463878766268401 -0.055000717388123337 0.022966167921756413 0.0068726700253563394 0.041728109363443185 -0.051926884284768916 0.087473194616677519 0.099810075497865081 0.044766833861665287 -0.034872158753521301 0.10497426160092226 -0.0093188123411334211 0.082612473520703236 -0.055793403807237865 0.084949493731014902 0.057658714803551003 0.0039397643119095304 0.13065660719159597 -0.051426213262801057 -0.056342046174996323 0.089458820107388412 -0.053351700253932315 0.035078074558047921 -0.040648842403182305 0.069945871974467319 0.058746527779961547 0.049349927387322794 -0.056211958235907855 -0.053751438071174509 0.050162496271904305 0.02518788111783217 0.097626216621958389 0.05069251173672587 -0.019793342679184422 0.056691082886950656 -0.046542762039009783 0.056190849406001844 0.075682313174617447 0.089575573046492774 0.037538499302525737 0.03961096390505589 0.05310162628955474 0.053977943963693514 0.054931884296503156 0.013830085375999704 0.018292322789752052 0.084578245937673491 0.083361364547543185 -0.048514998632930163 0.094955847602510621 -0.058655346936607136 0.040746039853802082 -0.046114659559502738 0.055263983799526198 0.089111861041067053 0.091001350071609588 0.0030056070098107195 -0.010936285046430063 -0.056321450143772683 -0.011424767665992902 0.043299790845043241 0.054928950638913149
leaf_weight=2132.8673424273729 14.834110174328094 3.9934069886803618 4.3358140811324102 1.5439447797834902 3.7099682018160811 68.876710999757051 12.483807109296324 3.5999726727604857 1.9695744439959506 2.4914111904799983 7.6259423717856434 4.105203188955783 3.3281808644533157 4.3176109977066499 3.3068527951836577 1.3434902951121319 3.7700180038809759 2.558756209909915 17.483283020555977 4.8319435305893421 10.897696480154989 45.08335980027914 3.2602875530719748 6.6816230677068216 4.839283883571623 9.4772160053253156 3.2241273149847967 1.8243356794118883 4.9356811568140984 1.41058774292469 10.633041083812712 4.5023822598159358 1.8580545485019673 2.621661338955164 9.1529446989297885 12.104495570063591 1.7719536945223806 7.3975968360900879 874.77024482190609 5.5664513781666747 4.5453982949256879 9.4581712633371335 1.7609274350106714 5.1922731101512909 1.4274233318865288 3.5781216099858284 119.39586217701435 5.2076141834259033 61.092470984905958 1.2233745902776707 2.1766306459903717 2.00005804002285 6.9137962050735933 1.2202479988336561 220.65716969966888 9.8994862884283048 2.5543354675173759 2.2302243225276461 1.5968852266669271 2.3294199407100669 9.0852823555469495 13.578381590545177
leaf_count=37677 215 53 28 21 20 1191 52 18 23 33 32 39 19 57 15 20 20 12 274 63 44 773 32 84 30 39 28 20 77 15 59 21 20 29 37 165 18 33 3542 33 21 38 17 26 17 23 484 21 1025 9 21 20 118 11 893 40 30 34 23 32 51 63
internal_value=-0.00151166 0.0832336 -0.0495589 -0.0140596 0.0858444 -0.0283297 0.0160116 0.0453568 -0.0515586 0.0116788 0.0631275 -0.00640369 0.00897157 -0.0187976 0.0127926 -0.051826 0.0649103 -0.0372518 -0.0212471 -0.0270631 0.0608225 -0.0477961 -0.0333144 -0.0119683 0.0292019 0.0793585 -0.0158305 0.00112566 -0.0152251 -0.0306544 0.0532844 0.0488533 -0.00980702 -0.0227276 0.0879457 -0.0336446 0.00297575 0.0562023 0.0880819 0.0846783 0.0792355 0.08091 0.00984802 0.0334819 -0.0457324 0.0479887 0.0829466 0.0629715 -0.0524044 -0.0444634 -0.0247834 -0.00550546 -0.0526442 -0.0309061 0.087952 0.0745184 -0.0285756 -0.0468455 -0.025257 -0.0471527 0.0581162 0.0655612
internal_weight=3812.51 1379.45 2433.06 129.745 1327.88 109.501 51.5727 65.5153 2303.32 40.6239 20.244 28.8905 10.1297 30.1266 13.8651 2293.19 21.4461 87.5416 34.7685 6.80152 52.2968 52.7731 32.2098 12.4962 12.5226 17.1032 13.2186 9.22515 7.68976 6.34627 41.3991 37.7991 10.5583 8.7002 1262.36 16.3679 4.26336 11.7334 1258.65 383.883 144.173 138.607 4.38259 8.96229 16.2615 8.41741 129.149 9.75301 2205.65 64.6453 6.00102 3.82439 2141 8.13404 239.71 19.0524 9.23596 19.7135 3.14083 63.4219 27.166 18.0808
internal_count=47998 5995 42003 1675 5527 1560 468 398 40328 369 115 308 105 370 138 40223 98 1351 466 86 256 885 454 146 92 71 142 89 112 92 212 194 123 103 5129 216 51 61 5109 1567 597 564 46 46 232 53 526 42 38872 1066 61 40 37806 129 970 77 114 308 44 1057 135 84
is_linear=0
shrinkage=0.05


Tree=14
num_leaves=63
num_cat=0
split_feature=12 12 1 3 1 3 1 6 4 3 9 5 1 1 9 12 9 3 3 1 1 5 2 4 0 5 12 9 12 9 12 3 1 0 9 9 1 9 1 5 12 7 5 5 6 6 2 12 0 9 9 2 3 9 9 1 12 12 12 12 6 9
split_gain=5743.45 88.6048 67.6009 56.6563 44.1543 36.4026 20.0229 19.1668 14.4816 12.9623 11.6539 10.2479 9.71508 9.58856 8.40149 7.82238 7.78871 6.33652 6.2038 8.27475 5.79179 22.7994 5.62345 4.02449 3.81704 3.63649 3.62853 3.54389 3.19916 3.15825 3.09416 5.06443 3.07222 2.97459 3.21634 2.74327 2.70125 2.66181 2.3612 2.49532 2.35028 2.23226 2.11104 1.7269 8.84075 1.558 4.07678 1.47949 1.37216 2.58987 1.31715 1.28804 1.27979 1.84752 1.26966 1.24957 1.2273 1.02879 0.917751 1.73569 0.915812 0.902454
threshold=0.48506832767546765 0.564035962815011 0.85566901408450702 0.66369047619047616 0.69666666666666677 1.0000000180025095e-35 0.47523584905660382 0.13809523809523813 0.8938673341677098 0.89009661835748799 0.074537037037037054 0.64583333333333337 0.67890835579514841 0.89932432432432441 0.32529069767441871 0.41623381558328693 0.44862772695285019 0.55087252292221245 0.74862637362637374 0.89932432432432441 0.66583333333333361 0.095454545454545472 0.25586470267321337 0.89638906961613551 0.21483516483516485 0.44949494949494956 0.53841480580355372 0.059714795008912663 0.41623381558328693 0.10762548262548265 0.42618899527413706 0.84273937856689929 0.85270009643201561 0.91734972677595639 0.15075757575757578 0.22086720867208673 0.94185260311020957 0.39173060528559256 0.91503452605147528 0.73214285714285732 0.41240109490907895 0.5634920634920636 0.31666666666666671 0.44949494949494956 0.29285714285714287 0.5634920634920636 0.40862708719851581 0.70516999243656409 0.85934065934065951 0.26138716356107666 0.62361111111111123 0.88493064312736458 0.81302966101694929 0.15075757575757578 0.3133928571428572 0.38494256756756756 0.40803154743279729 0.77970710046493774 0.33189421468876884 0.30837436894229048 0.22649572649572652 0.09449404761904763
decision_type=2 2 2 2 2 2 2 2 2 2 2 2 2 2 2 2 2 2 2 2 2 2 2 2 2 2 2 2 2 2 2 2 2 2 2 2 2 2 2 2 2 2 2 2 2 2 2 2 2 2 2 2 2 2 2 2 2 2 2 2 2 2
left_child=2 4 8 5 16 10 9 13 15 55 36 33 22 32 -11 43 42 -7 19 29 24 -22 -10 26 30 51 50 -27 54 -8 -17 -32 41 34 -12 60 -4 52 -15 -40 -5 -6 -2 45 56 -1 -47 -16 -29 -50 -18 -23 -9 -54 -13 -3 -45 61 59 -35 -21 -20
right_child=1 6 3 40 7 17 18 37 12 14 11 28 -14 38 47 20 23 -19 57 35 21 25 -24 -25 -26 27 -28 48 -30 -31 31 -33 -34 58 -36 -37 -38 -39 39 -41 -42 -43 -44 44 -46 46 -48 -49 49 -51 -52 -53 53 -55 -56 -57 -58 -59 -60 -61 -62 -63
leaf_value=-0.052538698509409759 -0.051985247857898799 -0.045075960102392065 0.021570293345885387 0.049831961489436569 0.038800050747394538 -0.052324869291665847 0.06631364477153244 0.094286197682788092 0.045817917949991044 -0.0037567184768489397 -0.05471494925113627 -0.024047335246146648 0.078579556083560598 0.078525890679582599 0.05629449723460786 0.052092285326371592 -0.053985525143547521 0.010965723602196479 0.085227532245189724 0.075157992716518823 0.12070256013661736 -0.051094767311883206 -0.055013951602948356 0.063366647611605306 -0.053177941259433203 0.032431499072208957 0.053941597029259471 -0.045229183839066024 0.048726364471619182 0.0073366616789796559 -0.053578181239593528 0.056843926405662139 -0.055274909763507352 -0.05372635304021766 0.035533115360212801 0.049833942916022514 0.070985902304086843 0.042180119684077637 0.0098682279373505117 0.047719104781265308 0.088700445978910816 -0.023867584191924859 -0.0018471897183525811 -0.048140128038705113 0.085869714432353542 -0.045834959975231016 0.052719648184863625 0.086393310984258231 0.027623745744482443 -0.054033077903413974 -0.0044722162955240221 -0.010484828826043676 0.083914212924823095 0.054217798324363166 0.024806697878889727 0.0087246784989600101 -0.010961052974460442 0.086133145777563744 -0.054860692004042026 0.019900267233740613 0.088511344987437415 0.079818184238031789
leaf_weight=2035.9378952309489 13.159310713410379 3.7665981315076378 4.3842863738536817 6.4293263256549862 2.5971928611397725 65.503528852015734 3.4790294617414457 12.433812372386454 1.9428673945367316 4.3845254257321384 1.5495785549283034 2.9523200616240484 3.3172828182578087 3.7862004935741451 6.9609700739383724 1.4108476415276516 2.5452331341803056 4.2087912186980239 170.21032777428627 28.577262386679649 2.6293040364980689 16.735781259834773 4.7964504286646843 2.7998530939221382 43.021201867610216 3.3476701974868766 1.8114853948354719 5.0170275531709176 7.3473009839653969 6.5318091847002506 4.8575968891382217 1.3207052722573278 3.4360450804233551 1.966718189418317 2.7204900085926056 8.077709034085272 7.49012590944767 4.9493582658469668 6.4444483518600491 13.425036072731016 9.8442160040140134 3.1378280222415924 2.4979570768773547 58.554127257317305 1.2835201695561398 6.6515193209052077 1.2458478175103662 9.8741558194160444 2.3586010783910751 1.6505604684352873 2.8440282046794891 2.2104572132229796 16.626652002334598 7.6459826976060858 2.4200862199068069 1.5126981884241102 2.3071502447128287 858.14090511202812 8.3291398324072343 1.3498638756573198 23.316193878650665 140.9551394879818
leaf_count=37677 197 45 28 26 26 1202 15 52 22 25 21 29 15 24 33 20 38 38 695 116 12 274 68 14 773 32 20 68 41 37 79 13 43 31 30 36 33 30 35 76 40 37 24 1025 9 115 14 40 22 24 34 34 68 31 22 19 32 3516 113 21 95 574
internal_value=-0.00151443 0.0798732 -0.0492863 -0.0137419 0.034598 -0.0265996 0.0834551 0.0540845 -0.0513295 0.0404495 0.0110948 -0.00617471 0.00853341 0.0255125 0.0578923 -0.0516043 -0.0219698 -0.0485038 0.0843746 0.0699141 -0.0366933 -0.0207162 -0.0259453 0.0124999 -0.0474107 -0.0325882 -0.00727847 -0.0115063 0.0272841 0.0278327 -0.0147174 -0.0299738 -0.0178876 -0.0329146 0.00278271 0.0769387 0.0527406 0.0766007 0.0423383 0.0354426 0.0733443 0.00451242 -0.0439862 -0.0522031 -0.043992 -0.0524527 -0.0302875 0.0739481 -0.0278022 -0.00599414 -0.0278563 -0.0463568 0.0812418 0.0745597 -0.00204026 -0.0296602 -0.0467307 0.0852401 -0.0460035 -0.02376 0.0811578 0.0827771
internal_weight=3693.02 1365.93 2327.09 126.496 100.14 110.222 1265.79 74.4826 2200.6 26.4989 40.5099 28.6355 10.0566 32.8268 21.2197 2190.54 25.6579 69.7123 1239.29 69.982 84.5598 33.9494 6.73932 10.0006 50.6104 31.3201 7.20075 12.3739 12.7197 10.0108 7.58915 6.1783 9.17107 15.9158 4.27007 59.9712 11.8744 41.6558 23.6557 19.8695 16.2735 5.73502 15.6573 2105.98 62.1448 2043.84 7.89737 16.8351 9.02619 4.00916 5.38926 18.9462 36.7064 24.2726 5.37241 5.2793 60.8613 1169.31 11.6457 3.31658 51.8935 311.165
internal_count=47998 5995 42003 1675 749 1609 5246 422 40328 162 369 308 105 241 98 40223 327 1240 5084 299 1351 466 90 106 885 454 92 146 92 52 112 92 106 216 51 247 61 181 135 111 66 63 221 38872 1066 37806 129 73 114 46 72 308 151 99 51 64 1057 4785 165 52 211 1269
is_linear=0
shrinkage=0.05


Tree=15
num_leaves=63
num_cat=0
split_feature=12 12 12 1 1 4 3 4 1 6 1 3 1 10 1 5 3 3 2 5 5 1 4 2 1 0 7 5 2 7 3 4 3 1 0 5 0 2 5 3 3 1 1 3 1 1 3 1 2 1 12 0 5 2 5 3 0 2 3 2 5 3
split_gain=5366.66 81.1973 57.8671 39.7537 33.2099 20.7273 17.1362 14.3554 13.7088 14.4664 12.3915 11.4345 11.128 10.2821 8.30592 14.6192 10.9342 7.69483 9.68729 8.16968 7.29117 7.19616 6.82255 6.30499 7.35033 6.26992 5.75965 5.38305 4.58131 4.01288 3.5944 3.48857 2.90305 4.62426 3.97563 2.30357 2.87064 4.60458 2.93476 2.21104 2.20149 5.15624 2.15719 2.13457 2.0534 5.50196 1.89425 13.1106 3.63246 1.80972 1.69001 1.72304 1.54505 1.44499 1.25299 1.24838 1.1196 1.10166 1.08808 1.34147 1.081 2.67521
threshold=0.48506832767546765 0.564035962815011 0.41240109490907895 0.85566901408450702 0.69666666666666677 0.63211600429645554 0.58102025506376598 0.89638906961613551 0.52803983228511542 0.5634920634920636 0.89932432432432441 1.0000000180025095e-35 0.67890835579514841 0.86956521739130443 0.85566901408450702 0.19090909090909094 1.0000000180025095e-35 0.87585616438356173 0.49089705395564392 0.44949494949494956 0.64583333333333337 0.90889328063241115 0.89638906961613551 0.95861872146118732 0.90889328063241115 0.25176056338028174 0.64583333333333337 0.73214285714285732 0.30471628592483424 0.87301587301587313 0.62316372152437738 0.62823920265780742 0.68870673952641182 0.51835016835016845 0.23166368515205729 0.61250000000000016 0.85053191489361712 0.73765182186234834 0.5634920634920636 0.82426470588235301 0.73375527426160347 0.67890835579514841 0.30068493150684938 0.31400560224089641 0.83847248576850097 0.85566901408450702 0.83752357008170975 0.70571428571428574 0.48683298683298687 0.85270009643201561 0.65576731082107542 0.99333333333333351 0.78888888888888908 0.18350168350168358 0.69047619047619058 0.40709353421217831 0.83935483870967753 0.29459980713596917 0.73144505638604784 0.96490147783251234 0.44949494949494956 0.66369047619047616
decision_type=2 2 2 2 2 2 2 2 2 2 2 2 2 2 2 2 2 2 2 2 2 2 2 2 2 2 2 2 2 2 2 2 2 2 2 2 2 2 2 2 2 2 2 2 2 2 2 2 2 2 2 2 2 2 2 2 2 2 2 2 2 2
left_child=2 4 7 17 22 11 10 14 9 39 49 20 -9 55 46 -16 23 19 25 40 21 -5 32 24 -17 -19 -15 -28 53 -25 -18 43 -2 34 -34 36 37 -21 -38 -3 -4 42 -42 50 -8 -46 60 -48 -49 56 51 -10 -53 -11 -22 -12 -6 -24 -47 -60 -1 -62
right_child=1 8 3 5 6 -7 44 12 31 28 13 -13 -14 26 15 16 30 18 -20 35 54 -23 57 29 -26 -27 27 -29 -30 -31 -32 -33 33 -35 -36 -37 38 -39 -40 -41 41 -43 -44 -45 45 58 47 48 -50 -51 -52 52 -54 -55 -56 -57 -58 -59 59 -61 61 -63
leaf_value=-0.052459550095256352 -0.05408018341380099 -0.042004908000234785 -0.051134778546051529 -0.05510807516816138 -0.025856136220167109 0.089859972689859846 0.094254933312768865 -0.040018203701642302 0.088228991601973741 0.058867581537568492 -0.055511211200184429 -0.046877702606579301 0.088569222517333554 0.10637338657484458 0.087246101516920305 -0.012508984687318481 -0.052956894455003005 0.054643949663766206 0.096189950491747417 0.049561520312080082 0.066972116538384974 0.054326621320234872 0.055449947552579287 -0.040975855757541146 0.10030189721272618 -0.041991556130006824 -0.00012011418231221176 0.060547815196382027 0.032691334370858721 0.019787696133349176 -0.00026948165221895193 0.082082760283741507 0.016587797106839799 0.040468940159987227 -0.047419234948484386 -0.055462095118493551 -0.00019943953962708993 -0.043260643467704397 0.078162042323367834 0.016101778850449153 -0.0071871386726636739 0.019943780060326724 -0.053269278446253836 0.03771132339279825 0.020373264726676683 0.097965519548377372 -0.051793143413927073 -0.011785906356069947 0.073244002468351888 -0.055170822210715099 0.087324906468836838 0.032643332738481717 0.066354792025005938 0.092021640705304025 0.034200785176456437 0.0013063019714937782 0.022427361363430695 0.01048406614906144 0.084627893901196169 0.058364133418343248 -0.047053542672177193 0.031358315069624179
leaf_weight=1902.614989105612 6.5490436442196431 3.8851815760135677 51.194096382707357 4.2207890488207402 3.2387698665261251 9.8387753814458829 9.5559244453906995 3.5053542554378501 4.9581693857908293 4.7948213964700725 2.282419290393594 7.6135547123849383 3.2355241775512695 4.521674349904063 2.3400963842868796 3.3641868904232988 57.94139676168561 2.2197239249944669 2.3113883212208739 1.8882472440600375 5.5390981957316381 2.3322908096015453 3.1325514316558829 10.686271946877239 2.529671922326088 6.8845227621495724 5.117801837623122 12.804304555058478 6.9842391163110724 3.6435525193810472 3.4286256879568091 1181.1929586529732 3.4463331364095202 3.0751988440752021 8.1942019388079625 1.7827745229005802 2.6723406612873077 4.5687764212489128 2.1610712073743343 2.8293744921684265 3.1680711098015335 3.9086759164929381 12.801721695810555 5.5305750742554656 5.10515218228102 5.1040354967117336 37.393554396927357 2.3322400934994212 2.721887394785881 3.351251944899559 10.839476168155668 5.3281809389591226 9.3862938284873945 10.44739657640457 6.1609589979052544 1.6771634854376314 1.9078757464885709 2.4101694077253342 10.136923417448997 9.3430708199739456 57.658302865922451 1.1086777001619328
leaf_count=36948 104 54 952 55 35 43 40 54 26 20 29 135 14 21 11 34 1108 22 11 20 30 13 20 158 12 97 28 56 36 26 15 4902 42 16 138 22 29 66 20 17 46 30 234 25 27 21 692 31 14 43 45 24 38 44 30 16 21 21 42 38 1048 9
internal_value=-0.00145477 0.0773127 -0.0491282 -0.0169242 0.0341842 0.0280906 0.0514277 -0.0511464 0.0808066 0.0467963 0.0259386 0.00459567 0.0217019 0.0428406 -0.0513817 -0.0359723 -0.0395062 -0.0337435 0.00477722 -0.0389694 0.0260657 -0.0161594 -0.0135093 -0.00762143 0.03591 -0.0184307 0.0559462 0.0432236 0.066226 -0.0255259 -0.0500133 0.0816152 -0.0263873 -0.0140629 -0.0284691 -0.00264353 0.00569659 -0.0161164 0.0348368 -0.01752 -0.0456513 -0.0315293 -0.0441276 0.0662917 0.0740956 0.0676069 -0.0520271 -0.0415772 0.0340067 -0.0265765 0.0714721 0.0627373 0.0541477 0.0815922 0.0497155 -0.031445 -0.00795731 0.0358972 0.0774156 0.0720312 -0.0522533 -0.0455743
internal_weight=3572.9 1347.13 2225.77 131.267 100.954 35.7055 74.1464 2094.5 1246.18 28.941 34.9013 25.8667 6.74088 26.4034 2087.76 83.9338 81.5937 95.5614 11.4156 84.1458 18.2531 6.55308 26.8075 20.2237 5.89386 9.10425 22.4438 17.9221 22.2265 14.3298 61.37 1217.24 21.2648 14.7157 11.6405 13.0732 11.2904 6.45702 4.83341 6.71456 71.0726 19.8785 15.9698 36.0427 39.2451 29.6892 2003.83 42.4477 5.05413 8.4979 30.5121 19.6726 14.7145 15.2422 11.7001 3.95958 5.14665 5.54272 24.584 19.48 1961.38 58.767
internal_count=48018 5989 42029 1855 758 306 417 40174 5231 171 249 263 68 150 40106 1364 1353 1549 130 1419 128 68 341 230 46 119 105 84 100 184 1123 5060 300 196 180 157 135 86 49 71 1262 310 280 158 168 128 38742 737 45 99 133 88 62 64 60 45 56 41 101 80 38005 1057
is_linear=0
shrinkage=0.05


Tree=16
num_leaves=63
num_cat=0
split_feature=12 12 12 1 1 4 3 4 1 6 9 1 3 1 10 1 5 3 3 2 5 5 1 9 9 0 7 5 1 3 2 4 9 3 2 7 9 9 3 1 1 3 9 3 1 9 12 9 0 2 1 0 3 2 2 9 12 10 9 3 5 1
split_gain=4984.43 76.249 56.8955 36.9337 29.9787 18.922 15.8153 13.7552 13.3441 12.9131 12.901 11.101 10.5595 10.0534 9.11217 8.33183 13.523 10.6929 7.31467 8.70918 7.9577 6.41067 6.68157 6.06288 5.98329 5.69567 4.94485 4.73148 4.65983 4.42679 4.18711 3.78994 6.54953 3.5657 2.76161 2.39351 2.90234 4.77036 2.21895 4.88853 2.14053 2.07104 1.96518 1.91646 12.4663 9.89847 1.81125 1.99435 2.30433 1.77442 1.76163 1.42437 1.35974 1.9383 1.30459 1.24445 1.22197 1.43234 1.62807 2.79083 1.41637 2.86779
threshold=0.48506832767546765 0.564035962815011 0.41240109490907895 0.85566901408450702 0.69666666666666677 0.63211600429645554 0.58102025506376598 0.89638906961613551 0.52803983228511542 0.5634920634920636 0.62361111111111123 0.89932432432432441 1.0000000180025095e-35 0.67890835579514841 0.86956521739130443 0.85566901408450702 0.19090909090909094 1.0000000180025095e-35 0.87585616438356173 0.49089705395564392 0.44949494949494956 0.64583333333333337 0.90889328063241115 0.039230769230769243 0.046536796536796543 0.25176056338028174 0.64583333333333337 0.73214285714285732 0.51835016835016845 0.70632463511720489 0.30471628592483424 0.62823920265780742 0.24037037037037037 0.62316372152437738 0.22048611111111119 0.87301587301587313 0.1856158484065461 0.13680926916221037 0.73375527426160347 0.67890835579514841 0.30068493150684938 0.82426470588235301 0.34428879310344834 0.83752357008170975 0.70571428571428574 0.38379705400982006 0.42618899527413706 0.25962962962962971 0.85053191489361712 0.99333333333333351 0.85270009643201561 0.21483516483516485 0.82426470588235301 0.96490147783251234 0.18350168350168358 0.15849282296650721 0.77970710046493774 0.16345083487940634 0.09449404761904763 0.9457002457002458 0.095454545454545472 0.89442724458204348
decision_type=2 2 2 2 2 2 2 2 2 2 2 2 2 2 2 2 2 2 2 2 2 2 2 2 2 2 2 2 2 2 2 2 2 2 2 2 2 2 2 2 2 2 2 2 2 2 2 2 2 2 2 2 2 2 2 2 2 2 2 2 2 2
left_child=2 4 7 18 10 12 11 15 9 41 28 50 21 -9 55 43 -17 23 20 25 38 22 -5 -18 -22 -20 -16 -28 51 -30 54 32 49 -19 -12 36 37 -25 -4 40 -40 -3 52 -1 -45 -46 -26 48 -48 -10 -6 -2 -8 -54 -11 -13 57 58 -33 60 -60 -62
right_child=1 8 3 5 6 -7 42 13 31 30 34 14 -14 -15 26 16 17 33 19 -21 24 -23 -24 35 46 -27 27 -29 29 -31 -32 56 -34 -35 -36 -37 -38 -39 39 -41 -42 -43 -44 44 45 -47 47 -49 -50 -51 -52 -53 53 -55 -56 -57 -58 -59 59 -61 61 -63
leaf_value=-0.05207624310373641 -0.0021731166998850376 -0.041354970558045268 -0.050891018021267977 -0.05484017683536685 -0.0076156742889567607 0.08623208461813428 0.08877459636005236 -0.039362854082977121 0.097565840832979783 0.055797146012390914 0.023012327937415381 -0.055973128429833312 -0.046447610104364455 0.083707536071778735 0.098475648954207615 0.083216909495444857 0.0477568053724408 -0.052804607764221412 0.049841299339950712 0.090732423395066514 0.069771125238088691 0.046273958918020622 0.051236120189685187 -0.03736693251292493 -0.054409035899282393 -0.041286300690194913 -0.00011411520109004285 0.056644329723579169 -0.039490880883251707 0.04914691768001947 0.030771553458695311 0.078158873276798435 0.013569260240296819 -0.00025601975460060679 0.095242969557755214 0.017223003415190122 -0.048015975119677728 0.071897222410093747 -0.0068700146421606378 0.01875619585720913 -0.053102380529015739 0.015186438149761084 0.044238821959106292 -0.051573578926060994 0.099593211780161062 -0.039677894703510873 -0.023455282086159185 -0.053997660102158875 0.037050133503609195 0.06636752973332509 -0.054898222384214483 -0.050377516007295176 0.076617139003165538 0.041245857796741656 0.087267087178479502 0.0011769122618566603 0.080374825003079464 0.080637132803367415 0.083719908378111191 0.080172946795838029 0.041553536560433778 0.067673650422978293
leaf_weight=1871.9097538292408 1.7263017036020816 3.7523184083402183 48.924722380936146 4.0340557955205503 5.1165423206984979 9.742435507476328 12.362352631986139 3.388512209057807 5.5819325968623188 4.8054271042346981 2.8580126240849486 2.1516598947346242 7.3076156824827185 3.2517929226160049 4.6369026899337795 2.3309356197714797 3.9905652031302479 55.270495992153883 2.30948258936405 2.3274387121200553 2.3438211381435385 11.934299997985361 2.3488756082952023 2.7427397370338431 2.6370444856584063 6.6578083150088787 5.1175079420208958 12.997109606862066 2.6244281046092501 3.0405933409929276 7.0472906157374373 105.67149171233177 5.672162137925624 3.4284693449735633 2.4643136858940125 3.2396615222096434 8.4111844860017282 1.571166608482599 3.1490926109254387 3.9473256878554812 12.214680045843123 2.849384218454361 5.8613694086670867 35.717470478266478 2.6264167055487624 2.4809653013944626 3.1839681752026063 1.7422797121107576 3.1112922951579094 24.83516626060009 3.2032381556928158 13.647719494998453 15.580195337533953 5.1544758528470984 10.465131118893622 1.7092140056192873 828.82889977097511 139.90327931940556 6.4654938876628867 33.722175687551498 15.960636153817175 30.761811658740044
leaf_count=38005 21 54 952 55 56 43 52 54 25 20 26 26 135 14 21 11 20 1108 22 11 23 60 13 34 38 97 28 56 30 15 36 444 30 15 22 24 132 20 46 30 234 17 30 692 19 26 43 26 27 103 43 227 65 21 44 19 3509 587 27 141 66 128
internal_value=-0.00145592 0.0746137 -0.0488708 -0.0165423 0.0326883 0.0269191 0.0490196 -0.0509381 0.0780411 0.04448 -0.013088 0.0245908 0.00436861 0.0209054 0.0403506 -0.0511774 -0.035469 -0.0389863 -0.0331509 0.00455128 -0.0383917 0.0246416 -0.0158048 -0.00736762 -0.00256822 -0.0178168 0.0524031 0.0406097 -0.0306808 0.00808378 0.0626515 0.0788517 0.0628947 -0.0497354 0.0564562 -0.0211466 -0.030915 0.00242813 -0.0452263 -0.0308748 -0.0436262 -0.0169509 0.0709237 -0.0518425 -0.0411255 0.0319408 -0.0184518 -0.00665454 0.00644817 0.0720928 -0.0258202 -0.0449648 0.0756495 0.0678241 0.0773639 -0.0306727 0.0793476 0.0767868 0.0739897 0.0689204 0.0617861 0.0587509
internal_weight=3454.85 1326.57 2128.28 127.916 100.252 35.3673 73.8906 2000.36 1226.32 28.9196 26.3614 34.9322 25.6248 6.64031 26.6124 1993.72 80.9852 78.6543 92.549 11.2947 81.2542 18.3172 6.38293 19.9553 13.0184 8.96729 22.7515 18.1146 21.039 5.66502 22.3178 1197.4 36.0893 58.699 5.32233 15.9648 12.7251 4.31391 68.2358 19.3111 15.3638 6.6017 38.9584 1912.73 40.8249 5.10738 10.6746 8.03754 6.29526 30.4171 8.31978 15.374 33.097 20.7347 15.2706 3.86087 1161.31 332.485 192.582 86.9101 53.1879 46.7224
internal_count=48018 5989 42029 1855 758 306 417 40174 5231 171 341 249 263 68 150 40106 1364 1353 1549 130 1419 128 68 230 157 119 105 84 293 45 100 5060 158 1123 48 210 186 54 1262 310 280 71 168 38742 737 45 134 96 70 128 99 248 138 86 64 45 4902 1393 806 362 221 194
is_linear=0
shrinkage=0.05


Tree=17
num_leaves=63
num_cat=0
split_feature=12 12 12 0 2 4 3 4 3 9 2 0 6 3 0 10 2 9 5 0 3 3 9 0 4 9 3 7 5 3 2 5 9 9 12 9 4 3 4 0 2 12 7 0 2 3 3 2 3 2 12 9 12 10 9 3 2 3 2 2 0 7
split_gain=4637.43 72.0574 55.9128 28.7891 23.0068 17.9618 15.8368 13.1826 12.8209 11.7756 10.7983 10.4362 12.7565 10.2859 9.12248 8.61703 7.45027 6.86623 8.0339 5.75248 10.3189 6.26404 8.3439 5.18952 4.15304 5.93835 3.61859 3.0691 4.75712 2.77073 2.72232 9.19449 2.69237 3.96503 2.97225 2.67048 3.0129 2.40215 2.28493 2.24657 4.10337 2.05202 2.03138 1.89555 2.18992 1.88018 1.8577 10.2634 1.77782 1.54548 1.60433 1.49296 1.36875 1.84898 2.09307 2.16785 1.3654 1.22797 5.06615 1.22709 1.17255 3.92725
threshold=0.48506832767546765 0.564035962815011 0.41240109490907895 0.85053191489361712 0.4503521126760564 0.63211600429645554 0.58102025506376598 0.89638906961613551 0.87585616438356173 0.63003220611916277 0.49089705395564392 0.41728855721393038 0.5634920634920636 1.0000000180025095e-35 0.83935483870967753 0.86956521739130443 0.43951219512195133 0.059714795008912663 0.64583333333333337 0.84660633484162906 0.81872946330777663 1.0000000180025095e-35 0.039230769230769243 0.25176056338028174 0.62823920265780742 0.24037037037037037 0.85867895545314898 0.58571428571428574 0.73214285714285732 0.76028169014084523 0.72570532915360519 0.095454545454545472 0.20881782945736438 0.15075757575757578 0.3839009302154201 0.098780487804878067 0.8085106382978724 0.62316372152437738 0.90325224748810151 0.65692963752665257 0.73765182186234834 0.36701353510366541 0.87301587301587313 0.90070422535211281 0.99333333333333351 0.82426470588235301 0.83752357008170975 0.5270467836257311 0.87585616438356173 0.30471628592483424 0.68182276075382453 0.16247642991829042 0.77970710046493774 0.16345083487940634 0.09449404761904763 0.9457002457002458 0.99333333333333351 0.73375527426160347 0.49089705395564392 0.19836065573770492 0.93127066603684472 0.38750000000000007
decision_type=2 2 2 2 2 2 2 2 2 2 2 2 2 2 2 2 2 2 2 2 2 2 2 2 2 2 2 2 2 2 2 2 2 2 2 2 2 2 2 2 2 2 2 2 2 2 2 2 2 2 2 2 2 2 2 2 2 2 2 2 2 2
left_child=2 4 7 8 9 13 14 19 35 38 23 12 29 17 -6 51 41 -5 43 46 21 22 -21 -10 25 56 -11 -17 -29 -3 31 -8 33 -24 -35 36 39 -23 -2 -4 -41 -9 -34 44 -19 -32 -1 -48 -47 59 -51 -16 53 54 -26 60 -13 -37 -59 -14 61 -56
right_child=1 11 3 5 6 -7 30 16 10 26 -12 24 49 -15 15 27 -18 18 -20 20 -22 37 32 -25 52 -27 -28 28 -30 -31 45 -33 42 34 -36 57 -38 -39 -40 40 -42 -43 -44 -45 -46 48 47 -49 -50 50 -52 -53 -54 -55 55 -57 -58 58 -60 -61 -62 -63
leaf_value=-0.051916524277509327 -0.047275904604887488 -0.055316582469659627 -0.052715373205626651 0.060712113183401965 -0.038111785933722907 0.086528619608539192 0.081087363557762152 -0.05603922520668278 0.045650930202927605 0.00240796375256256 0.08238811703024429 0.090549661558919664 0.05534538124570141 -0.047280636225636337 -0.055425191506245398 0.079162172398592606 0.07896200757774588 -0.036088564474157425 0.035686612555356372 0.040778107626036043 0.053626244633090805 -0.052002285445543188 -0.036937964598527905 -0.040579182584104742 0.07564425806503948 0.012822963685052147 0.082623158812720338 0.0050000881364488268 0.052565273869033702 0.010908419718700138 0.087506460100280875 -0.010398032925642521 -0.050289524034542545 -0.0074517998514130662 0.08670238706552473 -0.050439842132675709 0.040725659374738717 -0.0050604166804634025 0.0020385572849559923 0.043249976531363088 -0.037641425491693796 0.023352089057128697 -0.0036623971908200728 -0.054565281771315199 0.038480062725584172 0.044566857279751348 -0.047613942079608756 0.056698224970237271 0.076190970514899842 0.028208017040407391 0.067402815179078035 0.0048096699541332437 0.077972821365797321 0.078546477559344033 0.070974382899067642 0.07516596780562379 0.063354103758679239 -0.046085380648963226 0.031596246818479584 0.084530643977756711 0.065007832099507598 0.028089811234578849
leaf_weight=1749.2387318573892 12.436654888093473 2.4623561985790721 5.9731787592172605 6.8607934340834644 5.7486175522208205 7.8564001545310012 6.7536946013569814 2.3307538442313667 2.393124442547558 2.5669720433652392 3.9320212826132765 5.6749372705817249 5.6908840686082867 7.9181420616805545 2.8586746044456985 4.4599173478782204 2.9528128691017628 2.6087080985307711 8.6953646689653379 4.2658598311245433 2.8605778366327277 75.602208640426397 5.828858461230995 6.4406806416809559 103.527588352561 5.7013939321041098 3.1084370240569115 8.7222813740372676 13.229659900069235 4.4045407027006149 12.428465411067011 4.6286552250385284 17.743738774210218 2.0803840793669228 1.4037884995341299 40.876089118421078 1.6957981549203385 2.8272554501891127 2.8958364948630324 2.3322116211056709 4.782837949693203 1.2506375908851621 2.6900363340973845 4.5454627312719822 1.5814777575433252 7.957739636301997 36.738202136009932 2.5198284760117522 10.065391153097151 4.9318446367979032 5.5475955456495285 1.6069889105856416 811.17463576793671 136.69554920494556 10.743108257651331 32.204219296574593 24.718465954065323 13.663475673645737 2.479768391698598 9.8097285777330381 29.858773678541183 10.612065240740774
leaf_count=37228 217 36 124 32 75 36 33 35 22 31 18 26 24 144 37 29 15 36 51 27 12 1585 93 97 443 30 18 59 57 33 53 30 337 31 18 816 21 17 26 29 75 18 21 66 18 33 724 13 42 26 24 18 3505 586 47 137 103 252 18 41 126 44
internal_value=-0.00145588 0.0721855 -0.048617 -0.0161695 0.0312851 0.0187428 0.0437281 -0.0507339 -0.03271 -0.0151867 0.0134611 0.0755652 0.047769 0.00220904 0.0197205 0.0304874 0.0201633 0.0183407 0.00166339 -0.0509773 -0.0401527 -0.0425385 -0.0246179 -0.017219 0.0763449 0.0596482 0.046342 0.0413485 0.0336659 -0.0128388 0.0647471 0.0438846 -0.033996 -0.0117144 0.0304833 -0.0409187 -0.0219819 -0.0503101 -0.0379619 -0.0301067 -0.0111264 -0.0283154 -0.0441512 -0.0322029 -0.00794456 0.0725451 -0.0516751 -0.0409185 0.062228 0.0637885 0.0489569 -0.0337494 0.076876 0.0741269 0.0708952 0.0650013 0.068432 -0.0458286 -0.0341527 0.0738156 0.0586096 0.0496637
internal_weight=3338.19 1303.23 2034.97 124.636 99.468 40.0663 78.4601 1910.33 84.5692 21.0079 12.7658 1203.76 32.8469 32.2099 36.6261 30.8775 6.5342 24.2918 17.431 1903.8 115.303 112.442 34.0127 8.83381 1170.91 36.0948 5.67541 26.4119 21.9519 6.8669 41.8339 11.3823 29.7468 9.31303 3.48417 71.8034 14.784 78.4295 15.3325 13.0882 7.11505 3.58139 20.4338 8.73565 4.19019 30.4516 1788.5 39.258 18.0231 25.9801 10.4794 4.46566 1134.82 323.641 186.946 83.4182 30.3934 57.0193 16.1432 15.5006 51.2139 21.3552
internal_count=48018 5989 42029 1855 758 383 466 40174 1472 292 137 5231 184 347 275 200 68 203 171 40106 2141 2129 527 119 5047 159 49 145 116 69 191 63 500 142 49 1335 249 1602 243 228 104 53 358 120 54 128 37965 737 75 115 50 55 4888 1383 797 354 129 1086 270 65 217 91
is_linear=0
shrinkage=0.05


Tree=18
num_leaves=63
num_cat=0
split_feature=12 12 12 1 1 6 4 1 4 9 6 3 1 1 1 2 7 1 5 5 7 5 1 9 1 4 9 1 1 2 3 0 3 7 4 9 12 5 3 1 9 4 3 1 1 9 2 1 1 9 2 0 12 10 9 4 4 7 7 0 2 5
split_gain=4320.47 68.4669 54.913 31.9552 24.7249 16.1412 13.7495 13.2388 12.654 10.6594 10.4814 10.4518 9.35752 8.61207 8.51114 12.4252 10.6675 6.78896 19.4671 6.2989 5.79498 5.02343 5.97818 4.94893 4.45223 4.33306 5.50724 4.32603 4.07834 3.78051 3.72322 4.19939 3.1083 3.43751 2.45066 2.447 2.43927 2.13323 1.97413 11.7134 8.60218 1.88297 1.84855 1.8246 1.79949 1.71111 2.68161 1.64669 4.74954 1.70575 2.34039 1.46038 1.3386 1.52366 1.52732 2.43974 1.56707 4.0139 2.67615 1.85865 1.32763 1.24421
threshold=0.48506832767546765 0.564035962815011 0.41240109490907895 0.85566901408450702 0.69666666666666677 0.17914438502673799 0.61543878656554729 0.52803983228511542 0.89638906961613551 0.62361111111111123 0.5634920634920636 1.0000000180025095e-35 0.89932432432432441 0.67890835579514841 0.85566901408450702 0.97014260249554385 0.34848484848484856 0.66583333333333361 0.080128205128205135 0.44949494949494956 0.64583333333333337 0.64583333333333337 0.90889328063241115 0.059714795008912663 0.93361581920903958 0.62823920265780742 0.24037037037037037 0.51835016835016845 0.89932432432432441 0.30471628592483424 0.87585616438356173 0.25176056338028174 1.0000000180025095e-35 0.87301587301587313 0.85251155947877277 0.69604037267080754 0.38896276472216856 0.73214285714285732 0.83752357008170975 0.70571428571428574 0.38379705400982006 0.73678839957035469 0.82426470588235301 0.22828571428571431 0.85270009643201561 0.25245098039215691 0.99333333333333351 0.83847248576850097 0.85566901408450702 0.1731634182908546 0.96490147783251234 0.21483516483516485 0.76256394373381442 0.16345083487940634 0.09449404761904763 0.90325224748810151 0.83883535819019694 0.44949494949494956 0.87301587301587313 0.89512961508248245 0.99333333333333351 0.44949494949494956
decision_type=2 2 2 2 2 2 2 2 2 2 2 2 2 2 2 2 2 2 2 2 2 2 2 2 2 2 2 2 2 2 2 2 2 2 2 2 2 2 2 2 2 2 2 2 2 2 2 2 2 2 2 2 2 2 2 2 2 2 2 2 2 2
left_child=2 4 8 17 9 11 12 10 14 27 42 21 44 -10 38 16 28 30 -19 -20 -14 22 -5 -21 36 26 60 51 -16 -12 43 -32 33 -17 -33 -11 -18 -22 61 -40 -41 -29 -3 -4 -6 46 -25 -8 -49 50 -50 -2 53 54 -27 56 59 -58 -59 -56 -9 -1
right_child=1 7 3 5 6 -7 47 25 13 35 29 -13 20 -15 15 32 24 18 19 23 37 -23 -24 45 -26 52 -28 41 -30 -31 31 34 -34 -35 -36 -37 -38 -39 39 40 -42 -43 -44 -45 -46 -47 -48 48 49 -51 -52 -53 -54 -55 55 -57 57 58 -60 -61 -62 -63
leaf_value=-0.051979060753821832 -8.9239816662553152e-05 -0.040432608576494181 -0.0013365854416274312 -0.054499603209707405 -0.0064265544338896257 0.078562205912143204 0.08340709124509775 0.087518737310770311 -0.038411852806769065 0.078522267759695855 0.070153474781507172 -0.052720338189722583 0.085600632643071162 0.07714958243837669 0.018593615516714439 -0.039359676125367754 -0.053893110035801307 0.096662834562825539 -0.046159052456843902 0.047585472842697547 -0.00019015893366745276 0.04051658627140859 0.047748842885197727 -0.026466077401809025 0.039938160586610705 0.07289801863283675 0.012121973947143823 -0.022151958988329806 0.10371900095978104 0.026114335349679569 0.041963082843655811 0.0249801908389485 -0.050985992667851671 0.017147044383673402 -0.054038986292033388 0.012092398531250393 0.020238486841665255 0.034933884810955204 -0.051172217469957683 0.091212927857243817 -0.039021249291838291 0.035999068001589578 0.013420704767746495 -0.051470179901377082 -0.054716967418149791 -0.056038730748013681 0.043876231526518046 0.015372451496972563 0.077740654645527013 0.092253196720421177 0.041889010251006303 -0.049843299061267221 0.075715707909444971 0.076006211895360887 0.044099809474956092 0.073036619503388953 0.073064436375135475 -0.0051662392971515737 0.048316738338728758 0.073834610395721714 0.060579840207162505 -0.04409406711049077
leaf_weight=1653.0871754810214 1.6689451709389747 3.5608403645455864 1.8974643647670735 3.7170397005975309 5.0117885470390302 9.9631696976721269 9.4336219877004606 5.6201206594705608 3.2234841100871554 3.0723551623523226 15.199217706918718 6.2498365044593802 4.8599445298314121 3.225355863571167 2.8769022189080706 9.6673055663704854 6.8838711380958539 3.5114575847983351 18.563451699912552 3.7564047127962104 5.9925135187804708 12.283462204039095 2.3229017555713654 5.037615239620207 2.0811431668698779 89.604983672499657 5.728812873363494 2.6986389979720107 2.753928005695343 7.1729922592639914 2.4711515754461271 1.2664830908179281 46.134398952126503 3.7298498004674903 4.3559701666235924 2.5260394401848316 1.3229176364839075 15.514632392674685 32.703877281397581 2.7128100953996173 2.380616620182991 2.8753534331917763 2.8841155767440796 41.70559386536479 3.1364502236247063 2.4717796184122562 1.8533513806760309 5.0671573057770756 9.8302169591188484 5.8004148602485648 8.4780185222625715 12.682179171591995 834.16103874146938 119.24037121236324 8.298574224114418 33.122924447059631 6.34714151918888 4.6819970905780774 4.6737716048955917 14.331400811672211 24.561834469437599 51.591306731104851
leaf_count=36948 21 54 31 55 56 48 40 25 54 24 64 130 22 14 26 156 133 16 343 34 39 60 13 68 16 391 30 31 15 36 22 21 973 26 72 24 19 85 692 19 26 14 17 887 44 38 17 26 43 25 37 227 3685 520 35 143 27 20 20 61 103 1057
internal_value=-0.00145449 0.0699743 -0.0483629 -0.0158049 0.0299596 0.0248798 0.0447483 0.0733219 -0.0505299 -0.01241 0.0398488 0.00311433 0.0218174 0.0193856 -0.0507779 -0.0343369 0.00490141 -0.0319759 -0.0150371 -0.0274171 0.03629 0.0221587 -0.0151759 -0.000897386 -0.0253795 0.0741604 0.0570654 -0.0295376 0.0602268 0.0560336 -0.0435074 -0.0123626 -0.0448292 -0.0236279 -0.0362396 0.0485486 -0.0419432 0.0251473 -0.0514898 -0.0401876 0.0303428 0.00784535 -0.0163333 -0.0492885 -0.0250147 -0.0203491 -0.00754725 0.0652477 0.0593761 0.0686248 0.0611388 -0.0440572 0.0747112 0.0717219 0.06855 0.0630976 0.0545094 0.0423733 0.0215517 0.0629306 0.0655961 -0.0517404
internal_weight=3223.64 1277.84 1945.8 121.427 98.6483 34.5364 73.1248 1179.19 1824.37 25.5235 28.8172 24.5732 34.5153 6.44884 1817.93 75.4503 15.9188 86.8907 35.1941 31.6826 26.3671 18.3234 6.03994 13.1192 10.2879 1150.37 35.9108 19.9251 5.63083 22.3722 51.6967 8.0936 59.5316 13.3972 5.62245 5.59839 8.20679 21.5071 1742.48 37.7973 5.09343 5.57399 6.44496 43.6031 8.14824 9.36275 6.89097 38.6094 29.1758 24.1087 18.3082 14.3511 1114.46 280.301 161.061 71.4558 38.3329 15.7029 9.35577 22.63 30.182 1704.68
internal_count=48018 5989 42029 1855 758 306 417 5231 40174 341 171 258 246 68 40106 1364 209 1549 516 500 146 128 68 157 168 5060 158 293 41 100 1033 115 1155 182 93 48 152 124 38742 737 45 45 71 918 100 123 85 171 131 105 80 248 4902 1217 697 306 163 67 40 96 128 38005
is_linear=0
shrinkage=0.05


Tree=19
num_leaves=63
num_cat=0
split_feature=12 12 12 1 1 4 1 3 4 9 3 1 2 3 1 1 5 1 10 1 5 5 9 4 9 0 5 1 1 6 1 3 0 3 3 5 2 3 1 9 9 2 10 9 9 1 9 0 1 1 9 12 9 10 9 3 5 1 4 10 5 3
split_gain=4030.52 65.4291 53.8971 29.7185 22.4077 14.8387 13.0069 12.8845 12.1308 9.6553 9.47275 8.60429 11.8437 8.41356 8.38644 8.3668 8.9681 7.84139 7.21589 6.57073 17.6846 6.05392 4.72274 4.60378 5.07695 4.48499 4.45885 5.56814 4.14468 6.07504 3.74815 3.68964 3.82478 3.11472 2.60324 2.14814 2.11646 1.99396 11.1484 9.21732 1.98075 2.39322 1.92042 1.83476 5.79155 1.80981 1.8053 1.77647 1.72559 1.69848 1.59192 1.42199 1.32727 1.30882 1.54199 2.58637 1.39759 2.68166 2.40996 3.06463 1.29593 2.81177
threshold=0.48506832767546765 0.564035962815011 0.41240109490907895 0.85566901408450702 0.69666666666666677 0.63211600429645554 0.52803983228511542 0.58102025506376598 0.89638906961613551 0.62361111111111123 0.82426470588235301 0.85566901408450702 0.97014260249554385 1.0000000180025095e-35 0.89932432432432441 0.93361581920903958 0.19090909090909094 0.67890835579514841 0.86956521739130443 0.66583333333333361 0.080128205128205135 0.44949494949494956 0.046536796536796543 0.62823920265780742 0.24037037037037037 0.28416149068322988 0.64583333333333337 0.90889328063241115 0.44954545454545464 0.36931818181818188 0.92797619047619062 0.87585616438356173 0.25176056338028174 1.0000000180025095e-35 0.89009661835748799 0.73214285714285732 0.22048611111111119 0.83752357008170975 0.70571428571428574 0.38138528138528144 0.25245098039215691 0.99333333333333351 0.86956521739130443 0.48331479421579543 0.3504385964912281 0.22828571428571431 0.34428879310344834 0.20169491525423733 0.27611285266457686 0.85270009643201561 0.32529069767441871 0.77970710046493774 0.16247642991829042 0.16345083487940634 0.09449404761904763 0.9457002457002458 0.095454545454545472 0.89442724458204348 0.86037735849056607 0.10300618921308578 0.44949494949494956 0.66369047619047616
decision_type=2 2 2 2 2 2 2 2 2 2 2 2 2 2 2 2 2 2 2 2 2 2 2 2 2 2 2 2 2 2 2 2 2 2 2 2 2 2 2 2 2 2 2 2 2 2 2 2 2 2 2 2 2 2 2 2 2 2 2 2 2 2
left_child=2 4 8 19 9 13 10 14 11 28 -3 37 15 26 49 16 -13 -10 52 31 -21 -22 -23 24 -8 48 27 -5 47 -30 -20 45 -33 43 -34 -32 -11 60 -39 -40 41 -24 -18 44 -14 -4 -9 -2 -12 -6 -27 53 -16 54 -25 56 -56 -58 -59 -60 -1 -62
right_child=1 6 3 5 7 -7 23 46 17 36 25 12 33 -15 18 -17 42 -19 30 20 21 22 40 51 -26 50 -28 -29 29 -31 35 32 34 -35 -36 -37 -38 38 39 -41 -42 -43 -44 -45 -46 -47 -48 -49 -50 -51 -52 -53 -54 -55 55 -57 57 58 59 -61 61 -63
leaf_value=-0.051830910843314329 0.0037883096363935686 -0.039775254676479938 -0.0012712431556021484 -0.054267111701660424 -0.0065622451937704098 0.077728662357668718 0.062736062690115141 0.067759119031439705 -0.037747687040382422 0.016122826141060149 0.037943789700400153 0.084522448881082152 -0.031977097869790458 -0.04524538228958061 -0.055506980851803361 0.073483765284203639 -0.049320438816182893 0.073529526526425776 0.086802201785647556 0.091497733253507949 -0.045663747164960543 0.061237361118400252 -0.021605655123081883 0.07133568701448216 0.011463025214169505 -0.003486568525801201 0.03798481009680061 0.045183335732863941 -0.055914847513973735 0.039775475386990257 0.0099798371536014095 0.038693205174175148 0.029661171602263205 -0.050688445427262377 -0.053853206530898215 0.046298927842195761 0.076917371280619012 -0.05096639556703008 0.094388591760889304 -0.039627334355823746 -0.055783781238584601 0.037024958496092435 -0.0044563376098115757 -0.053708347892977654 0.062495493222102572 -0.05127995071582786 0.037505441200981378 -0.053341246216112928 0.074439668699445086 -0.054478517335768278 0.038866212866049507 0.073868368910077239 0.0044973188437062014 0.073681854460860494 0.077509036994060643 0.073295938827180288 0.035322969598978182 0.072605111803256003 0.017351009692397393 0.068596219570827954 -0.045368826288103674 0.037529467734018461
leaf_weight=1576.8465416170657 1.5554422177374423 3.4417452439665821 1.895303402096032 3.5505224019289079 5.0185884274542323 9.3116999231278879 29.984593451023102 31.8180116340518 3.1188645102083674 3.0221236497163764 4.4724474251270356 1.9213861078023899 7.5139546729624254 6.4835591986775389 2.1669877618551285 3.4486526958644381 6.6022002324461919 3.2151753008365631 4.2866733670234707 3.5238186419010153 17.844826798886064 2.4794199690222731 5.746156629174946 99.439439460635185 5.754544921219348 3.9351852312684041 12.442800022661684 2.3318151459097862 2.738735180348157 4.2057472541928291 5.8972258418798473 2.5440132692456237 1.1949913278222082 44.135547265410423 4.2578161433339119 13.149192601442335 2.7201526537537575 31.231362342834473 2.6112744957208625 2.52232750877738 2.3617041967809191 2.4967708922922611 3.7344986088573933 3.5389736481010905 2.0689626298844814 39.815053716301918 5.8353137448430052 10.871005058288572 11.74250555038452 2.9286654964089394 5.0865428745746613 774.60627789795399 1.6035488098859785 131.45651966333389 6.1415719538927069 31.808576762676239 15.594719871878622 17.703997179865841 5.7528699934482557 5.9195316582918167 48.547821193933487 1.0449060797691334
leaf_count=36948 19 54 31 55 56 43 128 138 54 26 20 8 97 135 28 22 141 14 22 16 343 22 75 444 30 21 60 13 39 29 28 22 20 973 73 55 22 692 17 28 38 22 38 65 20 887 30 206 51 43 25 3509 17 587 27 141 66 77 25 26 1048 9
internal_value=-0.00145246 0.0679587 -0.0481147 -0.0154535 0.0286976 0.0239081 0.07129 0.0427623 -0.0503323 -0.0120207 0.0380386 -0.0505843 -0.033779 0.00370712 0.0209463 0.004683 -0.0146732 0.0187369 0.0341898 -0.0314116 -0.0146305 -0.026722 -0.000887974 0.0721382 0.0544803 0.0486508 0.0210269 -0.014844 -0.0289006 0.00203754 0.0445607 -0.0430429 -0.0119318 -0.0443298 -0.0355509 0.0350537 0.0449216 -0.0513217 -0.0397423 0.0285416 -0.0154132 -0.00384653 -0.0331117 -0.0229423 -0.0115804 -0.0490076 0.0630706 -0.0461902 0.0643733 -0.02422 0.0203924 0.0727181 -0.0299881 0.0698787 0.0671371 0.0621022 0.0551361 0.0520807 0.0609767 0.0433395 -0.0515806 -0.0436222
internal_weight=3111.04 1250.66 1860.38 118.28 97.8174 34.1204 1152.84 72.7042 1742.1 25.1132 28.6784 1735.77 72.9642 24.8087 35.0509 15.7067 12.2581 6.33404 27.1036 84.1599 34.4527 30.9289 13.0841 1124.16 35.7391 25.2367 18.3251 5.88234 19.3709 6.94448 23.3331 49.7072 7.99682 57.2574 5.45281 19.0464 5.74228 1662.8 36.365 5.1336 10.6046 8.24293 10.3367 13.1219 9.58292 41.7104 37.6533 12.4264 16.215 7.94725 9.02173 1088.42 3.77054 313.817 182.361 82.9213 51.1127 44.9711 29.3764 11.6724 1626.44 49.5927
internal_count=48018 5989 42029 1855 758 306 5231 417 40174 341 171 40106 1364 263 249 209 187 68 150 1549 516 500 157 5060 158 117 128 68 293 68 105 1033 115 1155 93 83 48 38742 737 45 135 97 179 182 117 918 168 225 71 99 46 4902 45 1393 806 362 221 194 128 51 38005 1057
is_linear=0
shrinkage=0.05


Tree=20
num_leaves=63
num_cat=0
split_feature=12 12 1 3 3 1 1 3 2 9 3 10 3 4 9 12 1 5 9 5 3 9 9 7 2 4 9 12 2 7 1 5 1 2 9 5 1 12 2 12 12 1 1 1 5 9 1 4 12 4 12 6 3 9 10 2 1 1 5 9 10 9
split_gain=3741.93 64.2225 52.5401 35.5181 25.5168 20.2066 19.1858 13.4048 20.5863 9.57276 7.96393 8.15 7.62464 7.02243 6.64191 6.54754 7.28265 20.5961 6.54403 5.8245 5.61007 5.30028 3.93887 3.87936 3.72152 3.72063 3.62664 3.56566 3.748 3.3688 4.99304 3.56333 3.29506 4.44569 3.24128 5.01789 5.04001 3.10609 3.07178 3.06928 5.07396 2.59223 2.49641 3.85643 2.34211 2.25839 2.50515 2.20629 2.11993 1.97673 1.95608 1.88042 1.80015 1.77266 1.83049 1.7091 1.57733 2.99809 1.55605 1.54652 1.41528 1.23474
threshold=0.48506832767546765 0.564035962815011 0.85566901408450702 0.66369047619047616 1.0000000180025095e-35 0.53479313380281701 0.71339285714285727 0.85028735632183927 0.48683298683298687 0.26975051975051983 0.62316372152437738 0.36201048411964237 0.69360544217687081 0.85251155947877277 0.62361111111111123 0.40071428090983968 0.67890835579514841 0.080128205128205135 0.51668520578420474 0.44949494949494956 0.55087252292221245 0.23466833541927412 0.1856158484065461 0.78888888888888908 0.74543037554004665 0.89638906961613551 0.37394067796610175 0.42618899527413706 0.25586470267321337 0.5634920634920636 0.89932432432432441 0.64583333333333337 0.51835016835016845 0.53410852713178303 0.04819976771196284 0.64583333333333337 0.94804318488529027 0.65576731082107542 0.99333333333333351 0.39765987731153579 0.38132671929059309 0.36373307543520317 0.80759615384615391 0.82097069597069605 0.11805555555555557 0.20761494252873566 0.85270009643201561 0.75288568257491684 0.77970710046493774 0.94957627118644072 0.41623381558328693 0.13809523809523813 0.71503759398496258 0.15075757575757578 0.11952380952380953 0.39369100844510685 0.89932432432432441 0.94804318488529027 0.5277777777777779 0.71081871345029246 0.2561121049493143 0.09449404761904763
decision_type=2 2 2 2 2 2 2 2 2 2 2 2 2 2 2 2 2 2 2 2 2 2 2 2 2 2 2 2 2 2 2 2 2 2 2 2 2 2 2 2 2 2 2 2 2 2 2 2 2 2 2 2 2 2 2 2 2 2 2 2 2 2
left_child=2 6 7 4 18 9 14 15 27 37 11 51 22 -11 32 -1 -17 -18 34 -19 -6 -22 -7 -24 -21 59 52 49 -29 30 -13 58 60 -34 38 39 -37 -3 -4 40 56 -15 -26 -44 -10 -45 -47 -5 61 -9 -38 -8 -12 54 -54 -30 -36 -58 -31 -16 -2 -14
right_child=1 5 3 47 20 12 10 8 44 13 26 29 48 41 25 16 17 19 -20 24 21 -23 23 -25 42 -27 -28 28 55 31 -32 -33 33 -35 35 36 50 -39 -40 -41 -42 -43 43 45 -46 46 -48 -49 -50 -51 -52 -53 53 -55 -56 -57 57 -59 -60 -61 -62 -63
leaf_value=-0.051553117037307174 -0.049562662789759571 -0.050216014969343539 0.061067059327513579 0.030355702739428621 -0.052266945060659445 0.057690847485449587 -0.055879404216935186 -0.049071223657124463 0.081858126249393481 -0.01800715898267281 0.08976830006636187 0.02264777376994704 0.070309613155385239 0.07912054188399302 0.032292782908337848 -0.049585654288666785 0.13152863401139286 -0.04767344787970898 -0.055556089128399301 0.052001410256449589 0.05497693737393744 -0.057106068703205053 -0.0081099209150805925 0.054710813677369768 -0.04402937858888005 0.081911736434626195 0.016219041671011007 0.031186765941601021 -0.053884699848302936 0.018941224122481847 0.11395636961778206 0.035837442949146814 0.064461211486665101 -0.027637649330059924 -0.054214187974656575 0.067776261642622598 -0.028405392169868579 0.010646003240842252 0.0084073910460057393 -0.056632575414184455 0.080348335274150209 0.039270917070609042 0.060495285202658171 -0.056396034684669152 0.025584419923462116 0.061758302067755816 -0.028018379201879502 0.072013168957437132 0.072314493019548134 0.018695071081603332 0.018080914962708475 0.0091703226812718235 0.045615360858156775 0.034842432409523658 0.077374305704232718 0.015254864822817802 0.053124570987610767 -0.053093025811017269 -0.029594293608937391 -0.029927213244126505 -0.0035456270812292802 0.063860927702049444
leaf_weight=1527.8820969946682 10.214044697582727 3.877298869192602 5.4070411100983602 4.6986187398433676 50.541727598756552 33.009167656302452 3.5112470611929885 27.750092428177599 3.628651186823844 3.5013921223580864 5.1113814413547543 3.1289174705743816 161.59784185886383 8.5126037150621432 2.105938032269477 52.751680213958025 2.0973392948508254 19.762739092111588 4.034772925078868 2.3073580488562575 2.4718444123864165 1.839880049228668 5.1837873607873899 4.6727292090654373 5.1220269314944726 2.3616201281547546 4.8661938756704322 3.3893105685710889 3.7112616524100304 3.1111111566424396 2.8709979355335236 18.704373478889465 1.9833581447601307 3.8611783981323242 2.4925176836550254 4.1265678927302334 3.443784486502409 4.5638901069760323 5.6768115162849426 4.3166048638522625 1.4462694153189657 7.8390813246369353 2.0128612592816353 2.4393775090575218 3.7700399160385132 1.2791247703135014 1.9796541519463062 9.8242024630308133 763.66299542784691 1.1195334941148747 6.5997082740068436 1.6251938566565511 7.4402564167976442 6.5558981299400321 11.627556100487707 1.1773973330855367 1.3577053621411324 1.3008743673563004 3.5195418074727058 1.8995128907263277 1.9976782836019982 137.29441234469414
leaf_count=37432 191 38 26 20 1222 142 48 615 21 45 22 35 742 38 19 1236 10 432 70 28 21 21 28 20 86 10 26 39 66 30 13 87 13 37 38 27 37 21 27 60 15 35 17 28 20 17 36 43 3552 8 32 12 33 28 52 12 16 24 28 21 35 616
internal_value=-0.0013103 0.0656823 -0.0478263 -0.014292 -0.0254187 0.0690153 0.0265243 -0.050037 -0.022979 0.0272919 0.0395027 0.0230815 0.0700832 0.0462558 -0.0117748 -0.0507821 -0.0376574 -0.0206512 0.00484118 -0.0297957 -0.0475966 0.00714937 0.0494086 0.0216718 -0.00645997 0.0321347 0.0563253 -0.0381483 -0.00921936 0.032651 0.0663395 0.0246728 -0.0272583 0.00361633 0.0115789 0.00162914 0.0212554 -0.0173098 0.0340964 -0.0238524 -0.00240464 0.0600164 -0.0169712 0.00100211 0.0531836 -0.0200137 0.00722046 0.0585356 0.0709173 -0.0464433 0.00214136 -0.0352974 0.0626752 0.0572707 0.064982 -0.0372329 -0.0256391 0.00115105 -0.00682136 0.00278607 -0.0420349 0.0673474
internal_weight=3001.97 1230.21 1771.76 109.579 95.0561 1133.72 96.496 1662.18 44.5463 28.2943 72.0727 36.4714 1105.42 19.8531 24.4233 1617.63 89.7522 37.0005 40.2027 34.9031 54.8535 4.31172 42.8657 9.85652 15.1404 6.36707 35.6013 37.1476 8.27797 31.3349 5.99992 25.335 18.0563 5.84454 36.1679 25.084 14.1701 8.44119 11.0839 10.914 6.59737 16.3517 12.833 7.71102 7.39869 5.69816 3.25878 14.5228 1062.56 28.8696 10.0435 5.13644 30.7351 25.6237 19.0678 4.88866 5.1511 2.65858 6.63065 4.00545 12.2117 298.892
internal_count=47819 6017 41802 1699 1636 5277 740 40103 781 177 414 253 5100 118 326 39322 1890 654 372 644 1264 42 190 48 212 50 161 740 117 193 48 145 276 50 302 249 96 59 53 153 93 73 184 98 41 81 53 63 4910 623 69 60 135 113 85 78 78 40 58 40 226 1358
is_linear=0
shrinkage=0.05


Tree=21
num_leaves=63
num_cat=0
split_feature=12 12 1 4 3 1 2 3 2 3 9 3 10 12 1 5 2 3 9 4 9 5 1 1 2 9 12 7 10 7 2 1 7 9 9 2 5 12 9 9 1 1 1 7 12 7 9 12 7 7 9 4 1 9 9 6 7 1 7 1 7 10
split_gain=3498.05 61.8396 51.4964 31.9594 27.5198 19.511 17.6072 13.7785 19.6073 9.14769 8.69664 7.82738 7.5508 6.96784 7.37911 18.2931 6.77354 7.80555 6.65244 6.35917 6.20364 5.71258 5.32116 4.15529 4.1418 3.66402 3.50031 3.49876 3.44477 3.35926 3.32256 3.29882 3.25878 3.19219 3.83387 3.67113 3.51708 2.9093 2.81461 3.9031 2.42426 2.26755 3.49418 2.58286 2.21175 2.15232 3.08046 2.10795 2.4989 1.9988 1.91868 1.90975 1.89276 1.60284 3.5815 1.54112 1.37541 3.8152 1.32877 1.27807 2.30324 2.59853
threshold=0.48506832767546765 0.564035962815011 0.86552066772655012 0.62268230638778987 1.0000000180025095e-35 0.53479313380281701 0.4217939214232766 0.85028735632183927 0.48683298683298687 0.62316372152437738 0.26975051975051983 0.69360544217687081 0.36201048411964237 0.40071428090983968 0.67890835579514841 0.080128205128205135 0.99333333333333351 0.74862637362637374 0.63003220611916277 0.85251155947877277 0.51668520578420474 0.44949494949494956 0.37912885662431944 0.80759615384615391 0.77032967032967037 0.1856158484065461 0.42618899527413706 0.78888888888888908 0.17974358974358975 0.11805555555555557 0.74543037554004665 0.68410526315789488 0.58571428571428574 0.04819976771196284 0.3465463108320252 0.99333333333333351 0.64583333333333337 0.65576731082107542 0.10762548262548265 0.29099462365591405 0.36373307543520317 0.80759615384615391 0.82097069597069605 0.73214285714285732 0.77970710046493774 0.78888888888888908 0.13680926916221037 0.43844543990564816 0.64583333333333337 0.87301587301587313 0.19292803970223329 0.94957627118644072 0.37108013937282236 0.44862772695285019 0.53614982578397219 0.13809523809523813 0.11805555555555557 0.85566901408450702 0.87301587301587313 0.95040983606557383 0.64583333333333337 1.0000000180025095e-35
decision_type=2 2 2 2 2 2 2 2 2 2 2 2 2 2 2 2 2 2 2 2 2 2 2 2 2 2 2 2 2 2 2 2 2 2 2 2 2 2 2 2 2 2 2 2 2 2 2 2 2 2 2 2 2 2 2 2 2 2 2 2 2 2
left_child=2 6 7 4 20 10 18 13 26 12 37 25 55 -1 -15 -16 -5 58 53 -12 33 -17 -20 24 -14 -7 51 -27 -28 -10 -23 -11 -25 35 38 -4 -36 -3 -35 47 -21 -32 -43 -44 59 50 -47 48 -40 -50 -34 -9 -30 -2 -55 -8 -33 -58 -18 60 -13 -62
right_child=1 5 3 16 -6 11 9 8 29 31 19 44 23 14 15 21 17 -19 22 40 -22 30 -24 32 -26 27 28 -29 52 -31 41 56 45 34 36 -37 -38 -39 39 -41 -42 42 43 -45 -46 46 -48 -49 49 -51 -52 -53 -54 54 -56 -57 57 -59 -60 -61 61 -63
leaf_value=-0.051380533123568078 -0.053775627933334652 -0.049299026270657076 0.066528838311242997 0.079378095965817227 -0.051219182129423682 0.05542724675748683 -0.055478169429998808 -0.048782464893533599 0.084997946835741287 0.010402256594205385 -0.017331185623502131 0.067774413697518174 0.038691698762755793 -0.049337882448589915 0.12123501507739112 -0.047326621848290576 -0.053340712898467528 0.070326139572293209 0.060633399248626797 0.075959695970819821 -0.05539108218076351 0.047399723772645994 -0.031668546717421607 0.072521341973772954 -0.054529290849528178 -0.0077292343829366093 -0.035436143390772661 0.051974532179911985 0.07008208065932231 0.018822709644426505 -0.043491432091686627 0.076920606168128791 0.036000308120422153 -0.062633560231810367 -0.0098158018092148139 0.0079748806749352832 0.072429517263953733 0.010093768132868601 0.033607221620621339 -0.046830979891743563 0.037323398572410897 0.055370242510161441 -0.035699813175748767 0.03747687749249011 0.070712795919884483 0.022290127424827708 0.07021343926256797 0.039945731786819837 -0.054721744751744898 0.012428622840883218 -0.011269558521929247 0.017597060467683053 -0.0057806308560225637 0.031463587980159802 -0.057262777069514229 0.00064161215539997778 0.022418575511445746 0.064723446316028749 0.0004040624952929603 0.071577550285143565 0.028626298067282521 0.059972322491087693
leaf_weight=1461.3859662488103 7.6560578383505362 3.755068603903057 5.0587773695588094 8.8892743140459061 46.90754009783268 32.648568838834763 3.5250455588102332 26.549038935452703 3.6705416962504378 4.0066661536693564 3.4572092182934311 137.36320221424103 2.0725612901151171 50.424629684537649 2.1598933264613143 18.933211382478476 2.3421593718230724 3.736702486872673 3.8227888680994502 8.4256684929132479 3.6710813231766215 2.4022047743201282 2.6395941451191902 4.8208500407636192 2.8029322437942028 5.1675731763243657 4.9052378647029382 4.6727698892354965 1.5826869457960131 4.0159976035356522 4.9309733994305125 7.7233647406101218 3.6226137615740299 2.137027367949492 2.1761171407997599 5.6852316707372665 3.228159561753273 4.5726713538169861 2.7714339159429056 3.612176075577735 7.8357815667986861 2.0871862433850747 5.1767874360084534 1.5720385648310182 742.45022460818291 9.5307593345642072 5.1733713075518617 4.4043353162705898 2.6471633799374104 1.9061714261770246 5.269122801721096 1.1296512261033047 1.7111376114189623 2.1094485744833946 2.4681121744215488 1.8735111802816389 7.3856971338391331 19.141550645232201 2.2595314383506775 68.011945933103561 7.2136148661375037 79.214649692177773
leaf_count=37509 153 38 23 43 1167 142 51 615 21 34 45 639 24 1236 10 432 21 16 28 38 67 28 24 34 39 28 71 20 22 21 86 35 20 21 31 27 20 21 37 38 35 17 76 20 3552 42 26 24 39 11 33 8 24 28 33 17 33 86 21 323 32 364
internal_value=-0.00130921 0.0639877 -0.0475792 -0.0130361 -0.0257308 0.0673268 0.0254181 -0.0497792 -0.0220471 0.0359927 0.0261562 0.0683992 0.01885 -0.0505591 -0.0368693 -0.0199963 0.0490131 0.0166421 -0.018104 0.0442501 0.00632477 -0.0286865 0.0229322 0.0277446 -0.0149013 0.0473663 -0.0375733 0.0206216 -0.0088786 0.0504233 -0.00685987 0.0533297 0.0350614 0.0130624 0.0025063 0.0355448 0.0393121 -0.0166871 -0.00887403 -0.00138538 0.0573423 -0.0163276 -0.00116877 -0.0186544 0.0692632 0.027408 0.039151 0.0126104 -0.00382621 -0.0266105 0.00798882 -0.0460733 0.0306715 -0.0397813 -0.0163756 -0.0360024 0.0583514 0.052945 -0.0269508 0.0655751 0.0637508 0.0573561
internal_weight=2894.5 1200.43 1694.07 101.433 84.2052 1104.79 95.644 1592.64 43.5643 76.948 28.0464 1076.74 38.6908 1549.07 87.6869 37.2623 17.2277 8.33839 18.696 19.7187 37.2977 35.1024 6.46238 33.2922 4.87549 42.4889 35.8778 9.84034 8.19906 7.68654 16.1692 38.2573 28.4167 33.6266 22.8826 10.744 5.40428 8.32774 17.4783 15.3413 16.2615 13.767 8.83601 6.74883 1034.25 23.5959 14.7041 11.7291 7.32477 4.55333 8.89174 27.6787 3.29382 12.2336 4.57756 5.39856 34.2506 26.5272 4.60169 291.803 223.791 86.4283
internal_count=47819 6017 41802 1606 1505 5277 740 40196 782 474 177 5100 286 39414 1905 669 101 58 266 118 338 659 52 218 63 190 740 48 117 42 227 188 155 271 221 50 51 59 170 149 73 199 113 96 4910 121 68 111 87 50 53 623 46 214 61 68 154 119 42 1358 1035 396
is_linear=0
shrinkage=0.05


Tree=22
num_leaves=63
num_cat=0
split_feature=12 12 1 3 3 1 1 3 1 1 0 3 0 3 12 1 5 10 9 9 3 0 5 0 3 12 4 10 9 3 1 0 0 1 0 5 1 12 7 1 5 12 9 9 12 3 5 12 12 12 9 5 1 4 6 12 3 9 10 0 9 5
split_gain=3272.89 59.7447 50.401 30.2723 23.4645 18.889 15.9491 13.3298 17.4734 14.5768 8.13125 8.0898 8.45376 7.085 6.72784 7.06421 16.4851 6.64367 5.74466 5.68889 5.52094 7.86477 5.50882 5.48912 5.76062 4.38545 4.03792 4.3262 3.32809 3.27482 3.03357 3.02844 2.92965 2.6625 4.95736 4.76753 2.8998 2.63344 2.61614 4.38545 2.96177 2.84694 2.8498 2.60772 2.5014 2.22359 2.88778 3.00816 2.00042 1.98023 1.95492 2.87819 3.1072 1.94973 1.77888 1.64562 1.6444 1.72491 1.79902 1.53829 1.49781 1.44047
threshold=0.48506832767546765 0.564035962815011 0.85566901408450702 0.66369047619047616 1.0000000180025095e-35 0.53479313380281701 0.71339285714285727 0.85028735632183927 0.62715832601697408 0.85270009643201561 0.27953488372093033 0.71834935897435914 0.85053191489361712 0.62316372152437738 0.40071428090983968 0.67890835579514841 0.080128205128205135 0.36201048411964237 0.51668520578420474 0.44862772695285019 0.55087252292221245 0.99333333333333351 0.44949494949494956 0.23166368515205729 0.933879781420765 0.70516999243656409 0.90751285588862418 0.097167584579071611 0.37394067796610175 0.96249413970932973 0.51835016835016845 0.64346246973365628 0.23606811145510842 0.89932432432432441 0.99333333333333351 0.64583333333333337 0.94804318488529027 0.37672433340361039 0.5634920634920636 0.89932432432432441 0.73214285714285732 0.50040120607370453 0.14854215918045707 0.059714795008912663 0.39765987731153579 0.56048780487804895 0.64583333333333337 0.65576731082107542 0.77970710046493774 0.43216994598982794 0.20761494252873566 0.5277777777777779 0.83373983739837421 0.75288568257491684 0.13809523809523813 0.43216994598982794 0.73144505638604784 0.15075757575757578 0.11952380952380953 0.37884436160298235 0.13423423423423428 0.58571428571428574
decision_type=2 2 2 2 2 2 2 2 2 2 2 2 2 2 2 2 2 2 2 2 2 2 2 2 2 2 2 2 2 2 2 2 2 2 2 2 2 2 2 2 2 2 2 2 2 2 2 2 2 2 2 2 2 2 2 2 2 2 2 2 2 2
left_child=2 6 7 4 18 10 19 14 23 -10 -3 12 -7 17 -1 -16 -17 54 33 30 -6 -22 -18 24 55 29 27 -21 56 59 -2 -32 -29 37 -35 -36 -37 -4 39 -19 41 -40 -43 -24 -39 46 -14 60 -13 -38 61 52 -52 -5 -8 -9 -15 58 -58 -12 -48 -45
right_child=1 5 3 53 20 11 13 8 9 -11 25 48 45 28 15 16 22 38 -20 26 21 -23 43 -25 -26 -27 -28 32 -30 -31 31 -33 -34 34 35 36 49 44 40 -41 -42 42 -44 50 -46 -47 47 -49 -50 -51 51 -53 -54 -55 -56 -57 57 -59 -60 -61 -62 -63
leaf_value=-0.051266933257674355 -0.052820218447001667 0.048326843828761519 -0.054968896847004428 0.027981976522848225 -0.052046997312498046 -0.017964686454599824 -0.05531565850428765 -0.038379145278367416 0.088241808066076344 -0.037081622065041578 -0.061791240838727939 0.064243580333211592 0.079458889259709439 0.083788772456125593 -0.049090226884973567 0.11269551173064643 -0.04697718241102472 0.0186233735886547 -0.055073561620020334 -0.055585689747084825 0.07875003524965124 -0.057784551507453735 0.028857565662157997 -0.049005433400920589 0.099878458535667958 0.04147635870734713 0.06824586825933493 0.056838452098512737 0.013972021265081715 0.024042898291726549 0.031298257642483528 -0.044625910166384682 -0.018269114345646164 0.053725778721672883 -0.042556043748870925 0.056883546177139845 -0.014424679929781871 0.05387355309216018 0.041713693111049589 0.1029556987439023 0.037396314461843952 -0.053680019886229162 0.0088136331965054434 -0.05437765601875099 -0.022242131596752451 0.06811617393127746 0.036484014862793977 0.061516510411328718 0.069250179574283505 0.023600179810105176 -0.023344849823618577 -0.053685026616184101 0.069355593531753926 0.067644901664757284 0.008890935772869998 0.030967809528875942 0.041859808045908289 0.030985398337137367 0.074201902184081181 -0.0065609200734251779 0.0041488632617476167 0.0010432726491669839
leaf_weight=1390.0448632203043 7.8557073697447795 15.982460960745813 2.759751856327056 4.6149633079767218 46.011321526020765 4.4809356778860083 3.2089894264936438 3.479044370353221 5.7059715837240201 3.9103728421032429 4.2366863563656789 276.18449607491493 5.2541847676038769 5.3623823821544674 48.201308477669954 2.2060874402523032 18.140437349677086 3.2713244557380703 3.6823567152023307 2.5534736663103086 2.0259438753128043 2.2001489512622356 3.9536773562431327 26.767251841723919 1.2448262795805929 3.4045517295598975 2.7518306225538254 2.9442915134131908 4.8300234377384177 2.3669933080673218 2.839401300996542 2.4438307583332062 2.3224813118577003 7.0649122186005142 4.1689518094062832 3.6076859012246159 6.206180486828087 1.7486640363931654 3.3686257824301746 2.9154630601406097 14.155532047152517 2.8068051114678365 5.2111488580703735 4.1153051704168302 2.8201483190059662 17.401232168078423 10.729943230748182 9.2106692492961866 718.71008145809174 7.6373523771762848 1.6364798583090308 1.5369935333728788 2.0194463618099689 9.4290886074304563 1.6250632070004938 1.1344436556100843 7.1958397626876893 6.4282503575086585 10.683238074183462 1.7948341108858583 5.3755667060613623 1.6395795568823812
leaf_count=37432 171 83 40 20 1222 23 48 78 26 36 47 1320 24 24 1236 10 432 35 70 36 16 26 39 620 10 14 13 27 26 12 20 27 32 36 67 22 51 16 23 13 62 21 39 64 36 81 45 42 3542 34 27 27 33 43 12 11 33 28 50 21 23 22
internal_value=-0.00130739 0.0624172 -0.0473351 -0.0136597 -0.024321 0.0657719 0.0243605 -0.0496452 -0.0219521 0.0372805 0.0250826 0.0668513 0.0477132 0.0362086 -0.0504391 -0.03665 -0.0196381 0.0208728 0.00441032 -0.0111487 -0.0470236 0.00766867 -0.0284735 -0.0394108 0.00442786 -0.00639224 0.0161542 -0.00217606 0.0524615 -0.025797 -0.0331176 -0.0038215 0.0237184 0.0104925 0.0173642 0.00548213 0.0169581 -0.0164043 0.029192 0.0583642 0.0221259 0.00314209 -0.0130632 -0.00594797 0.00689033 0.0538481 0.0457264 0.0387255 0.0678603 0.00655329 -0.0185176 0.00372488 0.0278607 0.0546114 -0.0337313 -0.0213269 0.0587273 0.0531986 0.0611851 -0.045356 0.0256914 -0.0385881
internal_weight=2789.62 1169.91 1619.71 103.977 89.9334 1075.13 94.7737 1515.74 42.2419 9.61634 27.7855 1047.35 52.4525 71.0627 1473.49 83.4493 35.248 36.563 39.696 23.711 50.2374 4.22609 33.0419 32.6256 5.85831 11.8031 10.5721 7.82025 34.4997 8.39851 13.1389 5.28323 5.26677 36.0136 28.6851 21.6202 17.4512 7.32856 31.7289 6.18679 25.5421 11.3866 8.01795 14.9015 4.56881 47.9716 30.5704 25.3162 994.895 13.8435 10.9478 5.19292 3.65593 14.0441 4.83405 4.61349 29.6697 24.3073 17.8791 6.03152 16.1055 5.75488
internal_count=47819 6017 41802 1699 1636 5277 740 40103 781 62 177 5100 238 414 39322 1890 654 253 372 326 1264 42 644 719 99 94 108 95 161 80 218 47 59 302 210 174 107 92 193 48 145 83 60 212 52 215 134 110 4862 85 173 87 60 63 60 89 135 111 83 68 68 86
is_linear=0
shrinkage=0.05


Tree=23
num_leaves=63
num_cat=0
split_feature=12 1 12 3 3 1 4 12 1 5 9 4 1 4 9 9 0 9 9 5 3 2 1 7 0 3 3 10 3 2 9 5 1 12 9 0 1 9 7 7 0 12 0 1 3 4 5 5 3 3 5 10 3 12 3 0 1 7 2 3 12 9
split_gain=3065.1 64.7923 41.0203 25.0736 34.5865 23.8713 16.4693 16.2215 10.6079 20.7996 9.09813 8.78882 7.9457 7.50782 7.38513 6.86738 5.45563 4.61358 4.40844 4.39462 4.89118 4.05633 3.86069 3.81468 3.67976 3.90431 3.62916 7.58025 3.33826 13.9822 3.17685 2.80728 6.57978 7.45609 2.7167 4.44302 3.58756 2.51719 2.5022 3.58893 2.30016 2.24956 2.24951 6.59571 2.05731 2.53004 2.04146 8.07203 1.90087 1.8297 1.80538 1.63961 2.16897 2.04864 3.51557 1.61352 1.47053 1.39442 1.3708 1.3452 4.63353 1.33056
threshold=0.50040120607370453 0.86552066772655012 0.65576731082107542 0.55087252292221245 1.0000000180025095e-35 0.51325675675675686 0.66684397163120579 0.40071428090983968 0.67890835579514841 0.080128205128205135 0.3874259381171824 0.95024752475247531 0.28328040647824715 0.90064102564102566 0.19478319783197837 0.51668520578420474 0.7593103448275863 0.42724867724867727 0.04819976771196284 0.44949494949494956 0.89009661835748799 0.99333333333333351 0.60459830866807618 0.5634920634920636 0.22361111111111118 0.933879781420765 0.53633392004023139 0.86956521739130443 0.84660633484162906 0.48683298683298687 0.26975051975051983 0.73214285714285732 0.92797619047619062 0.53841480580355372 0.12060606060606062 0.81302966101694929 0.82097069597069605 0.20761494252873566 0.87301587301587313 0.73214285714285732 0.64075471698113218 0.77970710046493774 0.89512961508248245 0.83373983739837421 0.70859704641350219 0.73076923076923084 0.095454545454545472 0.31666666666666671 0.76980056980056988 0.86319073083778985 0.64583333333333337 0.025320512820512824 0.98571136966727912 0.72553614411503753 0.9099909990999101 0.17467581998474455 0.74046885318071765 0.58571428571428574 0.39369100844510685 0.81302966101694929 0.53841480580355372 0.23466833541927412
decision_type=2 2 2 2 2 2 2 2 2 2 2 2 2 2 2 2 2 2 2 2 2 2 2 2 2 2 2 2 2 2 2 2 2 2 2 2 2 2 2 2 2 2 2 2 2 2 2 2 2 2 2 2 2 2 2 2 2 2 2 2 2 2
left_child=1 7 5 4 15 10 16 11 24 -10 58 28 -12 48 57 17 40 18 21 20 61 -3 30 -18 25 44 27 -25 -1 -30 -4 32 33 -29 35 56 -37 -36 39 50 -7 51 43 -39 -9 -46 -8 -48 -14 -50 -20 52 53 54 -24 -47 -21 -5 -2 -49 -61 -11
right_child=2 3 22 14 -6 6 46 8 9 19 12 -13 13 -15 -16 -17 23 -19 38 34 -22 -23 41 26 -26 -27 -28 31 29 -31 -32 -33 -34 -35 37 36 -38 42 -40 -41 -42 -43 -44 -45 45 55 47 59 49 -51 -52 -53 -54 -55 -56 -57 -58 -59 -60 60 -62 -63
leaf_value=-0.051125240068491354 -0.05597848203034031 0.064555651936290689 0.01268170933794522 0.076231473662335042 -0.051974717631289163 -0.061455495770829677 0.070280781093983474 -0.052231208484156799 0.09478671907493269 -0.026987511219063016 0.10635477703685091 0.10151951888750409 -0.053995750115636953 0.051206839779931582 -0.0071357718179878796 -0.05547822708148567 0.064675902522319265 0.074734802179111756 -0.01532741552499819 0.0044127726804985791 0.049935169897379415 0.0097747145282838371 0.052739126968937393 -0.048590433191836604 -0.049482620171224505 0.07081677541827823 0.062920875433347484 -0.023575575669435231 -0.048333486381647944 0.051607260751124311 0.057578558424912878 0.037312301379937358 -0.03428347203989706 0.079975739557644782 -0.056007623384303179 0.085409254496492004 0.00041959274619595604 -0.036018903584373929 0.02042150108888291 -0.050894705470248824 0.0065494457905439177 0.067931762417856964 -0.053143161070998528 0.092240029145679567 0.049923367830787956 0.012898376323601005 0.0012232986748962746 0.069266589945826171 0.027438690365577285 -0.036991247202301951 0.027220356120517049 0.063843597865515272 0.069559454355935121 0.05680653211026962 -0.0090881008248892819 -0.054474860879661247 -0.05525739446934555 0.043567625907433523 -0.010247039300669163 0.011622487807504535 0.060455557603440527 -0.054036365353559684
leaf_weight=1327.6173493750393 6.987650331109764 6.2314627170562726 5.7847694680094746 8.1624949425458926 42.590206734836102 2.2740413360297671 28.960944056510925 4.5151879452168924 4.1598617434501639 6.9938163571059766 2.1758445650339118 0.94811541587114234 3.5826907530426961 4.9934234395623207 5.1507297419011584 3.5312334783375254 6.9928112663328639 3.2113453224301329 5.836825065314768 2.1885435953736323 1.4697663411498059 7.3826961815357208 5.0037896037101763 3.6935354992747298 50.240693714469671 1.1255085617303837 5.5061696693301192 2.884776405990122 23.839240152388815 4.1018767878413191 12.355721883475779 22.465240523219109 5.343000590801239 4.3743170350790024 3.678531635552643 2.6972239091992378 2.300893060863018 2.4512893930077553 8.6098595038056374 4.4692776016891012 2.7435639537870884 700.07091277837753 1.6141429916024206 1.6958041191101072 1.4523991607129572 1.4678180627524855 6.4621395394206038 23.860527247190475 2.1913502216339111 2.2164091356098652 4.3522256910800934 186.20668043196201 10.49980801343918 10.212833449244497 4.2537704706192017 2.2522748522460461 1.9547442980110643 5.4482646808028212 2.1406303383409977 5.5118001103401175 40.928105235099792 12.992751970887182
leaf_count=37467 123 28 27 39 1180 20 140 114 19 161 15 5 59 22 39 68 38 29 81 24 8 35 24 42 1293 8 25 31 601 23 57 94 25 22 52 28 24 39 46 48 27 3558 31 24 29 22 32 115 23 21 36 915 52 49 20 37 28 28 31 25 197 296
internal_value=-0.00130534 -0.0464668 0.0618315 -0.00852437 -0.0199236 0.0404076 0.0473379 -0.0491917 -0.0302824 -0.0116259 -0.00581745 -0.0506588 0.017929 0.00311058 0.0438586 0.0113674 0.0254871 0.0172548 0.01225 -0.0226821 -0.0380975 0.034849 0.0661028 0.0303577 -0.0437879 -0.0173288 0.0249365 0.0195406 -0.0507653 -0.0336618 0.0432615 0.0267167 0.00782825 0.0388243 -0.00488136 0.0145466 0.0462841 -0.0236953 -0.000972599 -0.0135388 -0.0242712 0.066555 -0.00306399 0.016428 -0.0275695 -0.00604181 0.0589692 0.0547016 -0.0269459 -0.00495943 0.00284675 0.0620966 0.0512427 0.041365 0.02433 -0.0278917 -0.0237388 0.0631564 -0.0452542 0.0596174 0.0546597 -0.0445713
internal_weight=2687.41 1566.73 1120.68 104.977 86.2151 186.289 162.001 1461.76 105.251 44.1974 24.288 1356.51 15.1597 12.9839 18.7615 43.6249 56.2775 40.0937 36.8823 40.0375 21.4563 13.6142 934.388 51.2599 61.0539 10.8132 44.267 38.7609 1355.56 27.9411 18.1405 35.0673 12.6021 7.25909 18.5812 9.1414 4.99812 9.43977 23.2682 14.6583 5.01761 916.248 5.76124 4.14709 9.68768 5.17249 105.724 76.7626 7.99045 4.40776 10.1891 216.177 29.9702 19.4704 9.25756 3.72009 4.14329 13.6108 9.12828 70.3004 46.4399 19.9866
internal_count=47819 41990 5829 1657 1551 1127 833 40333 2237 734 294 38096 140 125 106 371 324 303 274 715 465 63 4702 277 1503 210 239 214 38091 624 84 172 78 53 250 104 52 146 211 165 47 4618 94 63 202 88 509 369 103 44 117 1060 145 93 44 59 52 67 154 337 222 457
is_linear=0
shrinkage=0.05


Tree=24
num_leaves=63
num_cat=0
split_feature=12 12 1 3 3 2 3 1 5 1 3 9 10 4 12 1 5 0 0 0 3 3 0 5 9 3 1 2 12 2 1 5 5 3 9 9 1 2 12 12 3 12 12 3 4 7 4 12 5 1 0 1 10 12 0 12 1 7 0 9 7 2
split_gain=2872.58 55.6127 48.3396 26.0789 21.4984 16.8864 13.1182 15.3549 12.9657 12.7203 11.8834 7.41773 6.88934 6.88766 6.87731 6.82227 13.6157 6.49673 6.28563 5.33679 5.91342 5.16863 7.31022 5.14437 5.09544 5.02345 4.42674 3.91665 3.56647 2.90866 2.57335 4.73774 5.8606 2.45479 2.44696 4.12778 3.21398 4.79294 4.74943 2.43039 2.40052 2.34978 2.4152 2.33219 3.00013 2.31467 1.89077 1.82145 1.77489 2.01904 1.5902 3.72545 1.53097 1.52499 1.47476 1.46997 1.41803 2.33734 4.1597 3.07792 4.96411 1.18599
threshold=0.48506832767546765 0.5942586191961361 0.85566901408450702 0.66369047619047616 1.0000000180025095e-35 0.41728855721393038 0.85028735632183927 0.62715832601697408 0.080128205128205135 0.53479313380281701 0.62316372152437738 0.37394067796610175 0.36201048411964237 0.89638906961613551 0.40071428090983968 0.67890835579514841 0.080128205128205135 0.6861407249466952 0.27543103448275869 0.23166368515205729 0.93852355757117678 0.55087252292221245 0.95311355311355328 0.44949494949494956 0.47871376811594207 0.69360544217687081 0.80759615384615391 0.77032967032967037 0.70516999243656409 0.74543037554004665 0.85566901408450702 0.095454545454545472 0.31666666666666671 0.96051948051948066 0.3465463108320252 0.29099462365591405 0.90889328063241115 0.99333333333333351 0.43216994598982794 0.77970710046493774 0.55612829324169544 0.37672433340361039 0.39765987731153579 0.70859704641350219 0.73413406214039134 0.58571428571428574 0.75288568257491684 0.65576731082107542 0.73214285714285732 0.91503452605147528 0.85053191489361712 0.83847248576850097 0.24509048902579902 0.53841480580355372 0.9104278074866311 0.53841480580355372 0.95040983606557383 0.64583333333333337 0.92907444668008055 0.19098277608915909 0.69047619047619058 0.86425061425061434
decision_type=2 2 2 2 2 2 2 2 2 2 2 2 2 2 2 2 2 2 2 2 2 2 2 2 2 2 2 2 2 2 2 2 2 2 2 2 2 2 2 2 2 2 2 2 2 2 2 2 2 2 2 2 2 2 2 2 2 2 2 2 2 2
left_child=2 5 6 4 24 11 14 19 -9 18 12 -2 55 43 -1 -16 -17 -10 -3 20 52 -6 -23 61 34 47 27 -14 33 -25 31 -12 -33 -20 35 36 41 -38 -39 56 50 -4 -43 -13 -45 54 -5 -11 49 -47 -31 -52 -8 -46 -28 -7 57 -27 59 60 -59 -18
right_child=1 9 3 46 21 10 7 8 17 25 30 13 26 -15 15 16 23 -19 28 -21 -22 22 -24 29 -26 39 45 -29 -30 40 -32 32 -34 -35 -36 -37 37 38 -40 -41 -42 42 -44 44 53 48 -48 -49 -50 -51 51 -53 -54 -55 -56 -57 -58 58 -60 -61 -62 -63
leaf_value=-0.050997197824398148 -0.054400280597242494 0.049789261050903762 -0.054834602942387747 0.024900708544019129 -0.051845233915268851 -0.049697963913392061 -0.038626970505654487 0.11255978194310759 -0.059669825425097738 0.033055948092165041 0.065096409175309941 -0.054257240558471823 0.033326387756939996 0.052507159034378352 -0.048617192293704314 0.099867738784545079 -0.05230683545744394 0.044075839797460742 -0.050221307802665753 -0.048457321695180626 0.10435595421877492 0.07400414110424175 -0.057413044765995375 0.043647489965424599 -0.0457384894994083 0.063403785843816354 0.03494194591408175 -0.055070117894759719 0.037842447183086346 -0.043780383624884366 0.062120830716588471 -0.030814965813947312 0.04287674345068352 0.013166714417144294 0.044531291256690621 -0.04617829709711542 0.063722027714895477 -0.021258472537165861 0.036572594545707167 0.066692154825368541 0.049271422808511815 0.050233380894957574 -0.02353247780769914 0.054352970226805943 -0.041804636534173635 0.036089268677552848 0.064452758377626485 0.057062693080346651 0.035631235761931362 -0.00771248558272092 0.04019045267258034 -0.039901695519758376 0.026530108078023557 0.010402244293490615 0.083806231716097926 0.00035899268423497752 0.067670494873938822 0.044124062500959543 0.057618164855616272 0.062611970927642646 -0.027431690780990621 -0.016802576376194114
leaf_weight=1264.2949643582106 6.820752281695607 12.49795785546303 2.5743315294385019 4.5354003310203543 41.796564441174269 3.8331253491342059 3.3068111799657371 3.4133124798536283 3.1111147440969944 16.066224262118343 10.275121886283161 2.9029492177069205 2.1793776787817469 5.6128131449222556 44.164235256612301 2.2573147714138022 13.856401711702352 2.9303675442934036 3.92606672644615 24.574730277061462 1.1895332708954809 2.0481851957738391 2.18929822742939 2.4785718768835059 4.5752370283007613 114.61689546704292 3.010565470904111 2.9483163058757782 3.3869155943393707 5.0792228914797288 31.423094779253006 3.9792377911508074 8.3795505464076978 2.4998853355646133 4.5607653409242621 3.456315465271472 5.177117884159089 7.1333560608327389 7.0679398849606514 676.58478072285652 1.2731514237821091 1.7931302748620508 2.911120381206274 1.8221237920224664 3.2507614940404892 4.4648331999778765 9.0530569106340391 15.546865701675413 18.921337962150574 6.4050135910511017 2.5359615050256252 3.3964872024953365 1.239452391862869 2.455271378159523 3.1699697747826576 2.3755721226334572 59.80532044172287 5.4207837432622892 63.979115724563599 4.3629501909017554 4.3839582204818726 2.8330293446779242
leaf_count=37432 144 60 39 20 1222 59 66 16 33 70 63 51 25 26 1236 10 358 13 39 620 8 15 27 28 84 578 25 41 14 92 154 25 38 12 39 38 23 66 31 3552 12 16 36 27 42 35 43 75 82 30 27 53 25 23 16 16 310 26 319 20 20 74
internal_value=-0.00130287 0.0596129 -0.046854 -0.0130802 -0.0233304 0.0280916 -0.0492704 -0.0209685 0.0346618 0.0635962 0.0368467 -0.0107223 0.0185466 0.00784647 -0.0501089 -0.0356877 -0.0187485 -0.00934891 0.0262732 -0.0383213 0.00510576 -0.0465106 0.00610738 -0.0272614 0.00385682 0.0644629 0.0259626 -0.0174997 -0.0036776 -0.00576162 0.0528622 0.0400082 0.0191498 -0.0255615 0.0104009 0.00523174 0.0118975 0.0225377 0.00752387 0.0651298 -0.0157303 -0.0164309 0.00458503 -0.0161847 -0.00150352 0.0321581 0.0512515 0.0448621 0.0263811 0.0102793 -0.0232457 -0.00566447 -0.0208631 -0.0193403 0.0600042 -0.0305452 0.0609444 0.0588576 0.0521897 0.0276757 0.0121296 -0.04628
internal_weight=2588.11 1107.31 1480.81 98.8718 85.2834 124.23 1381.93 39.7653 9.45479 983.078 101.365 22.8647 47.3081 16.0439 1342.17 77.8744 33.7101 6.04148 22.3108 30.3105 5.7358 46.034 4.23748 31.4528 39.2493 960.767 41.0994 5.12769 9.81287 14.7634 54.057 22.6339 12.3588 6.42595 34.6741 30.1133 26.657 19.3784 14.2013 929.154 12.2848 7.27858 4.70425 10.4311 7.52816 35.9717 13.5885 31.6131 29.7912 10.8698 11.0117 5.93245 4.54626 5.70603 6.18054 6.2087 252.569 192.764 78.1468 14.1677 9.80474 16.6894
internal_count=47819 6017 41802 1699 1636 922 40103 781 62 5095 609 313 329 169 39322 1890 654 46 125 719 99 1264 42 644 372 4970 254 66 65 212 280 126 63 51 288 249 211 120 97 4825 184 91 52 143 92 188 63 145 147 65 172 80 91 65 41 75 1273 963 385 66 46 432
is_linear=0
shrinkage=0.05


Tree=25
num_leaves=63
num_cat=0
split_feature=12 12 12 1 1 3 6 1 0 1 2 0 4 6 3 1 5 9 3 3 1 5 4 3 2 1 10 9 12 1 6 4 10 1 3 1 10 9 5 5 3 12 10 6 4 0 0 12 12 2 3 0 1 5 3 0 3 4 12 1 0 12
split_gain=2705.47 52.5091 45.9513 18.5857 16.2714 16.2258 12.9224 12.3757 11.9129 11.4102 14.1277 7.8512 6.87432 5.95855 5.52587 5.36 7.77187 5.00266 4.92463 5.44975 4.31344 6.20148 3.9551 3.69939 14.0999 3.63333 3.58025 3.40246 3.31011 3.14258 3.12304 3.09575 4.32884 3.47169 2.88948 2.83787 2.90469 4.18807 2.65877 2.30716 10.5106 2.26604 2.20768 3.37443 3.26423 2.80213 2.20196 2.19148 2.11429 2.06644 1.92298 1.8936 2.18262 1.88075 1.85059 1.79076 1.60842 3.96887 1.5617 1.49726 2.21375 1.47346
threshold=0.48506832767546765 0.5942586191961361 0.41623381558328693 0.85995058400718782 0.48873015873015879 0.75123762376237635 0.13809523809523813 0.53479313380281701 0.84660633484162906 0.86552066772655012 0.95713410900183715 0.27543103448275869 0.95024752475247531 0.24264705882352944 1.0000000180025095e-35 0.91503452605147528 0.19090909090909094 0.44862772695285019 0.87585616438356173 0.90054945054945057 0.72687165775401075 0.095454545454545472 0.93194682675814755 0.83752357008170975 0.51668520578420474 0.96609195402298853 0.50362318840579723 0.059714795008912663 0.65576731082107542 0.90889328063241115 0.36038961038961043 0.61882613510520501 0.86956521739130443 0.92797619047619062 0.94791101465002725 0.4152394775036285 0.24283374283374287 0.65166835187057648 0.64583333333333337 0.44949494949494956 0.70299970299970316 0.77970710046493774 1.0000000180025095e-35 0.78888888888888908 0.88548009367681513 0.938137755102041 0.91734972677595639 0.53841480580355372 0.4529637053611924 0.99333333333333351 1.0000000180025095e-35 0.89512961508248245 0.83373983739837421 0.10555555555555557 0.95101959216313492 0.88185443668993035 0.81302966101694929 0.83096903096903107 0.68182276075382453 0.24553429027113238 0.16496598639455787 0.27028202664405721
decision_type=2 2 2 2 2 2 2 2 2 2 2 2 2 2 2 2 2 2 2 2 2 2 2 2 2 2 2 2 2 2 2 2 2 2 2 2 2 2 2 2 2 2 2 2 2 2 2 2 2 2 2 2 2 2 2 2 2 2 2 2 2 2
left_child=2 4 9 18 17 8 14 11 30 12 15 58 23 28 29 16 -11 -2 20 -20 59 -22 35 39 -25 31 -12 -23 -9 38 -6 32 -10 47 -13 36 37 -19 -5 -1 50 42 43 44 -15 -46 -28 -34 -31 -29 61 52 -51 -7 -21 -18 -55 -58 -3 60 -4 -41
right_child=1 7 3 6 5 53 -8 13 25 10 26 34 -14 41 -16 -17 55 22 19 54 21 27 -24 24 -26 -27 46 49 -30 48 -32 -33 33 -35 -36 -37 -38 -39 -40 40 -42 -43 -44 -45 45 -47 -48 -49 -50 51 -52 -53 -54 56 -56 -57 57 -59 -60 -61 -62 -63
leaf_value=-0.051009004682634418 -0.042832043253760506 0.024078591969466212 -0.052859718569085071 -0.054241463056101197 -0.042553957519266467 0.071370439430138835 0.078709858317771081 0.020691396647434253 -0.042492302178813286 0.072264067995674711 -0.049405417729760426 -0.041806081552927712 0.078799097149375441 0.064546758544710994 -0.051887515433243374 0.059659408655899519 0.015024383827280888 -0.056944800467423562 0.064942113578006916 -0.044497657045747638 0.077244194394638588 0.015760878391900143 0.073415963675697457 -0.045741886061061263 0.054499349774004668 0.049313199024678123 0.037571734181517262 -0.044971886179344722 0.058870969278185172 0.0061014471031166501 0.029707426083326952 0.050836712968798783 0.020768150607891042 0.0052769321841956117 0.014693265362644231 -0.060419175927398608 0.069326150982946338 0.029159622133173864 0.014960898013702428 0.018903640110105074 0.1504979039410437 0.0653417456823117 0.061412800767802422 0.067298992296122059 -0.013107365576234545 0.037798591261352633 -0.026118638822639546 0.074786357344979307 0.046173633436542044 -0.02020226355853344 -0.051943037889761949 -0.053061452508684381 0.071565798160461491 0.07044098020237935 0.011660730852979025 -0.050575039608765283 0.016148963354643813 0.058224226130228721 0.06151820547479845 -0.047461171288175952 0.053228881821081223 -0.034322920396071627
leaf_weight=1193.0960338376462 8.5241204798221606 3.9845734164118793 1.036966387182473 2.7051219232380488 8.8069431707262975 15.398605465888975 7.0903432816267005 12.540850915014746 3.2531219236552777 2.2795282900333387 33.389138262718916 4.0030761733651143 1.0342093557119358 5.2101112902164486 4.0080062709748736 4.8642092384397975 1.3354215323925016 2.4743416942656022 2.7609386257827264 3.365480724722147 1.6420483887195612 4.2665915898978737 1.9171978533267964 29.131678882986307 3.9882932119071475 14.392373118549584 1.530113521963355 11.834186129271982 10.372421205043791 6.5932079926133138 1.8009887933731068 6.1755624860525122 3.875983528792859 14.941242262721062 5.2057293802499771 1.8747955746948717 1.5487333349883554 3.28995456174016 2.8505559414625168 1.4101378433406377 0.71864089369773765 656.47642228007317 225.82851010560989 11.439435616135599 4.634120509028433 6.4880374372005463 11.999672826379538 3.6416160762310028 6.5735689476132393 1.4298556745052335 23.094799838960171 1.2687010280787943 1.184862185269594 7.5322763770818701 2.6004965826869011 4.7082304321229458 8.4367952495813388 16.696435257792473 9.2543226778507215 31.48737783357501 0.93522370979189862 16.68329169228673
leaf_count=37122 189 21 22 46 111 77 38 55 46 11 957 38 6 26 116 38 16 40 41 52 7 44 8 792 20 67 17 264 52 32 11 30 31 67 23 24 18 33 14 38 6 3563 1173 60 22 33 178 17 29 22 668 25 22 37 21 103 41 80 43 878 19 429
internal_value=-0.00137436 0.0582933 -0.0466638 -0.0128089 0.0277619 0.0355766 0.0197776 0.0622743 0.0175057 -0.0490485 -0.0277618 0.0255879 -0.0500566 0.063157 0.00139484 0.0179618 -0.00640705 -0.0140213 -0.0280371 0.00686026 -0.0335657 -0.0161624 0.00809363 -0.0501617 -0.0336709 0.0284601 -0.0406133 -0.0238373 0.0379746 0.0128012 -0.0302856 0.0190481 0.011413 0.0192211 -0.00986705 -0.005537 0.00853281 -0.00780096 -0.0187345 -0.050604 -0.0390729 0.063791 0.0597768 0.0464738 0.0318874 0.0165883 -0.0189158 0.0469352 0.0261077 -0.0345864 -0.0423805 -0.00293809 0.0213825 0.0569649 -0.0200189 -0.03608 0.0501741 0.0441003 0.0502498 -0.0448141 -0.0025519 -0.0301746
internal_weight=2502.92 1080.02 1422.9 93.6335 124.581 104.952 29.8208 955.438 56.8878 1329.26 60.1063 22.4477 1269.16 932.99 22.7305 13.1874 8.32318 19.6291 63.8127 8.72692 55.0858 21.6262 11.105 1268.12 33.12 46.2799 46.9189 19.9842 22.9133 18.7225 10.6079 31.8875 25.712 22.4588 9.20881 9.18783 7.31303 5.7643 5.55568 1235 41.9069 910.077 253.6 27.7717 16.3323 11.1222 13.5298 7.5176 13.1668 15.7176 41.1882 3.88342 2.61472 48.0641 5.96598 6.04365 32.6655 25.1332 13.2389 33.4596 1.97219 18.0934
internal_count=48129 6036 42093 1692 927 615 275 5109 380 40401 1320 125 39081 4984 237 168 130 312 1417 114 1303 384 123 39075 812 258 1152 377 107 121 122 191 161 115 61 115 91 73 60 38263 1141 4877 1314 141 81 55 195 48 61 333 1135 69 44 235 73 119 158 121 64 919 41 467
is_linear=0
shrinkage=0.05


Tree=26
num_leaves=63
num_cat=0
split_feature=12 12 12 1 1 3 1 6 1 2 0 7 0 6 3 2 3 9 3 2 1 5 9 3 10 6 10 6 9 12 1 5 7 1 6 1 2 3 1 5 12 5 3 7 9 10 6 3 0 2 10 0 1 3 3 12 5 12 3 12 1 3
split_gain=2537.96 51.1669 45.1563 17.2412 14.9045 15.2755 12.1164 11.9982 11.4288 13.2645 10.8526 9.30396 7.19618 6.02542 5.48461 14.1516 5.19109 4.70084 4.68257 4.94792 4.2235 5.30344 3.75508 3.71568 3.58361 3.36534 6.65996 3.35368 3.23252 3.17727 3.17375 3.16457 4.7479 3.05109 2.89318 2.8378 2.79851 2.66872 2.5462 2.52486 2.38934 2.37719 9.0716 2.28449 2.18333 2.1684 3.29294 2.78606 2.3141 2.11112 2.06732 1.99617 3.12845 1.96798 1.95508 1.88668 1.84679 1.8366 1.76729 1.68541 1.62212 1.5519
threshold=0.48506832767546765 0.5942586191961361 0.41623381558328693 0.85995058400718782 0.48873015873015879 0.75123762376237635 0.53479313380281701 0.13809523809523813 0.86552066772655012 0.95713410900183715 0.84660633484162906 0.34848484848484856 0.27543103448275869 0.24264705882352944 0.83752357008170975 0.51668520578420474 1.0000000180025095e-35 0.44862772695285019 0.87585616438356173 0.49089705395564392 0.66583333333333361 0.095454545454545472 0.072299651567944254 0.70859704641350219 0.50362318840579723 0.13809523809523813 0.86956521739130443 0.36931818181818188 0.031754032258064523 0.65576731082107542 0.90064102564102566 0.86607142857142871 0.69047619047619058 0.34295634920634926 0.43650793650793657 0.90889328063241115 0.92637759710930456 0.94791101465002725 0.23606811145510845 0.64583333333333337 0.77970710046493774 0.44949494949494956 0.70299970299970316 0.87301587301587313 0.39811320754716989 1.0000000180025095e-35 0.78888888888888908 0.89512961508248245 0.938137755102041 0.99333333333333351 0.86956521739130443 0.85053191489361712 0.74046885318071765 0.95587280986372503 1.0000000180025095e-35 0.4529637053611924 0.10555555555555557 0.53841480580355372 0.97937925170068041 0.4529637053611924 0.33166248955722649 0.81302966101694929
decision_type=2 2 2 2 2 2 2 2 2 2 2 2 2 2 2 2 2 2 2 2 2 2 2 2 2 2 2 2 2 2 2 2 2 2 2 2 2 2 2 2 2 2 2 2 2 2 2 2 2 2 2 2 2 2 2 2 2 2 2 2 2 2
left_child=2 4 8 18 17 10 12 16 14 11 27 30 -3 29 41 58 35 -2 20 33 38 -22 28 -19 -11 26 -12 -6 -23 -8 -10 32 57 44 -25 39 -13 -14 -4 -5 45 -1 54 -26 -20 46 47 -15 -49 -24 -38 52 -30 60 -43 -37 -7 -28 -16 -51 -36 -58
right_child=1 6 3 7 5 56 13 -9 9 24 25 36 37 40 15 -17 -18 23 19 -21 21 22 49 34 43 -27 31 -29 51 -31 -32 -33 -34 -35 53 55 50 -39 -40 -41 -42 42 -44 -45 -46 -47 -48 48 -50 59 -52 -53 -54 -55 -56 -57 61 -59 -60 -61 -62 -63
leaf_value=-0.050888613312441815 -0.042249578848781881 0.048405591434558845 0.020415797638461096 -0.054026759600075858 -0.042042054841536496 0.069836280578223206 0.019699813140078151 0.076576322008702805 0.028993168909469159 -0.049091344788883183 -0.044270271787439502 -0.056419664728008724 -0.04071711579260498 0.062463644975507375 -0.045112254895970039 0.053302162264245556 -0.051792200694398341 -0.053401410028955015 -0.021805936396836888 0.075151240605585604 0.065874345105302615 -0.03821591663882333 -0.045853038034648151 0.070612604845890478 -0.033153958847540382 0.054101552228105837 0.019268400577813337 0.03509825051873277 0.060283782062554164 0.057381901599272291 0.10070466053839591 0.049742726087854322 -0.0060754590679005533 -0.045418072285398368 0.021887997205563073 0.0057896417821170949 -0.034038387348599805 0.013948476120010534 -0.049929619336531617 0.014129079815970539 0.064296657924282838 -0.029490561744467066 0.12831968668072233 0.010463815211051672 0.061902951055735594 0.060146122727402884 0.066174471866185344 -0.0088956350711065484 0.036860908665407116 -0.032393162669867047 0.043402788253218388 0.079955213869326261 -0.054018544573884934 0.042154727510356683 -0.051845521614948403 0.043570776691315281 0.068761783871554974 0.059753893177349783 0.021382849043595359 0.033194028470962166 -0.039690185311290149 0.042575877996075172
leaf_weight=1137.5254764314741 8.2173704430460948 13.061881043016912 1.3522475622594381 2.5831590741872885 8.6712300814688188 14.961149066686628 12.514177598059179 6.9276447072625151 3.4150795824825746 31.958844089880586 3.5957992337644091 3.2832900546491146 3.9070980064570886 4.8412038683891323 27.530490621924404 4.4347014203667632 3.8193726651370516 2.0313997715711585 1.4860228821635231 2.0175578147172928 1.7424178197979951 2.3246648833155659 13.508308090269567 2.2469981573522073 8.7787661626934987 9.2514414191246015 5.5204767659306544 1.6823143959045399 1.2947601415216929 10.116053968667982 2.8144013807177544 10.707966715097426 11.341344859451054 3.6102282218635082 1.8100213743746278 6.6006774976849538 1.5887515749782324 5.2094090953469276 26.399443224072456 2.8670200556516647 634.35065877437592 17.602932538837194 0.79838676750659843 4.5619053021073332 1.6371346898376939 219.22334063053131 11.061713725328447 4.8622014522552472 6.4008635580539703 2.3059798926115027 1.8834348581731319 1.5660039633512495 1.1134171262383459 2.3459581881761551 22.00873021222651 6.6167820915579796 7.3354149162769309 5.6871314719319344 1.0368736684322346 1.7027958072721956 2.613946296274662 24.743745893239975
leaf_count=37122 189 64 27 46 112 77 55 38 28 957 52 75 38 25 786 22 116 37 26 11 8 28 317 24 159 47 34 10 22 52 14 44 55 60 18 32 39 23 800 14 3563 467 6 36 17 1173 60 23 33 42 12 10 19 10 668 29 37 26 10 30 34 121
internal_value=-0.0013697 0.0570996 -0.0464158 -0.0124873 0.0267688 0.0342854 0.0611227 0.019043 -0.0488611 -0.0272346 0.0167516 0.0173172 0.0246116 0.062019 -0.049902 -0.0297985 0.00131849 -0.0136113 -0.0274315 0.00646693 -0.032996 -0.0183311 -0.0244917 0.00768893 -0.0400053 0.02714 0.0203717 -0.0295078 0.00861727 0.0365443 0.0613915 0.0273609 0.0167323 -0.0141133 0.0214518 0.0121849 -0.0233254 -0.00947978 -0.0465019 -0.018174 0.0626736 -0.0504653 -0.038548 -0.0182387 0.0220736 0.0584949 0.0451702 0.0307427 0.0171081 -0.0363972 0.0079684 0.036012 0.00743627 0.00513491 -0.0419113 0.0247032 0.0553294 0.0398122 -0.0426988 -0.00453389 -0.0144961 0.0485637
internal_weight=2409.01 1048.31 1360.7 91.4756 122.764 103.498 925.549 29.4147 1269.22 58.2845 56.4577 12.985 22.1784 903.37 1210.94 33.0021 22.487 19.2657 62.061 8.75094 53.31 25.5583 23.8159 11.0483 45.2995 46.1042 36.8527 10.3535 6.29885 22.6302 6.22948 33.2569 22.549 6.73339 9.01692 18.6676 6.75548 9.11651 27.7517 5.45018 880.74 1177.94 40.41 13.3407 3.12316 246.389 27.166 16.1043 11.2631 17.5171 3.47219 3.97418 2.40818 6.76993 39.6117 13.2175 47.0403 11.2076 28.5674 4.00878 4.42397 32.0792
internal_count=48129 6036 42093 1692 927 615 5109 275 40401 1320 380 168 125 4984 39081 818 237 312 1417 114 1303 476 468 123 1152 258 211 122 79 107 42 159 115 103 86 121 126 61 827 60 4877 38263 1141 195 43 1314 141 81 56 389 51 51 41 62 1135 61 235 60 796 72 52 158
is_linear=0
shrinkage=0.05


Tree=27
num_leaves=63
num_cat=0
split_feature=12 12 12 1 3 1 0 1 0 7 3 9 3 1 1 6 10 1 1 7 1 0 5 6 0 3 12 10 5 10 1 10 12 5 6 0 12 10 9 7 7 9 12 1 9 9 3 9 7 0 2 10 1 10 12 10 3 12 3 1 9 7
split_gain=2382.03 50.3595 44.2598 22.5792 21.9487 16.1932 11.8317 11.4229 12.6636 9.61544 9.49732 5.77598 5.48268 13.1797 17.7894 5.38957 9.12613 4.68964 4.66778 7.41378 4.4738 4.32 7.24172 4.20156 4.12074 3.81539 3.25106 3.13041 3.12768 3.08985 2.9331 2.68313 2.45515 2.44708 10.3965 2.31374 4.29789 4.0856 2.20671 2.12392 6.66878 2.14592 2.05017 4.70858 2.04232 4.58936 2.00838 1.97354 4.26183 1.92627 9.57384 1.84536 2.06323 1.84314 1.83243 2.51978 2.94212 1.85299 2.67652 1.54654 1.77632 1.48425
threshold=0.48506832767546765 0.65576731082107542 0.41623381558328693 0.48873015873015879 0.70521390374331572 0.76913919413919418 0.85053191489361712 0.86552066772655012 0.95713410900183715 0.34848484848484856 0.68671792552389588 0.44862772695285019 0.83752357008170975 0.62715832601697408 0.85270009643201561 0.13809523809523813 0.86956521739130443 0.68410526315789488 0.90064102564102566 0.64583333333333337 0.94804318488529027 0.82972848596410509 0.095454545454545472 0.5634920634920636 0.92031746031746042 0.70859704641350219 0.43216994598982794 0.86956521739130443 0.86607142857142871 0.19859154929577469 0.90064102564102566 0.057417582417582429 0.38132671929059309 0.44949494949494956 0.32291666666666669 0.27543103448275869 0.77970710046493774 0.067231638418079109 0.19478319783197837 0.73214285714285732 0.87301587301587313 0.14434523809523811 0.42115187612069244 0.66583333333333361 0.44562647754137119 0.42724867724867727 1.0000000180025095e-35 0.14434523809523811 0.5634920634920636 0.23166368515205729 0.23845060412224592 0.10566188197767147 0.36373307543520317 0.50362318840579723 0.77970710046493774 0.025320512820512824 0.98571136966727912 0.72553614411503753 0.9099909990999101 0.80111111111111122 0.12973352033660593 0.64583333333333337
decision_type=2 2 2 2 2 2 2 2 2 2 2 2 2 2 2 2 2 2 2 2 2 2 2 2 2 2 2 2 2 2 2 2 2 2 2 2 2 2 2 2 2 2 2 2 2 2 2 2 2 2 2 2 2 2 2 2 2 2 2 2 2 2
left_child=2 3 7 11 6 23 38 12 9 30 18 -2 33 49 -15 16 -8 35 44 -20 27 22 -12 42 -18 -13 -21 -11 39 51 -9 -25 -29 -1 46 -3 37 -37 59 -26 -41 -42 43 -4 45 47 -35 48 -7 50 -14 52 -27 -10 55 56 57 58 -19 60 -5 -49
right_child=1 17 5 4 -6 10 15 8 53 20 21 25 13 14 -16 -17 24 54 19 26 -22 -23 -24 31 28 29 -28 32 -30 -31 -32 -33 -34 34 -36 36 -38 -39 -40 40 41 -43 -44 -45 -46 -47 -48 61 -50 -51 -52 -53 -54 -55 -56 -57 -58 -59 -60 -61 -62 -63
leaf_value=-0.05077093112530922 -0.041014156070989766 0.059217753481632586 -0.037159812784891187 -0.054427296630422818 0.054331521161810351 0.045988772341374329 -0.050228121030053668 0.026581499425731781 -0.050251472261963685 -0.051762245234579507 0.076317974354843873 -0.053214197727392158 -0.052095809812348293 0.10262564693602819 -0.060626796190777099 0.064661613248159916 0.077364485360198465 0.042755134104287169 0.079386766217553917 -0.052069424597400576 0.075283183047579541 0.077880203552551611 -0.042037626890446815 -0.032209579271137843 0.029185739291304309 -0.01572528591040807 0.010588684389819655 -0.024904312824683136 0.041237410819356453 0.06165026639319296 0.095375718442431909 0.043757889182319057 0.047595911196710139 -0.028804350897647102 0.15212514675720801 -0.027005288284917158 0.060530569915083626 0.038019879993685279 -0.050878760060132255 -0.05023879376427464 -0.0049197337962895854 0.041631506785989321 -0.045576098418718347 0.086262631067014706 -0.054832692921113972 0.072927027337133313 -0.051839492522898906 -0.052551138265709722 -0.034903672098430136 -0.051910112450411716 0.14834767365254317 -0.031534308369004879 0.041892873152405065 -0.025593944423346809 0.063332612814714154 0.060055898248938894 0.065002233279078392 0.046403561373034023 -0.015160737292031927 0.031514237496651012 0.014310439168547124 -0.013087296246418054
leaf_weight=1084.4927899427712 10.1190627142787 10.14877335727215 3.4102662354707709 2.1799880601465689 98.876155093312263 2.8867604099214175 4.1765807569026938 3.4565155096352127 27.268987843766809 6.2459112182259542 2.496811628341673 2.1418922431766978 3.0820071715861626 3.87890301644802 2.9285972937941551 8.0236309096217138 3.7361218929290763 3.933593004941943 3.5549268405884513 2.6088176537305126 1.1539808716624964 5.8043881617486477 2.6793096102774143 2.1336867958307257 10.380280151963234 2.6133432462811452 10.02691970951855 3.2552733644843102 14.13487249612808 3.1652128100395194 2.8081742264330387 2.5531434174627066 1.8209096454083917 17.133247207850218 0.70586659014224906 4.5173516198992747 6.4056085199117652 5.192113384604454 5.7767393067479134 4.6067506298422805 4.2408785372972488 5.9476944282650948 31.762267319485545 0.99916074238717545 3.5197756662964812 1.4245406836271275 21.13514312915504 5.381244042888282 3.73485610447824 21.287656340748072 0.73845611885189999 2.5763213522732258 3.8318686038255692 10.495847670361398 608.55100603401661 164.82434268295765 10.106869146227838 9.0855813324451429 4.0475152134895325 1.7887700870633123 1.6521985605359075 4.2756721395999193
leaf_count=37122 212 49 106 33 522 39 55 29 847 202 13 41 87 18 36 40 23 21 18 32 12 31 36 35 50 26 96 36 59 22 15 36 15 467 5 23 35 27 71 22 18 27 884 19 85 22 669 136 46 659 18 26 31 164 3540 914 57 47 20 11 14 58
internal_value=-0.0013649 0.0559731 -0.0461719 0.0327586 0.0393835 -0.0121911 0.017206 -0.0486745 -0.026724 0.00687707 0.00737803 -0.0120943 -0.049748 -0.0293127 0.0323942 0.026775 0.0203377 0.0613069 -0.0046217 0.0155983 -0.0185018 0.0482643 0.0150537 -0.0353694 0.0271844 0.00832927 -0.00234792 -0.0280606 0.0224152 0.0191459 0.0574188 0.00917358 0.0011027 -0.0503286 -0.0380191 0.0405171 0.0287399 0.00776677 -0.0291768 0.0118474 -0.000316999 0.0222551 -0.0411409 -0.00919272 -0.0200473 -0.0131311 -0.0415264 -0.0206621 0.000362204 -0.0460431 -0.0133522 0.00423319 0.0185304 -0.0433985 0.061989 0.0577301 0.0436229 0.0309621 0.0133839 -0.00687346 -0.0247919 -0.0350782
internal_weight=2317.92 1016.78 1301.14 189.968 165.521 89.2525 66.6445 1211.89 56.5056 18.7408 48.394 24.4477 1155.38 31.9156 6.8075 55.2468 47.2232 826.813 37.4135 16.1907 12.4761 10.9805 5.17612 40.8585 43.0466 14.3286 12.6357 11.3221 39.3105 12.1867 6.26469 4.68683 5.07618 1123.47 38.9743 26.2638 16.1151 9.70947 11.3977 25.1756 14.7953 10.1886 36.1717 4.40943 21.2228 17.7031 38.2684 16.2785 6.62162 25.1081 3.82046 9.02153 6.44521 37.7648 800.549 191.998 27.1736 17.0667 7.98111 5.62096 3.83219 9.65692
internal_count=48129 6036 42093 1303 945 1692 423 40401 1320 309 612 358 39081 818 54 294 254 4733 532 146 265 80 49 1080 199 146 128 253 176 105 44 71 51 38263 1141 134 85 50 129 117 67 45 1009 125 386 301 1136 279 85 764 105 83 57 1011 4599 1059 145 88 41 58 47 194
is_linear=0
shrinkage=0.05


Tree=28
num_leaves=63
num_cat=0
split_feature=12 12 12 1 4 1 1 0 4 0 7 4 12 9 4 10 12 1 12 9 0 5 1 1 5 3 1 1 9 7 7 9 1 10 9 5 3 3 9 12 1 5 5 6 0 12 10 0 12 10 3 4 7 10 6 0 3 12 12 9 5 1
split_gain=2236.57 49.6192 43.4759 20.808 21.2163 15.1531 11.4568 9.96697 9.75698 9.51042 8.58595 5.94004 5.77147 5.40614 5.91587 5.22375 4.83403 4.75574 4.7312 4.7058 4.40287 9.10798 4.09124 3.80877 4.70991 3.67234 10.742 16.0078 3.53446 3.87807 5.35712 7.00088 3.42032 3.09729 2.8413 2.802 2.73877 3.80453 2.69317 2.55599 4.0794 2.34517 2.20959 9.06155 2.15557 4.06554 3.72204 1.938 1.92232 2.49133 2.88445 1.98303 2.17701 1.87148 1.81333 3.23629 1.6503 1.57507 2.02148 1.65825 1.57899 1.82374
threshold=0.48506832767546765 0.65576731082107542 0.41623381558328693 0.48873015873015879 0.67115270350564471 0.76913919413919418 0.85566901408450702 0.95713410900183715 0.63211600429645554 0.85053191489361712 0.34848484848484856 0.95024752475247531 0.3839009302154201 0.44862772695285019 0.89638906961613551 0.86956521739130443 0.42618899527413706 0.68410526315789488 0.39765987731153579 0.059714795008912663 0.82972848596410509 0.095454545454545472 0.22828571428571431 0.90064102564102566 0.19090909090909094 0.83752357008170975 0.62715832601697408 0.85270009643201561 0.12372448979591838 0.69047619047619058 0.87301587301587313 0.19478319783197837 0.93361581920903958 0.24283374283374287 0.68469785575048747 0.64583333333333337 0.87585616438356173 0.90054945054945057 0.080540540540540564 0.42115187612069244 0.66583333333333361 0.5634920634920636 0.44949494949494956 0.32291666666666669 0.27543103448275869 0.77970710046493774 0.067231638418079109 0.77058029689608654 0.77970710046493774 0.025320512820512824 0.98571136966727912 0.88548009367681513 0.64583333333333337 0.50362318840579723 0.27922077922077926 0.99333333333333351 1.0000000180025095e-35 0.27028202664405721 0.40071428090983968 0.267479674796748 0.5634920634920636 0.82097069597069605
decision_type=2 2 2 2 2 2 2 2 2 2 2 2 2 2 2 2 2 2 2 2 2 2 2 2 2 2 2 2 2 2 2 2 2 2 2 2 2 2 2 2 2 2 2 2 2 2 2 2 2 2 2 2 2 2 2 2 2 2 2 2 2 2
left_child=2 3 6 13 9 22 11 10 15 38 23 25 32 -2 33 -7 -17 44 -14 -18 21 -10 -4 24 -8 42 -27 -28 -11 41 -31 -32 -12 34 -15 47 39 -38 -5 40 -24 -30 -1 56 -3 46 -46 -21 49 50 51 -19 -53 -9 55 -6 57 -44 60 -60 -59 -62
right_child=1 17 5 4 54 8 7 53 20 28 12 -13 18 14 -16 16 19 48 -20 35 -22 -23 36 -25 -26 26 27 -29 29 30 31 -33 -34 -35 -36 -37 37 -39 -40 -41 -42 -43 43 -45 45 -47 -48 -49 -50 -51 -52 52 -54 -55 -56 -57 -58 58 59 -61 61 -63
leaf_value=-0.050652536679690156 -0.040329219879527436 0.057461774042215114 0.047532895160133232 0.022496123623624839 -0.0059553311017107539 -0.04536853047452203 0.069973737759952845 -0.049970556158031157 0.083197716209110997 0.035987178990864212 -0.052960800254244593 0.07181544349559596 0.071380861366788798 -0.058223931701913922 0.051658785616044769 -0.042405821750247312 0.047289243552208801 0.051631281518243949 -0.053503968367094361 0.038461302744762872 0.074709809295630494 -0.042989370350041384 -0.036032471195164666 0.091866626771280019 -0.0392011902723578 -0.047586850996572241 0.10316060812159174 -0.060108842276229618 0.0059905445821681275 -0.044964014494750855 -0.020598757671833907 0.062196287502557436 0.013884167036302698 0.039258246301964804 0.0049043827429663765 0.01769890334372513 0.051634506383974911 -0.033022676285636481 -0.041642172177447451 -0.049501900337568537 0.077177900082091244 0.059001726684918189 0.021610309287366205 0.13087040606980352 -0.025677523509120434 0.059291125297524609 0.036580926924467412 -0.032703526831648955 0.062433977186624127 0.058962621217311828 0.064058805987719208 0.039168830077209074 -0.0066754025736011262 -0.024795929244981887 0.054302279744245452 0.061302884467077962 -0.051750368028289466 -0.051770633596354809 -0.023432929847366137 0.061205818284003954 0.041717917044767676 -0.051825467094940458
leaf_weight=1032.8341527022421 9.7849103491753358 9.9412735402584094 1.4547335021197785 2.0463706329464904 3.524134147912263 6.8365918081253758 1.9764369577169447 26.081236565485597 2.6194072663784009 28.130554422736168 8.9184217769652587 1.0058014094829548 2.5296076554805036 4.1243503186851722 5.0151605308055869 4.8215691689401892 6.9033315032720592 6.4543718397617367 1.083109864965081 1.1085052974522129 6.3257439471781254 3.1491956748068333 3.1983035169541862 2.7706167623400688 1.9751044604927299 23.677669476717714 3.2245541289448729 2.809165071696043 3.5674521997570992 5.4312109146267167 5.7175855375826359 4.6132459454238415 2.4364922251552334 2.0049801655113697 3.1389790549874306 8.8979295492172223 1.8841984346508969 4.4888261035084724 8.175521804019807 27.461658872663975 1.0592697672545908 5.0250542536377907 1.3597294092178334 0.77741113305091758 4.5134911611676198 6.2173333615064612 5.1281890422105789 6.9845142383128405 586.99120758473873 159.61885151267052 9.7519284486770648 5.1963993459939939 5.1620724052190781 10.297098208218811 92.688347928225994 3.6316039860248566 18.809485863894224 9.8061080239713174 1.6914135552942746 0.87966419383883465 1.0693636462092393 1.0161788426339624
leaf_count=37099 212 49 26 21 21 187 10 847 14 144 247 6 38 67 22 73 35 35 26 35 35 53 105 15 30 761 15 36 23 31 32 24 24 23 34 45 35 66 101 829 19 26 38 5 23 35 27 135 3540 914 57 27 26 164 501 21 625 297 36 20 32 30
internal_value=-0.00136019 0.0549032 -0.0459285 0.0316901 0.0381145 -0.0118819 -0.0484943 -0.0268496 0.00710785 0.0153209 -2.23027e-05 -0.049638 -0.0211044 -0.0116987 0.0079146 -0.00608891 0.00326268 0.0603252 0.0339398 0.012478 0.0459009 0.0143097 -0.0347609 0.0469194 0.0154047 -0.0497492 -0.0324103 0.027146 0.0239142 0.00996941 -0.00476191 0.0163735 -0.0386175 -0.0157557 -0.0309419 -0.0016656 -0.0379037 -0.0079936 -0.028802 -0.0439133 -0.00786612 0.0369924 -0.0502315 -0.0379501 0.0392079 0.0277654 0.00743632 -0.022956 0.0610299 0.0566031 0.0424254 0.0298775 0.0163227 -0.0428447 0.05243 0.0281788 -0.0417397 -0.0298393 -0.0346764 0.00552523 -0.0433683 -0.00386102
internal_weight=2229.82 985.595 1244.22 186.619 162.551 87.1938 1157.03 58.0681 47.6468 62.707 21.6898 1098.96 14.9676 24.0684 14.2835 35.5524 28.7158 798.975 3.61272 23.8943 12.0943 5.7686 39.547 6.72216 3.95154 1097.95 29.7114 6.03372 52.4851 24.3545 15.762 10.3308 11.3549 9.26831 7.26333 16.9909 38.0923 6.37302 10.2219 31.7192 4.25757 8.59251 1068.24 35.4094 25.8003 15.859 9.64168 8.09302 773.175 186.184 26.5648 16.8128 10.3585 36.3783 99.8441 7.15574 34.6319 15.8225 14.4627 2.57108 11.8917 2.08554
internal_count=48129 6036 42093 1303 945 1692 40401 1401 612 402 390 39000 335 358 146 510 323 4733 64 250 102 67 1080 55 40 38994 812 51 280 136 87 56 271 124 101 215 1054 101 122 953 124 49 38182 1083 134 85 50 170 4599 1059 145 88 53 1011 543 42 1078 453 415 56 359 62
is_linear=0
shrinkage=0.05


Tree=29
num_leaves=63
num_cat=0
split_feature=12 12 12 2 6 1 1 2 4 10 4 0 7 9 4 1 7 1 1 1 1 10 9 12 1 5 9 2 9 0 12 9 7 7 2 5 0 9 9 7 1 12 1 12 10 7 4 7 5 5 1 12 7 4 4 9 6 10 1 1 9 2
split_gain=2100.6 49.0821 42.6782 19.6024 20.3658 14.2131 11.4211 9.97849 9.64191 7.79309 7.42118 7.01011 6.62695 6.51036 5.58049 5.02038 6.2984 4.82148 3.99101 3.49693 3.45364 3.31848 3.21786 2.8845 2.80258 97.0384 2.62698 3.88087 2.34702 2.85013 2.31905 2.31071 2.57143 5.72898 2.22967 2.10252 7.08397 2.04971 4.83597 2.03299 2.01928 4.04366 3.56606 2.01499 2.46723 2.64358 2.92251 1.90598 5.07343 1.90265 1.79207 2.38326 1.81107 1.65161 2.86452 2.31131 1.58549 1.58067 1.49651 1.43158 1.56886 2.924
threshold=0.48506832767546765 0.65576731082107542 0.41623381558328693 0.38327018361993598 0.13809523809523813 0.72687165775401075 0.85566901408450702 0.95713410900183715 0.7079038695124068 0.86956521739130443 0.88961755992458935 0.82426470588235301 0.34848484848484856 0.48749218261413391 0.95024752475247531 0.90064102564102566 0.64583333333333337 0.68410526315789488 0.22828571428571431 0.59417229729729737 0.90064102564102566 0.50362318840579723 0.12372448979591838 0.43216994598982794 0.68410526315789488 1.0000000180025095e-35 0.63003220611916277 0.20761494252873564 0.26598639455782319 0.52027397260273978 0.36701353510366541 0.13680926916221037 0.87301587301587313 0.73214285714285732 0.9418526031102098 0.095454545454545472 0.85934065934065951 0.44562647754137119 0.41421362489486968 0.87301587301587313 0.3404830362277172 0.82397133745578044 0.47523584905660382 0.77970710046493774 0.025320512820512824 0.64583333333333337 0.88548009367681513 0.10555555555555557 0.27922077922077926 0.58571428571428574 0.88912529550827435 0.53841480580355372 0.58571428571428574 0.83096903096903107 0.85251155947877277 0.63373983739837414 0.70714285714285718 0.085960591133004943 0.93361581920903958 0.85270009643201561 0.046536796536796543 0.99333333333333351
decision_type=2 2 2 2 2 2 2 2 2 2 2 2 2 2 2 2 2 2 2 2 2 2 2 2 2 2 2 2 2 2 2 2 2 2 2 2 2 2 2 2 2 2 2 2 2 2 2 2 2 2 2 2 2 2 2 2 2 2 2 2 2 2
left_child=2 3 6 10 9 18 14 12 15 -5 26 -11 20 -12 24 37 -17 40 -4 28 -8 -9 -13 -18 -1 -26 -2 -28 29 -6 -27 -24 33 49 58 -10 -37 38 59 -23 -3 42 -42 44 45 56 -47 -21 -49 -33 51 -50 -53 -20 -55 -56 -19 -44 -14 60 -7 -62
right_child=1 17 5 4 19 8 7 21 35 11 13 22 34 -15 -16 16 23 43 53 47 -22 39 31 -25 25 30 27 -29 -30 -31 -32 32 -34 -35 -36 36 -38 -39 -40 -41 41 -43 57 -45 -46 46 -48 48 50 -51 -52 52 -54 54 55 -57 -58 -59 -60 -61 61 -63
leaf_value=-0.050952653382029658 -0.0462016270761176 0.062751090144848851 0.043402878884471134 -0.050368470882610518 -0.056789456747106309 0.025328926295620714 0.016322636845583487 -0.048194275924553116 0.081277271912829907 -0.043650422419375334 -0.036575854591109874 0.036241947946849408 -0.044146066195284647 0.053585890196554124 0.068206505623681746 0.074700158992969404 -0.049769890232315539 0.030899804582732227 -0.045971157176401267 0.065172479553849097 0.090453468986387328 -0.032457988391182774 -0.031499992416021826 0.010660667377369364 0.30419581679593038 -0.049649120078199681 -0.044671510958717318 0.036417648981361295 0.051103142349936917 0.034892157858670773 -0.033879133293789623 -5.0101269377332615e-05 0.040935987384201136 -0.047878430153930965 0.04125351081920256 -0.032883791375307996 0.068361295377526915 -0.055631696122812692 0.058386709308675122 0.0083883117872302227 -0.018176211698309352 0.068187414525416754 0.0099095003022072591 0.061598034869764631 0.057926943143018252 0.052594613342751978 -0.0042354620268799962 0.0028830268519198874 0.0099015875944011462 0.050353357722592085 0.057428046727411364 0.058498652883518222 0.019899933841875477 0.039969295510342909 -0.047449172697124502 0.033990539497752895 0.063817800190960186 0.052113602047322231 0.017416953629581584 -0.039150658892827157 -0.043304709480036632 0.022810738799641239
leaf_weight=824.76623348705471 10.1489091757685 6.2000892460346249 1.5119428895413864 4.5581775344908229 1.8300928901880973 2.3438725247979253 3.7692269086837751 28.704258294776082 3.2041532993316633 4.2196982614696017 2.9154272153973562 24.023127380758524 5.3502425774931908 6.391584649682045 1.0060601830482472 3.5056766122579583 2.448822721838952 5.4113124012947127 25.268976487219334 22.147707685828209 2.6942040361464024 8.6049178037792426 2.9604943767190006 10.198702219873665 1.976029835641383 194.07815418206155 2.9601009599864474 2.9420125037431717 2.2924799863249063 1.5791639015078542 26.494951164349914 3.4753103666007537 6.623737893998622 3.8485333025455475 1.2032930627465246 2.6555643379688263 4.9447219744324684 3.5904010385274878 2.0372149832546702 4.7157154139131299 4.9261455908417728 5.0729243606328955 3.7922593951225263 565.74788555502892 154.4797461181879 3.9260443896055204 5.3381676524877548 5.6416904106736174 5.0017952248454121 4.0591746233403683 49.188101395964622 12.684531554579737 3.9964894056320182 1.5961135383695344 5.5583579782396555 1.0331528373062608 11.289287924766541 5.3462453633546829 1.2104820311069486 7.7030453793704501 5.0680614840239286 2.4958258047699928
leaf_count=30969 220 31 26 62 33 26 38 979 17 65 27 111 140 29 6 18 31 29 832 129 14 168 14 97 23 7147 31 27 30 10 855 25 30 20 19 31 28 88 37 38 26 28 20 3540 914 22 27 31 24 19 277 69 20 32 118 12 67 29 5 152 115 32
internal_value=-0.00135518 0.0538745 -0.0456887 0.0306312 0.0371756 -0.011584 -0.0483183 -0.0263699 0.00546467 0.0121766 -0.0101791 0.01797 0.00982289 0.0253427 -0.049496 -0.00601201 0.0153977 0.0594023 -0.0360566 0.0500553 0.0472232 -0.0386229 0.0237494 -0.00103994 -0.0496091 -0.0446299 -0.0307761 -0.00425119 0.0119829 -0.0143226 -0.0477549 0.00943619 0.0161665 0.00175325 -0.0213123 0.0473072 0.0329859 -0.020894 -0.0145462 -0.0179978 0.0379524 0.0299182 0.0161151 0.0601307 0.05553 0.0412691 0.0198483 0.0522555 0.0485165 0.0271046 0.0521492 0.0401739 0.0492511 -0.0396475 -0.0201312 -0.0346843 0.0531517 0.0345999 -0.0327874 -0.0229831 -0.0104132 -0.0214889
internal_weight=2144.76 955.018 1189.74 183.488 158.13 85.1646 1104.57 56.2523 50.1961 53.7683 25.358 49.2101 14.2274 9.30701 1048.32 39.3916 16.1532 771.53 34.9685 104.362 6.46343 42.0249 44.9904 12.6475 1047.32 222.549 16.051 5.90211 5.70174 3.40926 220.573 20.9673 18.0068 11.383 7.76402 10.8044 7.60029 23.2384 19.648 13.3206 25.3377 19.1376 14.0647 746.192 180.445 25.9648 9.26421 98.6603 76.5126 7.53448 70.8709 21.6828 16.681 33.4566 8.18762 6.59151 16.7006 9.1385 6.56072 17.6108 9.90776 7.56389
internal_count=48129 6036 42093 1303 969 1692 40401 1401 672 346 334 284 216 56 39000 596 146 4733 1020 623 52 1185 219 128 38994 8025 278 58 73 43 8002 108 94 64 164 76 59 450 362 206 134 103 75 4599 1059 145 49 550 421 44 390 113 89 994 162 130 96 49 145 325 173 147
is_linear=0
shrinkage=0.05


Tree=30
num_leaves=63
num_cat=0
split_feature=12 12 1 4 3 12 2 1 5 1 4 4 3 9 12 9 4 9 9 1 2 12 3 5 5 3 1 2 5 1 2 6 2 3 2 2 7 5 9 12 5 6 6 2 3 2 6 2 7 7 1 3 10 10 10 7 6 5 2 5 9 3
split_gain=1987.45 47.9659 40.7204 16.9695 17.1408 14.2871 11.5974 10.1211 14.0054 8.27297 7.8635 6.14528 5.73679 5.72094 8.49205 4.68055 5.07609 4.27854 4.07491 3.86734 3.40739 3.29652 3.21437 3.04073 2.9923 13.6268 2.56005 2.34429 3.51385 2.19448 2.61133 3.75956 2.23829 2.18484 3.35134 2.05889 2.76278 3.25845 2.66532 3.70395 2.1296 2.01914 3.94951 1.96384 1.95221 4.9894 1.9813 1.90139 1.88931 4.43618 1.86883 2.23088 3.97397 2.94501 2.25354 5.05168 2.18238 1.82118 4.88721 1.7453 3.86127 1.70085
threshold=0.48506832767546765 0.5942586191961361 0.85566901408450702 0.70978376462247439 1.0000000180025095e-35 0.40071428090983968 0.39369100844510685 0.66583333333333361 0.080128205128205135 0.52803983228511542 0.60051020408163269 0.95698427382053664 1.0000000180025095e-35 0.62361111111111123 0.65576731082107542 0.37394067796610175 0.91481481481481486 0.51668520578420474 0.10620300751879701 0.89932432432432441 0.74543037554004665 0.77970710046493774 0.75773524720893148 0.44949494949494956 0.44949494949494956 0.70299970299970316 0.3404830362277172 0.86425061425061434 0.37980769230769235 0.4152394775036285 0.22048611111111119 0.42261904761904767 0.14907407407407405 0.26944684528954194 0.73765182186234834 0.90070422535211281 0.64583333333333337 0.64583333333333337 0.3133928571428572 0.43216994598982794 0.44949494949494956 0.21825396825396828 0.12132352941176472 0.85934065934065951 0.85867895545314898 0.5270467836257311 0.36038961038961043 0.84292763157894746 0.64583333333333337 0.78888888888888908 0.95040983606557383 0.74862637362637374 0.15301003344481609 0.087977296181630568 1.0000000180025095e-35 0.64583333333333337 0.70714285714285718 0.095454545454545472 0.69309262166405039 0.44949494949494956 0.23606811145510839 0.85313725490196091
decision_type=2 2 2 2 2 2 2 2 2 2 2 2 2 2 2 2 2 2 2 2 2 2 2 2 2 2 2 2 2 2 2 2 2 2 2 2 2 2 2 2 2 2 2 2 2 2 2 2 2 2 2 2 2 2 2 2 2 2 2 2 2 2
left_child=2 6 5 4 17 11 15 61 -9 13 12 24 19 14 -3 -2 29 35 22 23 -6 50 33 -8 44 -26 -16 59 -29 30 32 -32 -17 34 -10 -4 40 -38 39 -39 -37 42 -5 -25 -1 46 -46 -36 -21 -50 51 52 53 -11 55 56 -53 -12 -59 -20 -61 -7
right_child=1 9 3 41 20 7 10 8 18 21 57 -13 -14 -15 26 16 -18 -19 27 48 -22 -23 -24 43 25 -27 -28 28 -30 -31 31 -33 -34 -35 47 36 37 38 -40 -41 -42 -43 -44 -45 45 -47 -48 -49 49 -51 -52 54 -54 -55 -56 -57 -58 58 -60 60 -62 -63
leaf_value=-0.050658064908717194 -0.053020882559396722 -0.057427970318052274 -0.036866715049953362 -0.052295274040321152 0.071607587624131705 -0.048513102766051606 -0.054259868939253067 0.086322896753864828 0.075423034244560483 0.034545099214629858 0.059123068839402985 0.10711760392499513 -0.039003376182969562 0.067160411179157442 0.05685697269437099 0.014541228599207222 0.052109694868409717 -0.05331017878138794 -0.052609493198560765 0.054217959400833626 -0.046798040560365517 0.060719344294287471 0.082872325626691584 0.03182329758710218 -0.040966008743987467 0.13640290093392674 0.0081013715702284352 0.077503274303361208 -0.022620335617019247 -0.043691646054778197 -0.024360785157877388 0.075365450004248963 -0.05977278732461612 -0.055941241796223298 -0.036386270470646957 -0.0035809649822792695 -0.030631659638770205 -0.034196079110090698 0.04820300886813482 0.023888124112755708 0.05060351828540334 0.059948837005084882 0.081620123962919316 -0.030415305779279447 0.016229599395350163 0.054956182212625319 -0.048176616020568067 0.023880627812330385 -0.012156460400769398 0.035745931751212344 0.061246802894373481 0.022561897089311653 0.052393729294384586 -0.023449233041054795 0.055763133166515613 -0.0036602605528292254 0.063558670329277742 -0.0061341791295519404 0.04492694028491994 -0.052955598132907122 0.055255372980836097 -0.022665675061735981
leaf_weight=930.81100809387863 4.8876469787210253 3.5918661747127798 2.2310391142964354 1.2584873046725982 0.61833927035331626 33.158419970422983 2.5783080086112005 3.6288485676050177 1.512483242899181 5.3536287844181061 13.92967791110277 0.62370377779006858 4.408254286274313 6.0370787754654875 5.1418627053499204 1.8592533208429793 3.9437282979488364 2.9562730789184561 10.241538820788266 6.0906157493591335 34.982057003304362 540.46324317157269 1.2728894054889668 3.8161919824779034 28.359710272401575 1.1258630752563465 5.6518313139677048 1.0686547942459572 4.8682323303073645 3.9698675461113453 1.6876048129051926 2.1478584259748459 2.2267926577478647 1.5525103937834499 2.8796795215457678 2.4909629151225108 5.376852165907624 4.400442533195017 4.2660197205841532 7.2942997068166733 6.6664250642061234 8.1047814935445768 0.97880298458039749 1.8977033868432043 1.3214559778571118 1.470135673880576 12.38827616535127 2.3990482594817877 6.5563607960939434 18.389572188258171 61.374046742916107 4.4804163128137633 15.758319228887558 3.703298032283783 134.91479673981667 5.3714994490146628 11.783910810947418 5.3981761988252392 35.530332393944263 2.1615513376891609 1.3326217103749511 7.8764690440148106
leaf_count=36760 139 38 23 39 3 1207 46 18 23 29 100 3 70 32 24 19 18 76 313 27 1197 3511 6 39 994 6 27 25 104 47 35 24 30 26 64 39 77 39 28 32 59 46 7 22 36 7 406 32 32 78 375 24 77 19 811 27 71 35 194 47 25 163
internal_value=-0.00111938 0.0533341 -0.0455291 -0.0115111 -0.0201948 -0.0481734 0.0237524 -0.0269847 -0.00633251 0.0577262 0.0308989 -0.0497788 0.0150847 0.0263099 0.00916647 -0.0102493 0.00295253 0.00429558 -0.0178122 0.0211473 -0.0447415 0.0585454 0.00886217 -0.00918623 -0.0498791 -0.0341934 0.0313274 -0.0308516 -0.00459783 -0.0133503 0.00185535 0.0314859 -0.025958 -0.00242857 0.00980474 0.00949934 0.0128915 0.00303231 0.014373 0.00203247 0.0358644 0.0483413 0.00629202 0.0111526 -0.050368 -0.0325817 -0.0419686 -0.00899649 0.0292517 0.0231561 0.0537051 0.051153 0.0372247 0.0108317 0.0533608 0.0383806 0.0522651 0.0435071 0.0381923 -0.042199 -0.0116857 -0.0435518
internal_weight=2054.62 922.944 1131.68 81.6248 71.2827 1050.05 119.318 73.9529 32.9181 803.626 98.5952 976.1 43.737 20.4226 14.3856 20.7228 15.8351 35.6823 29.2892 39.3288 35.6004 783.203 9.61661 8.2922 975.476 29.4856 10.7937 19.6726 5.93689 11.8914 7.92151 3.83546 4.08605 8.34372 6.79121 32.726 30.495 21.3376 15.9608 11.6947 9.15739 10.3421 2.23729 5.7139 945.991 15.1799 13.7097 5.27873 31.0365 24.9459 242.74 181.366 24.8152 9.05693 156.551 21.6358 16.2643 54.8582 40.9285 13.7357 3.49417 41.0349
internal_count=47950 6020 41930 1665 1573 40265 955 2053 683 5065 643 38212 314 121 89 312 173 373 665 244 1200 4944 151 107 38209 1000 51 514 129 155 108 59 49 145 119 297 274 176 99 71 98 92 46 61 37209 449 442 96 137 110 1433 1058 125 48 933 122 95 329 229 385 72 1370
is_linear=0
shrinkage=0.05


Tree=31
num_leaves=63
num_cat=0
split_feature=12 12 12 1 5 1 2 1 3 3 4 0 0 4 5 3 3 10 9 4 2 2 12 9 7 7 9 6 0 1 12 5 3 12 0 3 4 7 7 9 5 0 9 1 2 6 2 3 2 9 4 2 5 3 10 6 1 3 0 10 7 6
split_gain=1867.46 47.2334 40.1213 19.3092 14.286 11.5938 10.6019 8.18525 8.13691 9.27407 7.36811 7.2369 6.35483 5.75369 5.24187 8.44738 6.66034 5.02992 4.45745 4.62073 3.65039 5.90597 3.51653 3.42496 3.32183 3.67653 4.10019 3.13625 3.08159 3.41558 6.68064 3.02344 12.2422 2.99214 2.68343 2.59164 2.5142 2.24434 4.07329 3.5013 2.83876 2.07326 3.4451 2.04402 2.35132 3.22121 2.12955 1.95506 4.65997 1.92926 3.85825 3.73195 7.85694 5.28459 1.98131 1.91609 1.89589 2.33251 4.89707 2.22262 4.79836 2.14788
threshold=0.48506832767546765 0.5942586191961361 0.40071428090983968 0.66583333333333361 0.080128205128205135 0.85566901408450702 0.39369100844510685 0.52803983228511542 0.62316372152437738 1.0000000180025095e-35 0.60051020408163269 0.27543103448275869 0.7593103448275863 0.95698427382053664 0.31666666666666671 0.68671792552389588 1.0000000180025095e-35 0.86956521739130443 0.37394067796610175 0.91481481481481486 0.72570532915360519 0.90521114106019773 0.77970710046493774 0.046536796536796543 0.5634920634920636 0.78888888888888908 0.13423423423423428 0.24264705882352944 0.99333333333333351 0.91503452605147528 0.37672433340361039 0.44949494949494956 0.70299970299970316 0.65576731082107542 0.20761494252873564 0.85313725490196091 0.89638906961613551 0.73214285714285732 0.87301587301587313 0.16247642991829042 0.64583333333333337 0.18808962264150944 0.48749218261413391 0.4152394775036285 0.22048611111111119 0.42261904761904767 0.14907407407407405 0.85867895545314898 0.5270467836257311 0.15075757575757578 0.89638906961613551 0.73401360544217698 0.095454545454545472 0.81302966101694929 0.026671408250355622 0.36038961038961043 0.95040983606557383 0.74862637362637374 0.85934065934065951 1.0000000180025095e-35 0.64583333333333337 0.70714285714285718
decision_type=2 2 2 2 2 2 2 2 2 2 2 2 2 2 2 2 2 2 2 2 2 2 2 2 2 2 2 2 2 2 2 2 2 2 2 2 2 2 2 2 2 2 2 2 2 2 2 2 2 2 2 2 2 2 2 2 2 2 2 2 2 2
left_child=2 6 5 34 -5 13 18 11 9 28 12 -3 -8 31 36 16 20 -14 -2 43 -16 23 56 -22 -19 26 -26 -18 29 30 -7 47 -33 -13 35 41 -6 39 -39 -23 -41 -4 -43 44 46 -46 -20 -1 55 54 51 52 -51 -53 -12 -49 57 58 -9 60 61 -59
right_child=1 7 3 4 14 8 10 22 -10 -11 49 33 17 -15 15 -17 27 24 19 -21 21 37 -24 -25 25 -27 -28 -29 -30 -31 -32 32 -34 -35 -36 -37 -38 38 -40 40 -42 42 -44 -45 45 -47 -48 48 -50 50 -52 53 -54 -55 -56 -57 -58 59 -60 -61 -62 -63
leaf_value=-0.05055781843083338 -0.052882380202677354 0.051799020887833384 -0.052146961046673559 0.081278179300474596 -0.0528868782751096 -0.055604934935482811 -0.053930172816037875 -0.013975752768207462 0.033738074104396464 -0.049546547955824312 0.01417605424607339 -0.050629151129579476 -0.035837253093706889 0.10321744767839398 0.067605550976745574 0.056458902008426064 -0.056312194737345972 0.057627561325334677 0.013694419500393441 0.049838595887980217 0.017575378749871567 0.074954802866747786 0.059988363797832581 -0.047711044135213307 0.035918761016104667 0.031859267706476034 -0.026941870877690691 0.037315161561380643 -0.02385181557358701 0.060364996643160473 0.063091925989777725 -0.040488246830879364 0.12486440867183479 0.011613636358066436 -0.048682171892383545 0.047204071262340296 0.039496456984189521 -0.046968134322582233 0.016645094868543785 -0.022894961138119636 0.03941502206007106 -0.051806909146485051 0.10725092600675223 -0.042634756827629849 -0.02364445729803559 0.068299569997932977 -0.05934868226580841 0.015221669836290828 0.052891548920618515 0.04992954948632259 0.065898458820447064 0.063400508712597822 -0.066058869077276899 -0.0067953212706582293 0.0547138126747609 -0.047898574283595112 0.060365730440980182 0.021681370074095496 0.045757236195931354 0.054774970234020927 -0.0034717181385680398 0.062729089207501684
leaf_weight=887.12633927725255 4.6611432749778059 11.32684049010277 3.2605372890830031 5.1446190997958174 7.1350805945694438 2.8425570055842382 3.1546819712966672 4.123186923563483 5.3324283361434928 27.054393192753196 3.386096544563773 2.8634731601923686 3.6953392811119548 0.61512252688407798 2.0320222303271285 5.914942104369401 7.9244318157434446 6.5526423528790465 1.8750909753143767 3.9179269373416892 2.6595010142773381 3.0713061895221472 520.20981056988239 8.2112232875078899 4.0573122836649436 18.815489340573549 7.1931171342730522 1.0082262959331272 7.7777350340038529 3.2017498910427094 2.0334607921540737 27.286936512216929 1.1672580987215031 5.9281963482499123 33.372768893837929 1.3988130092620847 0.82122990489006031 3.5098990462720385 8.8909067586064339 3.317688837647438 4.0706821829080582 0.74238161370158173 0.62876538001000881 3.8674942497164011 1.6526972986757757 2.2487866692245007 2.1329448241740465 1.3380686454474915 1.451622188091277 2.6848360076546713 5.9337125048041335 6.8643119335174561 3.2004983797669411 4.3997282385826111 27.444545788690448 11.850785512477158 59.211228847503662 4.4305530041456231 20.445213630795479 130.59134091436863 5.3798355460166922 11.353665173053741
leaf_count=36760 139 60 98 28 218 47 60 20 27 1064 20 33 56 3 40 36 220 43 19 18 41 26 3511 220 22 83 50 11 136 15 20 994 6 28 1215 13 5 42 46 77 29 24 20 47 35 24 30 36 7 27 34 36 21 22 169 406 375 24 105 811 27 71
internal_value=-0.00111659 0.0523774 -0.0452883 -0.0156227 0.00139291 -0.0484126 0.0228683 0.0568555 -0.0245127 -0.0317516 0.0297281 0.0253792 0.0144112 -0.0496513 -0.00562432 0.000306579 -0.00712448 0.0197591 -0.00994853 0.00280212 0.00252173 -0.00139903 0.0576934 -0.0317389 0.0253696 0.0183392 -0.00427205 -0.0457445 -0.00138783 0.0202418 -0.00610442 -0.0497524 -0.0337051 -0.00865903 -0.0431355 -0.0124405 -0.0433513 0.0130283 -0.00135987 0.0300867 0.0114352 -0.0304537 0.0211321 -0.0128458 0.00172006 0.0293514 -0.0251767 -0.0502587 -0.0321362 0.0420775 0.0311465 0.0191223 -0.013146 0.0359821 0.0502616 -0.0414947 0.0526246 0.0500251 0.0357326 0.052339 0.037308 0.0512072
internal_weight=1975.8 893.602 1082.19 103.115 63.7118 979.078 117.738 775.863 48.2423 42.9099 97.3823 20.1185 43.4686 930.836 58.5671 50.6108 44.6959 40.3139 20.3561 15.6949 35.7632 33.7312 755.745 10.8707 36.6186 30.0659 11.2504 8.93266 15.8555 8.07777 4.87602 930.221 28.4542 8.79167 39.4033 6.0305 7.95631 22.8605 12.4008 10.4597 7.38837 4.63168 1.37115 11.777 7.90952 3.90148 4.00804 901.767 14.6405 53.9137 23.0831 17.1494 5.88533 11.264 30.8306 13.1889 235.535 176.324 24.5684 151.755 21.1641 15.7842
internal_count=47950 6020 41930 2409 1039 39521 955 5065 1309 1282 643 121 314 38212 1011 788 752 254 312 173 521 481 4944 261 198 155 72 231 218 82 67 38209 1000 61 1370 155 223 220 88 132 106 142 44 155 108 59 49 37209 449 329 140 106 48 58 189 442 1433 1058 125 933 122 95
is_linear=0
shrinkage=0.05


Tree=32
num_leaves=63
num_cat=0
split_feature=12 12 12 2 3 2 0 3 6 3 12 10 4 0 9 3 2 9 4 9 7 0 0 3 2 9 2 12 9 4 2 5 3 0 5 3 6 2 7 5 7 10 12 3 3 9 12 10 3 0 7 3 9 7 9 12 5 3 9 6 5 5
split_gain=1755.35 46.4611 39.4133 12.3882 12.3681 9.70403 9.57355 10.8276 7.01465 6.5738 6.30073 6.1888 6.0873 5.75611 6.32162 5.59451 4.58451 4.24553 4.20824 4.03054 3.87887 3.10913 2.98095 2.74696 2.71419 2.56737 2.68079 4.20167 2.42091 3.97147 3.82518 7.09246 4.76374 2.35928 4.46296 2.22367 7.25407 3.94567 2.13494 3.25005 2.09386 2.02543 2.00764 1.95934 2.70061 2.84904 2.87982 1.90413 2.48351 5.55353 2.09706 2.94918 1.86188 2.77815 2.15865 2.39453 1.79691 1.64658 3.77667 1.46489 1.44422 1.64354
threshold=0.48506832767546765 0.5942586191961361 0.40071428090983968 0.44300144300144306 0.68671792552389588 0.39369100844510685 0.85053191489361712 0.62316372152437738 0.13809523809523813 1.0000000180025095e-35 0.77970710046493774 0.36201048411964237 0.95698427382053664 0.41728855721393038 0.59317129629629639 1.0000000180025095e-35 0.90521114106019773 0.37394067796610175 0.91481481481481486 0.20881782945736438 0.38750000000000007 0.27543103448275869 0.7927781392322707 0.83752357008170975 0.18350168350168358 0.080540540540540564 0.77871939736346529 0.42115187612069244 0.15075757575757578 0.89638906961613551 0.73401360544217698 0.095454545454545472 0.81302966101694929 0.8166139695314748 0.095454545454545472 0.85867895545314898 0.30384615384615393 0.5270467836257311 0.5634920634920636 0.73214285714285732 0.87301587301587313 0.026671408250355622 0.40803154743279729 0.70859704641350219 0.90521114106019773 0.63003220611916277 0.53841480580355372 1.0000000180025095e-35 0.74862637362637374 0.85934065934065951 0.64583333333333337 0.93046281372323292 0.29679679679679688 0.64583333333333337 0.23466833541927412 0.43216994598982794 0.64583333333333337 0.53390804597701169 0.17712418300653598 0.70714285714285718 0.5277777777777779 0.64583333333333337
decision_type=2 2 2 2 2 2 2 2 2 2 2 2 2 2 2 2 2 2 2 2 2 2 2 2 2 2 2 2 2 2 2 2 2 2 2 2 2 2 2 2 2 2 2 2 2 2 2 2 2 2 2 2 2 2 2 2 2 2 2 2 2 2
left_child=2 5 6 23 11 17 12 9 15 19 13 -5 35 14 21 22 25 -2 43 20 -8 -3 -7 -4 -25 26 27 -13 41 30 31 -30 -32 34 -6 -1 -37 -38 -24 60 -21 -10 -26 -19 45 46 -45 50 49 -49 59 -52 53 -18 55 -55 -54 -11 -59 -15 -40 -62
right_child=1 10 3 4 33 8 7 -9 28 57 -12 16 -14 47 -16 -17 52 18 -20 40 -22 -23 38 24 42 -27 -28 -29 29 -31 32 -33 -34 -35 -36 36 37 -39 39 -41 -42 -43 -44 44 -46 -47 -48 48 -50 -51 51 -53 56 54 -56 -57 -58 58 -60 -61 61 -63
leaf_value=-0.050057346603742219 -0.052750006741338722 0.03611106641233109 -0.047518570824426558 -0.046533958653933116 0.053416870628484173 -0.025495301568494302 0.073510381849116818 0.038272026404089013 0.013550819117818941 -0.051254436419650877 0.0592164335867508 0.10658255411422608 0.092011944883165817 0.02669033581868277 0.060617355913014453 -0.044296770339366992 0.060464704019965891 -0.053281602900095461 0.047696213975256557 -0.046034968748061338 -0.0055953397508208538 -0.020559479192755942 0.050949286379311724 0.048068490976015128 0.044097684094871935 -0.038239107462264818 -0.030209974074749242 -0.0095386902945261004 0.04439928973531488 0.064611760163217083 0.060221100374185245 -0.063366143449889403 -0.0064377581658392972 0.067068413334463478 -0.028880455184916887 0.10717895815308059 -0.047932261535928708 0.046838854390692262 0.02655343203094096 0.031385839273867337 0.0014185764487286627 0.054708923968326655 -0.035606699206905866 -0.05635527747789533 -0.048195260215477903 0.044957509658412435 0.037616217885447327 -0.013284814652442373 0.055755052459736533 0.04827881751157953 0.051105528613700685 -0.010849017988349835 -0.03763007759399855 -0.038722884954723709 0.04684984194694114 0.014658736590731731 0.011581541365511979 0.088283644772450529 -0.051898763322423207 0.058942905663136903 -0.038962344072744244 0.0053924437319426474
leaf_weight=856.57945420406759 4.4446624908596304 3.6348731927573699 25.835048468783498 10.875743804499505 4.5052784699946624 3.4037108328193417 1.9689221326261774 5.4033175576478234 3.3657463490963009 34.303332490846515 504.8975446075201 1.2210504487156897 0.75812660157680412 5.2060234248638197 6.5279627069830886 3.8058506306260815 3.3462462518364253 2.3384917322546235 3.8899313658475867 8.4394044373184425 7.2768676411360502 7.2429909091442823 5.9020935371518126 1.3995631355792273 0.88357210904359629 10.996263291686772 3.4448744598776102 2.1518034171313047 2.773006279021506 5.7538608610630027 6.8293813467025757 3.3972941040992737 4.4115791469812393 5.445910207927227 2.5969548188149929 0.90060279332101245 12.212356541305779 1.2067979872226704 3.1472709774971035 17.989456921815872 3.2083344031125298 26.714163588359952 7.465136855840683 2.0541313271969543 2.3696501366794109 3.5493542402982712 1.3518434800207613 4.1208118498325339 165.38989667594433 32.98712021112442 3.4756965339183798 4.2938946783542633 3.3303953781723967 3.0566489957272989 2.9367718212306491 6.7176257707178593 4.1869676522910595 0.70983573980629389 1.486898699775338 10.874678730964661 3.5725046992301923 5.0278447642922401
leaf_count=37081 139 19 1025 324 41 57 17 31 20 1445 3534 26 4 30 37 62 34 52 18 279 122 55 36 17 19 365 58 45 29 34 36 27 22 33 41 11 433 6 22 77 25 169 173 35 19 29 20 20 1078 180 20 22 81 33 21 43 30 20 47 70 28 24
internal_value=-0.00111405 0.0514654 -0.0450506 -0.015281 -0.00226701 0.0220341 -0.048249 -0.0293938 0.0286287 -0.0357642 0.0560293 -0.0129694 -0.0496074 0.0494277 0.02172 0.0135697 -0.00414955 -0.0096542 0.0026612 -0.0133983 0.0112505 -0.00162283 0.0192105 -0.038985 -0.0163691 -0.0232929 0.00081372 0.0324999 0.0407474 0.0285984 0.0166971 -0.0149351 0.0340605 0.0423095 0.0233246 -0.0497307 -0.0301901 -0.0394094 0.0234801 0.0180281 -0.032964 0.0501036 -0.0271713 -0.0123586 -0.00209606 0.0136097 -0.0190577 0.0515584 0.0531322 0.0414422 0.0381957 0.0168661 0.010316 0.0199303 0.00925942 -0.00203497 -0.0102205 -0.048567 -0.00660131 0.0485013 -0.00242687 -0.0130321
internal_weight=1899.59 864.743 1034.85 100.396 64.8125 116.092 934.454 62.7969 96.0938 57.3936 748.651 52.2644 871.657 243.754 17.4058 42.8487 41.3886 19.9981 15.5534 20.8935 9.24579 10.8779 39.0429 35.5833 9.74827 17.814 6.81773 3.37285 53.245 23.1651 17.4113 6.1703 11.241 12.5481 7.10223 870.899 14.3198 13.4192 35.6392 29.7371 11.6477 30.0799 8.34871 11.6635 9.32498 6.95533 3.40597 226.348 202.498 37.1079 23.8503 7.76959 23.5747 16.0573 12.711 9.77427 7.51736 36.5001 2.19673 16.0807 11.7476 8.60035
internal_count=47950 6020 41930 2409 1175 955 39521 1986 643 1955 5065 1060 37535 1531 111 306 736 312 173 443 139 74 244 1234 209 494 129 71 337 148 114 56 58 115 82 37531 450 439 187 151 304 189 192 155 103 84 55 1420 1278 200 142 42 242 131 97 76 111 1512 67 100 74 52
is_linear=0
shrinkage=0.05


Tree=33
num_leaves=63
num_cat=0
split_feature=12 12 12 1 5 1 1 1 3 10 5 7 4 9 12 6 10 5 3 3 12 4 2 2 9 5 3 9 6 9 1 1 1 1 4 9 7 1 3 10 5 10 7 6 3 2 6 7 7 9 5 5 12 1 7 9 3 2 9 9 10 2
split_gain=1649.74 45.6739 38.903 17.6084 12.6543 11.5685 8.97567 8.42569 7.10555 7.50504 6.8029 6.71205 5.08754 4.95503 7.21154 4.91668 5.26418 4.83387 7.22168 5.96472 3.91 3.87926 3.18077 5.06846 3.26049 3.15754 10.8371 3.12593 3.11427 2.75565 2.43694 2.44595 3.79879 2.36406 2.34642 2.33747 1.9906 1.98873 2.44937 3.60515 3.11177 2.17797 4.44366 2.11765 1.95982 4.09756 5.28965 1.92833 3.71722 2.96473 2.38826 1.89108 2.54185 3.41918 2.09951 1.87243 1.76376 4.04679 1.73621 3.26452 1.78763 1.72105
threshold=0.48506832767546765 0.5942586191961361 0.40071428090983968 0.66583333333333361 0.080128205128205135 0.85566901408450702 0.48873015873015879 0.52803983228511542 0.76028169014084523 0.3874259381171824 0.095454545454545472 0.22649572649572652 0.95698427382053664 0.62361111111111123 0.65576731082107542 0.13809523809523813 0.86956521739130443 0.31666666666666671 0.68671792552389588 1.0000000180025095e-35 0.77970710046493774 0.97801932367149769 0.72570532915360519 0.90521114106019773 0.046536796536796543 0.44949494949494956 0.70299970299970316 0.63003220611916277 0.24264705882352944 0.48074074074074075 0.89932432432432441 0.84292763157894746 0.74924242424242438 0.3404830362277172 0.89638906961613551 0.17712418300653598 0.22649572649572652 0.95040983606557383 0.74862637362637374 0.15301003344481609 0.58571428571428574 1.0000000180025095e-35 0.64583333333333337 0.70714285714285718 0.85867895545314898 0.5270467836257311 0.32291666666666669 0.73214285714285732 0.87301587301587313 0.16247642991829042 0.64583333333333337 0.5634920634920636 0.37672433340361039 0.91503452605147528 0.87301587301587313 0.031754032258064523 0.85313725490196091 0.18808962264150944 0.15075757575757578 0.3465463108320252 0.050641025641025648 0.99333333333333351
decision_type=2 2 2 2 2 2 2 2 2 2 2 2 2 2 2 2 2 2 2 2 2 2 2 2 2 2 2 2 2 2 2 2 2 2 2 2 2 2 2 2 2 2 2 2 2 2 2 2 2 2 2 2 2 2 2 2 2 2 2 2 2 2
left_child=2 6 5 56 -5 12 21 13 9 36 -8 35 25 14 -3 16 -13 34 19 22 37 27 -19 24 55 44 -27 -2 -21 51 31 32 -18 -16 -6 -12 -7 38 39 40 -9 42 43 -40 -1 46 -46 49 -49 -25 -51 52 53 -11 -53 -24 -4 -58 60 -60 -17 -62
right_child=1 7 3 4 17 8 10 20 -10 29 11 15 -14 -15 33 58 30 18 -20 28 -22 -23 23 47 -26 26 -28 -29 -30 -31 -32 -33 -34 -35 -36 -37 -38 -39 41 -41 -42 -43 -44 -45 45 -47 -48 48 -50 50 -52 54 -54 -55 -56 -57 57 -59 59 -61 61 -63
leaf_value=-0.050362833038573918 -0.033550582629526739 -0.056291435739581987 -0.047913997645901457 0.078491066559922995 -0.052793202678815848 0.048575344653365327 0.059945279249921594 -0.028375372248684978 0.053462776738769972 -0.036126925305904591 0.0074711738142076035 -0.0435318830050219 0.09672159736094374 0.06215007142120807 0.052574245003683184 0.017404236453171067 -0.053957331480501206 0.06173713536583543 0.053469286643358031 -0.056000664598861306 0.058661375526974771 0.077587695079086166 -0.021329545096388954 0.068803701296480765 -0.047048527410315309 -0.039434732011120716 0.11496521871791615 0.010562972945634198 0.038004611770752678 -0.052557577660540956 0.025555259683768108 -0.055572435777726359 0.035661955160633585 0.0050459566628470835 0.037508904791900111 -0.065095189830401509 -0.048862412066500091 0.058852589140381488 0.01977303560406932 0.047815985989276444 0.03237521218175065 0.052903434874755198 -0.0038588830267480851 0.061319848690521463 0.11296930669562955 0.04926458244966056 -0.047647988572254565 -0.046229603384170787 0.015322572002147742 -0.021939225135267026 0.035377942480291753 -0.036344997142079269 0.07230122856589731 0.042726653556917453 0.014048510181603038 0.062620665924202526 0.062500703607656749 -0.037050716185732711 0.0096555902899988187 0.060304100100038109 0.068336918106026157 0.036265518212414846
leaf_weight=806.08265359327197 10.647929156199103 3.4148975927382734 29.153923783451319 4.903644584119319 6.5866909362375727 0.53594773635268467 13.710823334753512 3.5746600925922394 2.8137024343013755 2.645984627306464 1.8326268903911103 3.6542650647461405 0.5953110009431829 5.7074581757187834 4.9295304715633375 3.8498293906450298 1.6539884116500605 2.1284766159951678 5.6767705194652072 7.2910210695117694 481.11676195263863 1.1596297435462464 1.4514529705047592 3.0824554525315762 7.6363853830844164 25.149366773664955 1.1902538537979115 6.4474587999284259 1.0021270550787447 2.5458484627306452 30.767696030437946 1.875463545322418 4.1475849710404873 5.5755360201001167 0.80756600946187962 2.8132503014057875 23.844015629962087 55.24001806974411 4.3227998614311245 15.146787345409393 5.1371027380228043 122.15454511344433 5.3562312573194495 10.557830631732939 0.53619641065597434 1.4165420234203328 11.650250203907488 3.380874663591384 8.9359665364027023 3.2176782786846161 4.1762151271104813 4.4311588704586011 1.8706973828375337 2.8613751046359539 3.8736556991934776 1.224601851776242 1.2235057614743698 6.1627411991357803 9.9773873947560769 4.6708218306303015 10.124110512435438 7.1284199357032767
leaf_count=36760 261 38 1207 28 218 6 89 18 15 51 12 61 3 32 24 23 31 40 36 220 3511 6 25 26 220 994 6 55 11 75 137 25 42 27 5 31 977 375 24 77 30 811 27 71 10 7 432 42 46 77 29 75 17 32 61 16 15 148 53 25 61 43
internal_value=-0.00111029 0.0505774 -0.0447902 -0.0148943 0.00143867 -0.048076 0.0212326 0.055228 -0.0234935 -0.0285753 0.0273317 0.0219113 -0.0493949 0.0229164 0.00682981 0.0253954 0.013816 -0.0052371 0.000427416 -0.00649024 0.0561306 -0.0109103 0.00248947 -0.00131977 -0.0304054 -0.0494977 -0.0324576 -0.0169133 -0.0446413 -0.00430725 0.0192671 -0.00593431 0.0101121 0.0273487 -0.0429308 -0.0364704 -0.0467204 0.0506333 0.0479022 0.0330758 0.00744769 0.0503865 0.0351937 0.0492506 -0.0500452 -0.0312249 -0.0405809 0.0118396 -0.00157301 0.0276086 0.0104346 0.00352538 0.0219461 0.00484183 -0.0128397 0.0170873 -0.0423847 -0.0205604 0.0390309 0.0258057 0.0482112 0.0550856
internal_weight=1826.78 836.695 990.085 98.0421 61.5019 892.043 114.461 722.234 45.4224 42.6087 96.2063 82.4954 846.621 19.6274 13.92 77.8496 42.099 56.5983 49.204 43.5273 702.607 18.255 35.2341 33.1056 10.3124 846.025 26.3396 17.0954 8.29315 18.2287 38.4447 7.67704 5.80157 10.5051 7.39426 4.64588 24.38 221.49 166.25 23.8586 8.71176 142.391 20.2369 14.8806 819.686 13.603 12.1864 22.7932 12.3168 10.4763 7.39389 15.6829 7.37806 5.50736 8.30481 2.67605 36.5402 7.38625 35.7506 14.6482 21.1024 17.2525
internal_count=47950 6020 41930 2409 1039 39521 955 5065 1309 1294 633 544 38212 121 89 501 296 1011 788 752 4944 322 521 481 261 38209 1000 316 231 311 235 98 73 51 223 43 983 1433 1058 125 48 933 122 95 37209 449 442 220 88 132 106 236 100 83 136 41 1370 163 205 78 127 104
is_linear=0
shrinkage=0.05


Tree=34
num_leaves=63
num_cat=0
split_feature=12 12 12 1 5 1 1 2 0 3 7 12 4 5 3 11 6 0 1 9 12 4 4 5 3 1 11 6 0 2 2 2 9 0 7 5 9 4 2 5 3 4 6 2 2 3 1 5 0 1 7 0 7 5 1 2 6 2 3 0 5 1
split_gain=1551.04 45.0133 38.2024 16.6796 11.7962 11.5781 8.34404 8.23498 6.88689 6.44297 6.03957 6.85512 4.77992 4.57499 6.63861 5.61633 4.49696 4.30495 3.979 3.91953 3.88902 3.75273 3.60764 3.18651 9.83882 3.03058 2.98326 2.9671 2.77569 2.75082 2.7236 4.68152 3.104 2.68231 2.34866 2.98902 2.24706 3.71385 2.95455 6.33941 4.26131 2.2317 2.12307 2.48732 3.25316 1.96238 12.9654 34.4991 2.79125 1.92621 2.44365 3.65598 5.08631 5.56448 1.91343 2.20024 2.74956 1.96191 1.89461 1.78037 2.60258 3.43449
threshold=0.48506832767546765 0.5942586191961361 0.40071428090983968 0.66583333333333361 0.080128205128205135 0.85566901408450702 0.60459830866807618 0.39369100844510685 0.97752525252525257 0.58102025506376598 0.38750000000000007 0.3839009302154201 0.95698427382053664 0.31666666666666671 0.68671792552389588 1.0000000180025095e-35 0.55050505050505061 0.78629976580796257 0.94185260311020957 0.37394067796610175 0.77970710046493774 0.81963998714239816 0.91481481481481486 0.44949494949494956 0.70299970299970316 0.90064102564102566 1.0000000180025095e-35 0.24264705882352944 0.20761494252873564 0.30471628592483424 0.72570532915360519 0.90521114106019773 0.046536796536796543 0.92031746031746042 0.5634920634920636 0.73214285714285732 0.15075757575757578 0.89638906961613551 0.73401360544217698 0.095454545454545472 0.81302966101694929 0.89638906961613551 0.32291666666666669 0.15535444947209656 0.19139194139194141 0.7814295977011495 0.64051282051282066 0.080128205128205135 0.71535181236673784 0.95040983606557383 0.38750000000000007 0.92907444668008055 0.69047619047619058 0.44949494949494956 0.4152394775036285 0.22048611111111119 0.42261904761904767 0.14907407407407405 1.0000000180025095e-35 0.90521114106019773 0.64583333333333337 0.93361581920903958
decision_type=2 2 2 2 2 2 2 2 2 2 2 2 2 2 2 2 2 2 2 2 2 2 2 2 2 2 2 2 2 2 2 2 2 2 2 2 2 2 2 2 2 2 2 2 2 2 2 2 2 2 2 2 2 2 2 2 2 2 2 2 2 2
left_child=2 7 5 28 -5 12 16 19 10 17 25 18 23 41 15 27 -3 -9 -12 -2 49 58 54 45 -25 -7 -19 -15 42 -18 -17 32 -32 -13 -28 -36 -11 38 39 -38 -40 -6 -4 -44 -45 -1 -47 -48 -49 50 -8 52 53 -52 55 57 -57 -21 -10 -33 61 -61
right_child=1 6 3 4 13 8 20 9 21 36 11 33 -14 14 -16 30 29 26 -20 22 -22 -23 -24 24 -26 -27 34 -29 -30 -31 31 59 -34 -35 35 -37 37 -39 40 -41 -42 -43 43 44 -46 46 47 48 -50 -51 51 -53 -54 -55 -56 56 -58 -59 -60 60 -62 -63
leaf_value=-0.050609514811728901 -0.052549101974399638 -0.0238565818099911 -0.051495897311402784 0.076957996228494155 -0.052675813500518545 0.0072321952534619817 0.055799847621305777 -0.040174459150058794 -0.022265791863103797 0.048116815503698257 -0.051486689856708547 0.11308938797424579 0.093759495483409255 -0.055836798946985927 0.051687204437609761 0.055736400544357294 0.052042785536995678 -0.024694858908502027 0.03669402699516338 0.012355543298652412 0.058052131165122936 0.032673005502271923 0.044547765918391179 -0.038927743213353738 0.10678835783117274 0.08289313633982974 0.049481391069725239 0.035192916024310551 -0.048105315111213715 0.013588691966618311 0.016018857829113903 0.044330686970694984 -0.046650830475059996 0.0067994311692172668 -0.0036591363990975431 0.028696568817868258 0.042499539078228663 0.062689382535057028 0.056820032563652825 -0.062257616266635368 -0.0073240208195206394 0.035735015107164224 -0.052985712391202644 0.09531132514587716 -0.016310617109881041 -0.049041220597768047 0.26487487249548658 -0.055075497362646365 0.052824822879436822 0.058105019813022546 -0.010827613779553359 0.048919389742379554 -0.0091013731679358053 0.04999551280711606 -0.041468483135396708 -0.022052882830898866 0.063747822079331773 -0.058735348287966428 -0.052310411610714286 -0.054763823304471854 0.016403416678258169 0.031323574078453424
leaf_weight=729.33421441726387 4.1155879572033909 3.9428722579032209 1.9740091394633044 4.7550375238060942 6.2790651265531769 2.5693726949393776 53.615635380148888 3.5628238432109347 7.4159797448664966 28.227624505758286 7.8952327761799079 1.1411558557301753 0.58370698988437553 6.9552765898406497 5.5813369266688815 2.2367729991674414 10.41377627104521 3.8418632540851823 1.5266512930393217 1.8886732459068283 461.58006507158279 1.7258663438260544 3.8137441873550406 24.226570887491111 1.21659855544567 2.7294409014284611 6.2645564377307883 1.0274004116654394 29.486205311492085 8.4036691375076753 2.7057140432298166 3.452185099944475 7.3243286237120628 1.236941637471318 11.868817530572416 17.907076016068459 2.6911506205797258 5.4222351759672156 6.3272037357091886 3.1167638320475817 4.382745698094368 0.80532912164926518 1.0278019178658726 1.2901534009724858 1.321212390437722 46.59280369989574 1.2351712323725212 3.4200172517448664 0.72673006355762471 53.204820170998573 4.5826816558837917 72.663816839456558 6.9727701097726813 20.955372303724289 3.6518783662468195 1.5672146268188956 2.3100142739713192 1.9962683431804178 17.942311262711883 3.3682438302785185 14.155983000993727 1.7660369351506231
leaf_count=34951 139 40 75 28 218 31 369 68 136 185 245 11 3 220 36 40 56 58 18 19 3506 32 18 994 6 15 39 11 1215 46 41 56 220 29 75 77 28 34 34 23 22 5 28 21 31 2133 11 106 8 375 28 473 38 134 47 35 24 30 792 72 78 14
internal_value=-0.00110679 0.0497219 -0.0445428 -0.014558 0.00136848 -0.0479061 0.0544713 0.0204439 -0.0229837 0.0265807 0.00186076 -0.0180523 -0.04927 -0.00508941 0.000385223 -0.00627495 0.0246962 0.012485 -0.0371985 -0.00925555 0.0554774 -0.0386685 0.00244532 -0.0493735 -0.0319601 0.0462055 0.0171892 -0.0441209 -0.0419705 0.0348696 0.00235455 -0.00128884 -0.029745 0.0578038 0.021654 0.0157994 0.0387875 0.0267847 0.0149985 -0.0137174 0.0305709 -0.0426256 -0.00974417 0.0129034 0.0388366 -0.0499406 -0.0405538 0.0329243 -0.0361656 0.0498713 0.0471125 0.0426839 0.0287471 0.0390811 -0.0116223 0.00241954 0.0290663 -0.0241743 -0.0435239 0.0112611 0.00534296 -0.0251524
internal_weight=1756.32 809.292 947.031 95.5121 60.4127 851.519 696.335 112.956 44.183 93.6129 17.0988 11.8 807.336 55.6577 48.5733 42.9919 22.7603 43.4451 9.42188 19.3434 673.575 27.0842 15.2278 806.752 25.4432 5.29881 39.8823 7.98268 35.0994 18.8174 35.0093 32.7725 10.03 2.3781 36.0404 29.7759 50.1677 21.9401 16.5179 5.80791 10.7099 7.08439 5.61318 3.63917 2.61137 781.309 51.9747 5.38192 4.14675 211.995 158.79 105.175 32.5108 25.5381 11.414 7.76217 3.87723 3.88494 25.3583 22.7424 19.2903 5.13428
internal_count=47950 6020 41930 2409 1039 39521 5065 955 1309 643 349 303 38212 1011 788 752 142 317 263 312 4923 960 173 38209 1000 46 249 231 1370 102 521 481 261 40 191 152 326 141 107 51 56 223 155 80 52 37209 2258 125 114 1417 1042 673 200 162 155 108 59 49 928 220 164 86
is_linear=0
shrinkage=0.05


Tree=35
num_leaves=63
num_cat=0
split_feature=12 12 12 1 1 3 12 3 9 1 1 3 1 0 3 1 4 7 3 6 1 1 1 4 0 6 12 10 5 3 9 9 10 1 7 7 1 7 0 0 5 0 9 7 9 7 5 0 3 5 3 5 3 10 1 12 9 12 5 9 10 4
split_gain=1413.17 58.492 46.1308 16.0128 12.6686 11.5963 10.8036 10.6328 7.90451 7.52792 7.03717 6.89425 5.7675 5.75265 5.20353 5.13645 5.05101 4.68322 4.51815 5.58244 4.22083 9.09348 4.0337 3.78989 5.42157 3.16773 3.10031 2.92299 2.78182 2.57656 2.57347 2.32828 2.29415 3.1771 2.22908 3.2682 2.14946 2.90158 3.48007 3.46067 4.36489 2.12998 2.35782 2.12499 1.9913 4.0324 2.65212 2.59807 2.56292 1.9667 2.7606 1.91678 5.61125 1.85128 1.62885 1.51545 1.46346 3.95098 1.42326 2.31757 1.40758 3.96135
threshold=0.50040120607370453 0.40406182188469625 0.5942586191961361 0.66583333333333361 0.85566901408450702 0.62316372152437738 0.77970710046493774 0.790953232813698 0.15075757575757578 0.93361581920903958 0.53479313380281701 1.0000000180025095e-35 0.3404830362277172 0.20761494252873564 0.59299959299959315 0.59417229729729737 0.89638906961613551 0.64583333333333337 0.85028735632183927 0.30384615384615393 0.67890835579514841 0.85270009643201561 0.34556677890011228 0.7079038695124068 0.85934065934065951 0.32291666666666669 0.53841480580355372 0.20550527903469082 0.44949494949494956 0.58102025506376598 0.24037037037037037 0.60791925465838526 0.050641025641025648 0.2982733391864209 0.64583333333333337 0.87301587301587313 0.95040983606557383 0.58571428571428574 0.92907444668008055 0.90521114106019773 0.58571428571428574 0.85934065934065951 0.031754032258064523 0.87301587301587313 0.29099462365591405 0.5634920634920636 0.095454545454545472 0.29217479674796759 0.66369047619047616 0.64583333333333337 0.51649148242116716 0.44949494949494956 0.70299970299970316 0.11696306429548566 0.83847248576850097 0.564035962815011 0.42724867724867727 0.47246239849638577 0.095454545454545472 0.13100686498855837 0.37590579710144933 0.62268230638778987
decision_type=2 2 2 2 2 2 2 2 2 2 2 2 2 2 2 2 2 2 2 2 2 2 2 2 2 2 2 2 2 2 2 2 2 2 2 2 2 2 2 2 2 2 2 2 2 2 2 2 2 2 2 2 2 2 2 2 2 2 2 2 2 2
left_child=1 4 8 13 18 11 10 9 14 27 12 28 -4 25 55 -16 26 -11 51 -20 -21 -22 -18 24 -12 -3 53 -5 -6 41 43 -14 -27 -34 -30 -36 37 -25 39 40 -39 -29 -43 -19 48 46 47 -46 -28 -26 -51 -1 -53 -10 -44 -2 -56 -58 -9 -60 61 -45
right_child=2 3 6 7 5 -7 -8 58 16 17 23 -13 31 -15 15 -17 22 30 19 20 21 -23 -24 36 49 32 44 29 34 -31 -32 -33 33 -35 35 -37 -38 38 -40 -41 -42 42 54 60 45 -47 -48 -49 -50 50 -52 52 -54 -55 56 -57 57 -59 59 -61 -62 -63
leaf_value=-0.05007880710250559 0.0019033022787053799 -0.051477653363192044 0.049875638329256344 -0.041903399635781331 -0.042817728209119853 0.040598636300924529 0.057627426074336852 0.071829696815090757 -0.049821442570488497 0.079062928224166565 -0.032688024653364109 -0.049051814892165202 -0.027231952201155318 -0.045183967994976863 -0.034534837741467976 0.051474337124949414 -0.015363464556392994 -0.023234532228413443 0.1113526736262067 -0.044009652485951928 0.090430885622319726 -0.060142638139396798 0.055649709308004391 0.053044407560734974 0.066508223637422689 -0.021720076213042439 -0.044700778365911943 -0.025096321539644653 0.031461243158214101 0.053780859014110977 -0.022179508891310647 0.025150194075953088 -0.012077035146925581 0.092606203866779729 -0.054109694853710533 0.018346624058239027 0.059249487826431795 -0.0063811037694808757 0.04461793595497731 -0.024153532143839029 0.062502792879313956 -0.077377074628379061 0.043338075067878797 -0.051261995639901629 -0.019458239062422954 0.055784729899640166 -0.045771916481102438 0.053331077828097012 0.013365580414907605 0.018682416206094451 0.055462392552809103 -0.040843855303329533 0.079746738443009599 -0.012888456503536417 -0.013006086106419137 0.033982134989206353 -0.018049481884877018 0.086433895623979129 0.06118274167968149 0.0036075400733389463 0.041317719522011881 0.070772692167414955
leaf_weight=730.15797906182706 13.763576883822681 1.6680836454033841 6.334169544279578 8.4276424106210452 3.8016605973243704 6.3976813629269591 455.56533807516098 4.3308239951729757 4.5713189188390997 3.0069696418941048 3.061669826507571 23.473966494202614 6.9054173715412599 29.485636612400413 1.8734351582825208 23.63716085255146 2.8896058425307256 2.1391621939837941 0.73209231160581367 12.546904820948841 1.9992739632725705 2.011582450941205 6.4932367578148842 73.381601199507713 4.8065937757492092 1.5040411893278358 3.5397457648068693 15.578293681144716 5.0252662990242225 1.5621324982494105 4.280859997496008 3.0619634017348289 1.1562946327030661 1.9422650374472139 2.7519897036254406 3.5820202231407166 42.852446675300598 4.121504604816435 46.76243731379509 3.8770038038492194 5.2028267979621887 0.90277023427188297 2.422590345144271 1.5834228433668607 2.4097051471471769 4.6167459785938263 2.4918904565274715 2.4953881576657295 4.1030477527529001 14.87895977497101 7.7638778388500205 23.949225384742025 1.0051426291465748 13.163220616057513 8.5023918375372869 5.0261319428682318 2.2220129221677776 1.526301162317395 3.9077885076403618 3.1622032560408115 8.3981117904186249 1.1464797146618364
leaf_count=36694 99 65 35 186 83 34 3591 27 74 21 15 1101 52 1208 40 155 20 27 11 535 10 30 43 521 26 34 23 407 61 26 41 18 25 30 55 24 326 24 327 23 34 8 33 68 31 24 18 34 35 78 52 1014 5 131 115 25 39 11 25 24 35 8
internal_value=-0.00134248 -0.0429464 0.0487288 -0.00851585 -0.0475315 -0.0217525 0.0532133 0.00489617 0.0153154 -0.00330101 0.0441962 -0.0320775 0.0125682 -0.0359353 0.0304513 0.045158 0.000979986 0.0214085 -0.0490344 -0.0237625 -0.0297365 0.0149131 0.03378 0.0466905 0.0304209 0.00755328 -0.00725079 -0.0156455 -0.00579573 -0.00888155 0.011529 -0.0111402 0.0289474 0.0535414 0.00659459 -0.0131341 0.0495078 0.0463771 0.0382179 0.0155475 0.032055 -0.0120236 0.00105109 0.0224056 0.00642477 0.019118 -0.00376714 0.0175722 -0.0135277 0.03746 0.0312937 -0.0496131 -0.0359866 -0.0224084 0.00587636 0.0104842 -0.00153174 0.0244958 0.0492578 0.035431 0.031179 -1.09744e-05
internal_weight=1695.94 926.291 769.65 108.856 817.435 45.0326 678.576 73.1 91.0742 61.6991 223.01 38.6349 16.3016 35.7563 44.3003 25.5106 46.7739 20.555 772.402 17.2899 16.5578 4.01086 9.38284 206.709 30.5111 6.27068 37.3911 41.1441 15.1609 32.7165 17.548 9.96738 4.6026 3.09856 11.3593 6.33401 176.198 133.345 59.9638 13.2013 9.32433 31.1544 15.5761 13.2672 19.6565 12.0137 7.39698 4.90509 7.64279 27.4494 22.6428 755.112 24.9544 17.7345 14.6733 18.7897 12.2507 3.74831 11.4008 7.06999 11.128 2.7299
internal_count=47994 42120 5874 2463 39657 1358 5122 1101 752 1025 1531 1324 105 1362 319 195 433 200 38299 586 575 40 63 1426 171 154 370 825 223 639 179 70 89 55 140 79 1255 929 408 81 58 613 206 138 165 107 83 65 58 156 130 37713 1019 205 198 124 165 50 76 49 111 76
is_linear=0
shrinkage=0.05


Tree=36
num_leaves=63
num_cat=0
split_feature=12 12 12 1 1 3 3 1 6 10 1 3 12 0 10 3 1 1 9 5 5 7 1 10 1 9 1 0 12 6 10 3 3 5 1 9 3 10 9 3 9 4 3 10 3 10 12 5 1 5 5 3 7 7 0 9 10 1 7 9 7 0
split_gain=1328.61 57.3067 45.4626 15.0218 12.5905 10.7545 9.8394 9.55737 14.3726 7.47197 6.88424 6.74206 5.7885 5.5378 4.86391 4.4301 5.06579 7.46584 4.4026 5.22825 8.02952 4.31622 4.21363 3.99466 3.71566 3.42774 3.1904 2.9899 4.95827 2.9142 2.73764 2.6829 4.60873 2.60026 2.45002 2.43721 2.40032 3.54109 2.34735 2.31331 2.25031 2.12727 3.47978 4.28624 3.45776 3.04397 2.09137 2.0074 1.99691 150.954 2.14946 6.7141 1.99536 3.08281 1.98815 5.71112 1.98631 2.61882 1.93763 1.85997 1.85321 1.757
threshold=0.50040120607370453 0.40406182188469625 0.65576731082107542 0.66583333333333361 0.85566901408450702 0.62316372152437738 0.790953232813698 0.57071428571428584 0.13809523809523813 0.86956521739130443 0.93361581920903958 1.0000000180025095e-35 0.77970710046493774 0.20761494252873564 0.18441295546558709 0.85028735632183927 0.62715832601697408 0.82097069597069605 0.15075757575757578 0.095454545454545472 0.27922077922077926 0.64583333333333337 0.68410526315789488 0.28989813242784385 0.3404830362277172 0.62361111111111123 0.48873015873015879 0.23166368515205729 0.34688198539073856 0.32291666666666669 0.20550527903469082 0.81302966101694929 0.85867895545314898 0.44949494949494956 0.44954545454545464 0.029857397504456332 0.9457002457002458 0.18795289855072467 0.24037037037037037 0.68671792552389588 0.69604037267080754 0.83096903096903107 0.90054945054945057 0.059411764705882358 0.76980056980056988 0.099019607843137278 0.5942586191961361 0.86607142857142871 0.73076923076923084 0.080128205128205135 0.44949494949494956 0.70299970299970316 0.64583333333333337 0.87301587301587313 0.7748518762343648 0.13423423423423428 0.050641025641025648 0.2982733391864209 0.87301587301587313 0.3465463108320252 0.58571428571428574 0.85934065934065951
decision_type=2 2 2 2 2 2 2 2 2 2 2 2 2 2 2 2 2 2 2 2 2 2 2 2 2 2 2 2 2 2 2 2 2 2 2 2 2 2 2 2 2 2 2 2 2 2 2 2 2 2 2 2 2 2 2 2 2 2 2 2 2 2
left_child=1 4 7 13 15 11 10 14 9 -9 30 33 22 29 25 48 27 -18 -10 -20 -21 -12 24 -16 -4 26 -2 28 -17 -3 -5 -22 -33 -6 -26 -24 37 41 58 61 -27 44 45 -44 -37 -43 47 60 -1 -50 -51 54 -35 -54 55 -52 -31 -58 -23 -34 -11 -32
right_child=2 3 12 6 5 -7 -8 8 18 46 21 -13 -14 -15 23 16 17 -19 19 20 31 38 35 -25 34 40 -28 -29 -30 56 39 32 59 52 -36 36 -38 -39 -40 -41 -42 42 43 -45 -46 -47 -48 -49 49 50 51 -53 53 -55 -56 -57 57 -59 -60 -61 -62 -63
leaf_value=-0.050739201891933185 -0.052064318303395335 -0.051403932716432982 0.059960034841549964 -0.040845627018558116 -0.042159616841969283 0.038833770430568015 0.04791025160171325 -0.064652085577764321 0.0506598258602311 0.021154164646725832 0.076414052549262146 -0.04889345553480972 0.05708479170739135 -0.044819441102324234 0.059855133888558343 -0.051431602208307593 0.088886395873859339 -0.042311427377220406 0.061453049594625192 -0.044552643853512097 0.0500014214517037 -0.022332286214709087 0.056550786973101855 -0.021068497990119974 -0.030727536880992376 0.034322919233391189 0.018443138616555371 -0.051351280204662633 0.09902506765192999 -0.021020020225436063 -0.022679972370235266 -0.037014439410569012 0.011190437863660299 0.029487498972857847 0.021581535626571335 0.011498790021683967 0.054831860979759353 0.052413737751183888 -0.021311591108578012 0.065663101387410952 -0.024446301092634657 0.029145015068686983 -0.010498593437538242 0.053902294545050439 0.060392266485424367 -0.034586831028981795 0.030040179558543413 0.025870928534199873 0.90404323470558856 -0.049639981466585215 -0.051206844792542443 0.10644071048945417 -0.053908386845091576 0.017247305802262844 -0.04255231570919854 0.16199372649890154 -0.011591172765277633 0.082712126020094548 0.02991857675285603 0.06336393502769784 -0.012036011466442481 0.00098193369583039129
leaf_weight=588.69833341613412 8.2811058312654549 1.5889484118670214 4.0043677836656562 8.2189723178744298 3.6712805964052668 6.3551161363720885 11.144429055973886 3.4596305340528479 49.074893422424793 5.7378221005201366 2.9569361377507475 22.399641018360853 437.36204193532467 28.270017091184855 4.1802288964390746 1.2889621164649754 2.1608446240425101 2.1765709165483713 8.0193640179932135 4.597116922959688 8.4747664704918879 2.1149371583014736 56.392562575638294 2.4008635524660349 3.50092740729451 3.6122708991169921 1.9899450540542591 10.10536710731685 0.95201785676181305 1.4771226551383732 15.813591530546548 3.2665813863277418 3.7262014895677567 5.0917797051370126 6.2077044993638992 5.9244507253170005 29.602541133761406 23.386388592422009 4.2336663585156193 1.0174834299832571 2.9665377102792263 3.0969674438238171 3.7840541452169409 8.1444371566176397 9.2804345637559873 4.7427792698144913 11.421694949269293 8.2261180728673953 0.41861415654420753 111.2616977468133 0.95480935834348801 0.84209735691547294 2.6273021139204502 3.6188373118638992 17.307003386318684 0.46811039000749588 1.1448238138109448 2.062522541731596 11.015606237575412 3.1542583256959915 15.751452395692466 15.569655679166315
leaf_count=31012 179 65 22 186 83 34 76 46 345 54 21 1101 3591 1208 45 53 11 31 56 31 51 27 436 31 20 23 13 462 29 34 420 18 23 61 37 37 219 168 41 13 28 21 21 59 66 34 54 36 16 5856 42 4 55 24 765 18 25 30 111 20 90 206
internal_value=-0.00133431 -0.0426599 0.047951 -0.00827837 -0.0473576 -0.0213019 0.00471298 0.0231846 0.0286813 0.00592082 -0.00318663 -0.031518 0.0541211 -0.0353887 -0.00611844 -0.0489056 -0.023434 0.0230496 0.0413199 0.0266469 0.0146256 0.0205729 0.0459206 0.0303332 0.019434 -0.0203555 -0.038404 -0.0397643 0.0124857 0.00710911 -0.015073 0.0292347 0.0118905 -0.00558686 0.00271891 0.0484367 0.0432348 0.0373522 0.0110638 -0.00853537 0.00782251 0.0272807 0.0164658 0.0334725 0.0413414 -0.00941058 0.011856 0.00486655 -0.0494958 -0.043919 -0.046952 -0.0316718 0.00625559 -0.0126828 -0.0378814 0.0189316 0.0269564 0.0490517 0.0215025 0.0351087 -0.00317395 -0.010941
internal_weight=1630.8 887.027 743.771 106.629 780.398 43.764 72.0853 148.341 124.91 44.5967 60.9408 37.4088 595.43 34.5434 23.431 736.634 16.6838 4.33742 80.3132 31.2383 23.2189 20.3211 158.068 6.58109 13.713 16.8499 10.2711 12.3463 2.24098 6.27342 40.6197 18.6218 10.147 15.0092 9.70863 144.355 87.9621 58.3595 17.3642 32.4007 6.57881 34.9731 19.7682 11.9285 15.2049 7.83975 41.1371 29.7154 719.951 131.252 130.834 19.572 11.3379 6.24614 18.7299 1.42292 4.68447 3.20735 13.1305 6.88046 21.4893 31.3832
internal_count=47994 42120 5874 2463 39657 1358 1101 1143 824 280 1025 1324 4731 1362 319 38299 586 42 544 199 143 200 1140 76 79 243 192 544 82 154 825 112 61 223 57 1061 625 406 179 639 51 238 135 80 103 55 234 180 37713 6701 6685 829 140 79 825 60 89 55 138 43 144 626
is_linear=0
shrinkage=0.05


Tree=37
num_leaves=63
num_cat=0
split_feature=12 12 12 1 1 2 6 4 4 10 0 4 0 12 0 1 4 1 0 2 1 9 5 5 5 9 2 1 5 2 6 0 0 2 4 10 9 0 5 4 4 1 10 4 4 7 4 4 1 5 6 0 4 12 0 12 12 9 9 9 10 7
split_gain=1249.34 56.3169 44.7214 14.0919 12.518 10.7475 12.6745 8.84181 8.65857 7.00494 6.61055 6.52808 6.18807 5.96254 5.33018 4.12789 3.59094 3.51542 5.10904 3.73227 3.47212 3.29618 4.0771 4.80814 3.19792 4.22989 3.06828 2.78716 66.0988 2.74631 2.93341 2.60527 2.8144 3.53758 2.49115 4.30569 2.46474 2.46029 2.43001 2.33155 3.25153 2.22226 2.15573 4.12104 4.08328 3.36169 2.55327 2.29091 2.01079 1.96192 5.9211 2.01672 2.52074 3.14065 2.00941 1.94252 1.92612 1.89675 2.80749 1.79594 5.77578 1.78772
threshold=0.50040120607370453 0.40406182188469625 0.65576731082107542 0.66583333333333361 0.85566901408450702 0.32305502846299822 0.13809523809523813 0.74533382973442552 0.62268230638778987 0.86956521739130443 0.938137755102041 1.0000000180025095e-35 0.2428337428337429 0.77970710046493774 0.20761494252873564 0.68410526315789488 0.97801932367149769 0.59417229729729737 0.33508771929824566 0.53093112244897978 0.3404830362277172 0.15075757575757578 0.095454545454545472 0.41428571428571431 0.095454545454545472 0.13840996168582378 0.99333333333333351 0.72687165775401075 1.0000000180025095e-35 0.15535444947209656 0.32291666666666669 0.92907444668008055 0.85934065934065951 0.86729559748427687 0.90064102564102566 0.074537037037037054 0.029857397504456332 0.88185443668993035 0.44949494949494956 1.0000000180025095e-35 0.62268230638778987 0.44954545454545464 0.18795289855072467 0.90064102564102566 0.83883535819019694 0.44949494949494956 0.86972236773179679 0.7079038695124068 0.90064102564102566 0.44949494949494956 0.21825396825396828 0.81302966101694929 1.0000000180025095e-35 0.3264222534073476 0.79008567931456553 0.43216994598982794 0.5942586191961361 0.14854215918045707 0.29478609625668456 0.30690737833594983 0.12599206349206352 0.64583333333333337
decision_type=2 2 2 2 2 2 2 2 2 2 2 2 2 2 2 2 2 2 2 2 2 2 2 2 2 2 2 2 2 2 2 2 2 2 2 2 2 2 2 2 2 2 2 2 2 2 2 2 2 2 2 2 2 2 2 2 2 2 2 2 2 2
left_child=1 4 5 14 16 12 9 10 11 -7 31 38 34 15 29 20 27 18 -8 -20 -4 -19 -23 -24 -9 -26 -12 -1 -29 -3 -31 32 -5 -34 35 -2 -17 -35 -6 -28 -41 -22 43 44 47 -46 -47 -38 -10 -30 51 52 53 54 -51 -39 57 -11 -59 60 -25 -40
right_child=2 3 13 7 8 6 17 24 48 56 26 -13 -14 -15 -16 36 -18 21 19 -21 41 22 23 59 25 -27 39 28 49 30 -32 -33 33 37 -36 -37 42 55 61 40 -42 -43 -44 -45 45 46 -48 -49 -50 50 -52 -53 -54 -55 -56 -57 -58 58 -60 -61 -62 -63
leaf_value=-0.050381089944425028 -0.06442382011459305 -0.052108883020428653 0.058498661309715955 -0.02647986056824438 -0.041497389100759272 -0.063933653438609725 0.078982201244784875 0.073932015276503518 0.0016113140566123728 0.015732508548743626 0.067721687488971255 -0.04874539123623807 -0.053800936250245235 0.056571209008809499 -0.044447221525245051 0.055943197031346148 0.099768160161288311 0.050252960219215895 -0.039828104294259377 0.036101258395163961 -0.02921407983903054 0.060648119906045884 -0.018701549529528221 -0.030421913469820164 0.055790603844779345 -0.014736057985207119 0.015694649590145486 0.26292027420726055 -0.049005800618255768 -0.051319331633006851 0.045400985970315874 -0.077325145157696146 0.079293546616024918 -0.056661149358999123 0.039858844925193135 0.025248097570776635 0.0026693387418836785 -0.03123961897147497 0.027661517440356744 -0.051403562860158659 0.046522743118582205 0.020701202097067065 0.05324708178383835 0.049870630636807273 0.043554197551652268 -0.053085066009047138 0.004529464287336667 0.048730287635333408 0.056037854034697715 0.025686567073604241 0.05982615070168873 -0.051134513868084146 -0.051053767519799835 -0.023835233932115837 0.16141029300381124 0.031736557174339125 0.028772671505117461 -0.028935219926279621 0.018258994053256292 0.054007809092489582 0.04961527458180013 -0.012243241811081093
leaf_weight=570.29917050339282 2.297655198723076 1.5078977569937695 3.9018017053604117 20.060322653502233 3.5465575829148284 3.352710271254181 2.0112371519207937 4.7913145497441283 3.1683393307030192 16.646775238215927 2.4179451074451235 20.865333113819361 6.5039918795227996 419.71290165185928 27.110837448388338 54.210109636187553 0.40659746527671714 46.700585141777992 4.3449614271521568 2.5790996700525284 3.4982490837573987 7.5479292422533062 6.3351151682436493 3.6231813132762891 4.5584473758935911 3.9841438140720129 20.656502749770883 1.750075478106736 110.62715852633119 0.98940927162766446 3.7747390996664762 1.8537337835878123 1.4351803679019193 1.8353486955165861 3.9501025006175041 3.2072880659252405 3.4300481379032197 1.8577046450227497 5.1548243369907123 3.1232996378093949 1.1634345427155492 6.1496198549866676 29.515423782169819 28.486675217747688 3.1638456359505644 3.0806298553943616 5.1172153949737549 12.674579598009585 3.6543337199836969 0.64917144365609336 1.6160257756710041 12.548646971583365 2.5592397507280111 1.8107136990875004 0.47025259770452976 3.5923181399703026 11.330962106585501 7.7414159774780256 5.3146240711212158 6.1384424269199362 5.9651038944721222 6.1613166593015194
leaf_count=31425 30 51 22 540 83 47 26 30 33 90 20 1070 111 3591 1208 436 2 340 93 18 20 55 40 21 34 44 143 16 5996 43 60 19 21 31 19 33 21 39 61 131 7 37 223 210 24 22 34 91 32 26 28 586 127 73 20 42 54 51 40 39 36 79
internal_value=-0.00133322 -0.0423609 0.0472012 -0.00802547 -0.047185 0.022456 0.0272225 0.00452276 -0.0208509 0.0055559 -0.00391808 -0.0307071 -0.0162616 0.0534893 -0.0348375 0.0450474 -0.0487796 0.0385041 0.00883117 -0.0115457 0.0186984 0.0419785 0.028928 0.0180757 0.0412362 0.022898 0.0139439 -0.0488655 -0.0423193 0.00670055 0.0253143 -0.0198714 -0.0161709 0.00754326 0.00956111 -0.0121792 0.0476034 -0.00659117 -0.00538375 0.00873078 -0.024826 0.00260227 0.0423138 0.0365464 0.0227272 -0.000225181 -0.0171212 0.03892 0.030763 -0.0464196 -0.0318625 -0.0400769 -0.0147993 0.016866 0.082702 0.0102704 0.0112336 0.00454286 -0.00972423 0.0328905 0.0193712 0.00593451
internal_weight=1568.53 850 718.532 104.713 745.288 145.591 129.632 71.3297 42.5507 44.3865 57.9958 35.728 15.959 572.941 33.3829 153.228 702.737 85.2457 8.9353 6.92406 13.5497 76.3104 29.6098 22.0618 13.3339 8.54259 27.3612 702.33 132.031 6.27205 4.76415 30.6346 28.7809 8.72055 9.45505 5.50494 139.679 7.28537 14.8627 24.9432 4.28673 9.64787 85.4684 55.953 27.4663 11.3617 8.19785 16.1046 6.82267 130.281 19.6541 18.038 5.48938 2.93014 1.11942 5.45002 41.0338 29.7028 13.056 15.7267 9.58829 11.3161
internal_count=47994 42120 5874 2463 39657 1143 950 1101 1358 282 993 1293 193 4731 1362 1140 38299 668 137 111 79 531 191 136 108 78 301 38297 6872 154 103 692 673 133 82 63 1061 112 223 281 138 57 625 402 192 80 56 112 65 6856 860 832 246 119 46 81 235 181 91 96 57 140
is_linear=0
shrinkage=0.05


Tree=38
num_leaves=63
num_cat=0
split_feature=12 12 12 1 1 2 4 4 4 4 12 0 0 0 5 7 1 4 1 5 9 6 2 1 5 12 9 9 2 6 9 0 9 1 2 5 12 4 10 6 7 1 4 10 4 4 7 1 9 5 6 0 4 12 10 1 6 9 9 2 7 7
split_gain=1174.61 55.2476 43.9948 13.2062 12.4969 9.90535 12.0634 8.17114 8.03461 6.38856 6.14833 6.04216 5.78082 5.13266 4.99565 4.24959 4.03829 3.36383 3.24667 3.0604 3.92496 3.01241 2.81852 2.81221 57.3805 2.53723 3.47458 3.43237 2.53635 2.62615 2.49882 2.40109 2.68464 3.01562 3.29596 2.2716 2.26796 2.26703 4.02794 2.1467 2.14255 3.42126 3.16567 3.51152 2.13594 3.05904 2.0366 2.01555 1.99277 1.98374 5.44365 2.01422 2.38145 2.62119 1.97816 1.84399 1.82162 1.64056 1.62798 1.62462 1.59953 2.9402
threshold=0.50040120607370453 0.40406182188469625 0.65576731082107542 0.66583333333333361 0.85566901408450702 0.32305502846299822 0.67115270350564471 0.74533382973442552 0.62268230638778987 1.0000000180025095e-35 0.77970710046493774 0.938137755102041 0.2428337428337429 0.20761494252873564 0.44949494949494956 0.5634920634920636 0.68410526315789488 0.97801932367149769 0.3404830362277172 0.095454545454545472 0.13840996168582378 0.13809523809523813 0.99333333333333351 0.72687165775401075 1.0000000180025095e-35 0.51711730126736499 0.29478609625668456 0.1856158484065461 0.15535444947209656 0.32291666666666669 0.029857397504456332 0.92907444668008055 0.25245098039215691 0.81557067271353001 0.73401360544217698 0.44949494949494956 0.53841480580355372 0.90064102564102566 0.074537037037037054 0.32291666666666669 0.38750000000000007 0.89442724458204348 0.86453119786453125 0.16345083487940634 1.0000000180025095e-35 0.62268230638778987 0.73214285714285732 0.44954545454545464 0.13423423423423428 0.44949494949494956 0.21825396825396828 0.81302966101694929 1.0000000180025095e-35 0.3264222534073476 0.03883861236802414 0.90064102564102566 0.27922077922077926 0.084523809523809543 0.15707236842105265 0.19139194139194141 0.64583333333333337 0.87301587301587313
decision_type=2 2 2 2 2 2 2 2 2 2 2 2 2 2 2 2 2 2 2 2 2 2 2 2 2 2 2 2 2 2 2 2 2 2 2 2 2 2 2 2 2 2 2 2 2 2 2 2 2 2 2 2 2 2 2 2 2 2 2 2 2 2
left_child=1 4 5 13 17 12 14 11 9 35 16 31 37 28 48 -16 18 23 -4 -9 -21 25 -13 -1 -25 -17 27 -27 -3 -30 -18 32 33 34 -5 -6 39 38 -2 -8 -32 42 43 -42 -24 -46 -35 -20 -7 -26 51 52 53 57 -44 -10 -38 -51 -41 -31 -37 -62
right_child=2 3 10 7 8 6 36 19 55 -11 -12 22 -14 -15 15 21 30 -19 47 20 -22 -23 44 24 49 26 -28 -29 29 59 40 -33 -34 46 -36 60 56 -39 -40 58 41 -43 54 -45 45 -47 -48 -49 -50 50 -52 -53 -54 -55 -56 -57 -58 -59 -60 -61 61 -63
leaf_value=-0.050302890134210299 -0.063926741333102582 -0.05200535854803922 0.057101777726913272 0.017887312038538966 -0.040830894914268313 0.0010181179185337105 0.057861328193709899 0.072686348296652645 0.0015307228963369779 -0.04857774017602693 0.056084121379474772 0.065189953800957448 -0.05277465583042662 -0.044066951345463179 0.057625584845751754 -0.025934651411625514 0.055362383881516979 0.096071189605117735 -0.027777746063917693 0.054339670010521826 -0.014051059502371977 0.045813293703098598 0.014848941083133577 0.23225852322345283 -0.048838959285141856 0.010025063916882881 0.048256740735362798 -0.03975586497968471 -0.051253684007244726 0.076838696473462711 0.054385979350892115 -0.074854090384581878 -0.040306481644773073 0.030157040968296401 -0.041152430980478528 0.025969304171107505 0.0092401632098153431 0.038122003983384507 0.023647746124167937 0.029595767083208675 -0.040745710165459956 0.043152445754337833 0.0086838994299124443 0.031723757701521069 -0.05133403880843404 0.044581797199371921 -0.021845835674824197 0.019851284838525551 -0.057844367073277163 0.13868847648280919 0.054747747715958729 -0.051077996178311408 -0.051001323864920581 -0.023172722791706735 0.05983220530881718 0.05376864780941934 0.045553171877589609 0.02136023938714196 -0.010202095488633184 0.012032764877062244 -0.053674888123665589 0.016949695975221807
leaf_weight=543.30753706023097 2.2021631058305484 1.4371399451047171 3.7999900430440894 3.3804504610598176 3.427271978929638 2.3656534552574149 2.9901786092668763 4.6337554380297652 3.1683897022157899 19.914505438879132 402.62285437434912 2.3870594706386354 6.3040709793567649 26.005599303171039 4.9040839523077002 6.076104409992694 52.093546271324158 0.40126565098762412 3.4952567145228368 4.4489672891795617 3.9698304571211338 4.7721635475754729 20.739139303565029 1.8784781023859967 105.58232823200524 21.965810706838973 4.852323977276682 4.1106345281004897 0.94233024865388859 1.7869937494397166 22.962792411446571 1.8200517203658808 7.9287006556987754 6.5508798696100694 7.8611724004149437 5.2145984601229411 3.6739835515618315 3.9242345988750458 3.2519323620945215 5.1470094230025989 3.8806087300181371 45.629342652857304 3.3790120482444763 2.9364460557699203 2.9748967066407195 1.1536368690431116 2.6420854069292545 6.0937221273779869 3.6662674061954021 0.52605129405856776 1.6759986523538817 11.949516700580714 2.4368642121553421 1.7703984845429657 4.2906826809048653 3.6190431173890829 57.578687714412808 0.68707691133022308 5.1315106004476547 2.1077469158917665 2.4813633784651756 3.6288844794034958
leaf_count=31425 30 51 22 58 83 22 21 30 33 1070 3591 20 111 1208 30 50 436 2 20 34 44 29 143 16 5996 118 24 25 43 23 185 19 280 85 215 61 28 19 33 41 23 345 20 20 131 7 35 37 62 20 28 586 127 73 32 32 453 26 47 37 55 24
internal_value=-0.00132576 -0.0420563 0.0464664 -0.00778727 -0.047005 0.0217454 0.0263668 0.00434173 -0.0203637 -0.0301039 0.0528763 -0.00377336 -0.0157483 -0.0342738 0.00806114 0.0135942 0.0441828 -0.0486529 0.0179897 0.0400524 0.0220905 0.00842547 0.0132925 -0.0487396 -0.0420255 0.00360392 0.00940691 0.00217771 0.0063172 0.0236454 0.0467773 -0.0191834 -0.015611 -0.00602912 -0.0233987 -0.00516519 0.0393153 0.00914059 -0.0117116 0.0205742 0.0413941 0.0364315 0.0152623 -0.00952949 0.00831087 -0.0245323 0.0152113 0.00249014 -0.0347591 -0.0461597 -0.0313073 -0.0396106 -0.0143301 0.0156219 0.037298 0.0293839 0.0433751 0.0722375 0.00972684 0.0417672 0.00562843 -0.0117309
internal_weight=1508.54 814.44 694.101 102.77 711.67 142.917 127.234 70.4906 41.4541 34.6666 551.184 57.4381 15.6824 32.2798 52.713 46.6811 148.561 670.216 13.389 13.0526 8.4188 41.777 27.2547 669.814 126.507 37.0049 30.9288 26.0764 6.27421 4.83707 135.172 30.1833 28.3633 20.4346 11.2416 14.7521 74.5214 9.37833 5.4541 13.2687 83.0789 60.1161 14.4867 6.81705 24.8677 4.12853 9.19297 9.58898 6.03192 124.628 19.0459 17.3699 5.42039 2.98353 7.66969 6.78743 61.2527 1.21313 10.2785 3.89474 11.3248 6.11025
internal_count=47994 42120 5874 2463 39657 1143 950 1101 1358 1293 4731 993 193 1362 360 276 1140 38299 79 108 78 246 301 38297 6872 217 167 143 154 103 1061 692 673 393 273 223 590 82 63 109 625 440 95 43 281 138 120 57 84 6856 860 832 246 119 52 65 481 46 88 60 140 79
is_linear=0
shrinkage=0.05


Tree=39
num_leaves=63
num_cat=0
split_feature=12 12 12 1 1 2 6 4 4 4 10 12 1 0 0 1 1 0 2 9 9 5 5 4 1 5 9 1 5 2 9 9 4 10 4 4 7 9 4 4 5 4 4 10 5 6 0 10 12 9 1 9 10 1 7 12 7 1 1 4 12 12
split_gain=1104.09 54.1544 43.5457 12.4498 12.3729 9.09556 11.345 7.55881 7.55196 6.82648 6.45215 6.3177 5.58371 5.39657 4.9489 3.95268 3.47448 4.33601 3.44576 3.36271 3.23714 4.03304 4.26374 3.15508 3.0375 2.93356 3.64147 2.84078 50.2214 2.79084 2.52337 2.39786 2.24142 2.16563 4.00932 3.9771 3.10953 2.54786 2.19 2.13015 2.12167 2.1035 2.0634 3.77135 2.00438 5.02014 2.67448 1.95204 1.94564 2.32774 1.82793 1.73706 5.45237 1.73519 2.80649 4.62514 3.07161 2.14158 1.73078 1.82153 4.45533 1.67486
threshold=0.50040120607370453 0.40406182188469625 0.65576731082107542 0.85566901408450702 0.66583333333333361 0.32305502846299822 0.13809523809523813 0.55086231884057979 0.74533382973442552 1.0000000180025095e-35 0.86956521739130443 0.77970710046493774 0.88912529550827435 0.2428337428337429 0.22361111111111118 0.68410526315789488 0.59417229729729737 0.33508771929824566 0.53093112244897978 0.096006144393241177 0.15075757575757578 0.095454545454545472 0.41428571428571431 0.97801932367149769 0.3404830362277172 0.095454545454545472 0.13840996168582378 0.72687165775401075 1.0000000180025095e-35 0.22048611111111119 0.029857397504456332 0.25245098039215691 0.72855022831050242 0.18795289855072467 0.90064102564102566 0.83883535819019694 0.44949494949494956 0.21132376395534294 0.76555187027823857 0.84775919732441485 0.44949494949494956 0.85251155947877277 0.90064102564102566 0.074537037037037054 0.44949494949494956 0.21825396825396828 0.73765182186234834 0.22540322580645164 0.46130140466456354 0.17712418300653598 0.44954545454545464 0.30690737833594983 0.12599206349206352 0.76913919413919418 0.41428571428571431 0.42618899527413706 0.73214285714285732 0.68410526315789488 0.77190241228070178 1.0000000180025095e-35 0.3264222534073476 0.5942586191961361
decision_type=2 2 2 2 2 2 2 2 2 2 2 2 2 2 2 2 2 2 2 2 2 2 2 2 2 2 2 2 2 2 2 2 2 2 2 2 2 2 2 2 2 2 2 2 2 2 2 2 2 2 2 2 2 2 2 2 2 2 2 2 2 2
left_child=1 3 5 23 14 13 10 9 12 40 -7 15 31 42 29 24 17 -8 -19 -9 -18 -22 39 27 -4 -10 -27 -1 -29 32 -17 48 -3 34 35 38 -37 -38 -32 -23 -5 -21 43 -2 -30 46 -46 -34 53 -50 -26 52 -24 57 -55 -56 -57 -6 59 60 -48 -12
right_child=2 4 11 7 8 6 16 19 25 -11 61 -13 -14 -15 -16 30 20 18 -20 41 21 22 51 -25 50 26 -28 28 44 -31 33 -33 47 -35 -36 36 37 -39 -40 -41 -42 -43 -44 -45 45 -47 58 -49 49 -51 -52 -53 -54 54 55 56 -58 -59 -60 -61 -62 -63
leaf_value=-0.050225300722048762 -0.063445566166601172 -0.051381515080209619 0.055762384682579415 -0.040160028658513085 0.040177637185237411 -0.063250140258031981 0.069643407749691078 0.056447472508247491 0.071520002433135818 -0.050928809236616315 0.0041313459924640049 0.055621194896201459 0.011654533082204698 -0.051733597277522525 -0.0451544715538333 0.054805670675463852 0.048652353182537758 -0.039673459381576501 0.033897140368119923 -0.044164033149781845 0.059700981793474855 -0.045671268383513819 -0.03104932784303201 0.092716856104530038 -0.02641405638949822 0.052916640506280421 -0.013395515726201535 0.2065550160386953 -0.048668194723172457 0.0576458220479414 0.015252209502470304 -0.04132622171343274 -0.015985748837872481 0.051883836779216798 0.048284413765451284 0.04176072523289253 0.0071068206152009169 -0.049240622123421285 0.053478692760529405 0.013026837885820798 0.0053396104336187432 0.031765810580693173 0.036467132635556808 0.022171227023662171 0.10388359797857812 0.050289313669566051 0.091981216883327999 0.062162956752067622 -0.050390394783759188 0.030024741895008651 0.019030965869899896 0.051888966646022133 0.047565309787410158 0.07378554029632943 -0.05290021557310233 0.063113074732638996 -0.025958905395949555 -0.040246354856026616 -0.051033319667815186 -0.050948596289680709 -0.0512579840612917 0.026844274910616913
leaf_weight=517.5884916279465 2.110248386859892 2.4874210432171848 3.6992746889591208 3.3132105972617856 1.0546104498207629 3.2107939030975094 2.1143396291881782 4.0027921646833411 4.4778153970837584 18.076760221272707 29.558328630402684 386.09357273578644 29.117838811129332 6.1142512522637835 23.46792496740818 50.043537676334381 43.957468949258327 4.2804127931594849 2.5335589349269867 2.0133543126285081 7.0792391970753696 3.3618734944611814 3.6037480086088163 0.39514794945716758 3.4920061565935594 4.3429038003087026 3.9562553279101849 2.0031730309128752 100.77662077918649 1.694519095122814 6.4962077438831356 8.7630283981561643 2.3628070447593932 27.576791562139988 26.69321832805872 2.9722547978162757 4.5002425685524923 3.6198690831661224 8.8526033014059049 2.8609140813350677 11.302290448918937 1.6676361989229915 3.8978817015886307 3.2939541079103947 0.32061439007521286 1.7318404614925373 1.0452580414712462 1.2074003200978038 4.5086832381784907 1.124315360561013 6.0399704128503799 5.8272940739989272 5.6846974194049835 1.6123263165354709 2.5468439385294914 2.7910582683980465 1.4817166514694688 3.8481658846139908 12.486491518095134 1.7492704875767229 1.1294862013310192 11.188975676894186
leaf_count=31425 30 106 22 83 25 47 26 37 30 1045 181 3591 296 111 1162 436 340 93 18 25 55 23 21 2 20 34 44 16 5996 34 43 310 46 223 210 24 31 25 69 17 140 28 19 33 11 28 37 14 74 21 37 39 36 30 64 38 19 116 639 96 49 54
internal_value=-0.00131843 -0.0417498 0.0457248 -0.0468234 -0.00755864 0.0209951 0.0254553 -0.0198963 0.00416898 -0.0303845 0.00499095 0.0522878 -0.00363776 -0.015245 -0.033713 0.0433492 0.0365197 0.00709109 -0.0123186 0.0247279 0.0401501 0.0269985 0.0161492 -0.0485242 0.0173067 0.0389035 0.0213053 -0.0486116 -0.0417225 0.000923463 0.0459845 -0.019695 -0.0149437 0.0405151 0.0346148 0.0208148 -0.00199585 -0.0180123 0.0372998 -0.0186849 -0.00497477 -0.00976477 0.00873887 -0.0112607 -0.0458935 -0.0307481 -0.0391363 0.0104432 -0.00970141 -0.03434 0.00238234 0.0304896 0.0170643 0.000706682 0.01446 0.000434032 0.0322246 -0.0229468 -0.0419305 -0.0129648 0.0175878 0.0103682
internal_weight=1451.21 780.448 670.758 679.602 100.846 140.678 125.262 40.376 69.6256 32.6923 43.9581 530.08 56.8486 15.4163 31.2201 143.986 81.3035 8.92831 6.81397 7.68378 72.3752 28.4178 21.3385 639.226 13.2313 12.777 8.29916 638.831 121.243 7.75215 130.755 27.7307 6.05763 80.7112 53.1344 26.4412 11.0924 8.12011 15.3488 6.22279 14.6155 3.68099 9.30208 5.4042 119.24 18.463 16.7311 3.57021 18.9677 5.633 9.53198 15.1157 9.28845 13.3347 8.43195 6.81962 4.27277 4.90278 16.4105 3.92401 2.17474 40.7473
internal_count=47994 42120 5874 39657 2463 1143 950 1358 1101 1268 282 4731 993 193 1362 1140 668 137 111 90 531 191 136 38299 79 108 78 38297 6872 200 1061 697 166 625 402 192 80 56 112 40 223 53 82 63 6856 860 832 60 387 95 57 96 57 292 151 121 57 141 821 182 86 235
is_linear=0
shrinkage=0.05


Tree=40
num_leaves=63
num_cat=0
split_feature=12 12 12 1 5 12 4 2 1 5 3 1 6 3 0 0 4 1 3 2 9 9 3 1 3 9 7 9 9 0 3 6 4 9 6 2 0 12 1 4 5 1 7 0 7 5 2 9 9 0 12 5 9 1 3 3 2 1 9 9 12 3
split_gain=1078.05 45.2346 32.0319 12.1851 9.47548 8.8016 8.18011 10.4738 8.63814 6.79355 7.64524 6.39668 10.6134 6.31482 5.36679 9.11198 10.2809 5.13513 4.8498 5.62558 4.71606 4.44946 4.13941 3.68172 3.56884 4.95434 4.36124 3.24739 3.11248 4.64748 2.94414 3.94346 2.93812 4.5243 2.9076 2.62134 4.40708 2.67001 2.56228 2.45693 2.34827 2.32122 3.18216 4.14022 3.80586 2.37678 3.35487 2.28135 2.58101 2.34083 2.19873 2.17476 2.62566 2.04351 1.87696 1.76507 1.65566 1.45861 2.8666 1.43078 1.26785 1.26511
threshold=0.47246239849638577 0.5942586191961361 0.37461138802301536 0.76913919413919418 1.0000000180025095e-35 0.77970710046493774 0.67115270350564471 0.45773809523809533 0.83847248576850097 0.44949494949494956 0.66369047619047616 0.22828571428571431 0.42261904761904767 1.0000000180025095e-35 0.71535181236673784 0.77058029689608654 0.34746469833119392 0.53479313380281701 0.86319073083778985 0.5122242098986286 0.26975051975051983 0.056079664570230614 0.66369047619047616 0.90064102564102566 1.0000000180025095e-35 0.036375661375661381 0.58571428571428574 0.64051282051282066 0.037749287749287756 0.9418526031102098 0.84273937856689929 0.59166666666666679 0.85251155947877277 0.29217479674796754 0.24264705882352944 0.95311355311355328 0.91734972677595639 0.42115187612069244 0.36373307543520317 0.64425612052730707 0.64583333333333337 0.95040983606557383 0.38750000000000007 0.92907444668008055 0.69047619047619058 0.58571428571428574 0.9418526031102098 0.12060606060606062 0.033908045977011504 0.99333333333333351 0.43216994598982794 0.5634920634920636 0.21807065217391305 0.27316363636363639 0.95101959216313492 0.91545844394527276 0.38327018361993598 0.89932432432432441 0.37965517241379315 0.23466833541927412 0.2718251986552162 0.7814295977011495
decision_type=2 2 2 2 2 2 2 2 2 2 2 2 2 2 2 2 2 2 2 2 2 2 2 2 2 2 2 2 2 2 2 2 2 2 2 2 2 2 2 2 2 2 2 2 2 2 2 2 2 2 2 2 2 2 2 2 2 2 2 2 2 2
left_child=2 6 9 11 -5 17 8 30 -2 23 13 12 -4 21 -6 16 -16 20 -13 27 -3 28 24 61 25 -17 -27 32 29 -11 53 -32 33 -20 -26 -28 37 -37 -22 -19 -38 42 -41 44 45 46 55 48 49 -10 -24 60 -53 -8 -33 -44 -55 -49 -59 -42 -23 -1
right_child=1 5 3 4 14 -7 7 -9 47 10 -12 18 -14 -15 15 22 -18 39 19 -21 38 51 50 -25 34 26 35 -29 -30 -31 31 54 -34 -35 -36 36 40 -39 -40 41 59 -43 43 -45 -46 -47 -48 57 -50 -51 -52 52 -54 56 -56 -57 -58 58 -60 -61 -62 -63
leaf_value=-0.050086976418703369 -0.037974973337424889 -0.028969406975498414 -0.051458071737940037 0.075473033633203512 -0.051945986300922668 0.05476272734280016 0.035879533300514098 0.043639616081636808 -0.022229571013460847 -0.047790307027919685 0.068476955088438318 -0.044570983526397767 0.19381915254742349 -0.048911535345576865 0.23003242883605912 0.042445584875201628 -0.02874711000199176 0.026654539564309455 -0.051679901077194862 0.11948176284239842 0.050860896927202429 0.018403164415761123 0.0015624997548970147 0.03152116249918379 -0.048241149824675533 -0.040032317180861032 -0.056246607050147147 0.060106166118863803 0.085259883983486259 0.060338139965223914 0.043031448703905156 -0.052364275277727058 -0.054023286946214312 0.15121163933734708 0.044849781673704556 0.10819767593839802 -0.053901767884108699 0.022940185851864671 -7.3062394786900951e-05 0.053563697324601305 -0.023584836568356107 0.057056524597945982 -0.02582421637025499 0.044710668539138583 -0.013367642197131017 0.052428376485617545 0.049399381771187634 -0.028678333722112689 0.056524390087543945 0.025127920999104138 0.06068478635362809 0.06099867750904428 -0.031077239366849599 -0.053350418638568479 0.0061201511097707141 0.025038709839806318 0.014128609524236408 -0.0038507898523150313 0.041399434973498336 0.02044337738275321 -0.051939359330105066 -0.040572185117850254
leaf_weight=531.15213740896434 11.125196212902663 4.5458606611937276 0.99253374896943458 3.6445105373859397 6.111504513770341 371.27667465806007 1.0438359528780008 37.671766351908445 3.4261875227093705 2.0975067429244514 1.9402622170746315 46.089222397655249 0.79375001974403858 24.622621070593596 0.87642121873795875 4.8559709172695902 0.68284118734300137 18.359684482216835 0.62228208035230526 0.86375696957111348 6.6432957351207715 0.71672161109745314 3.1110202781856051 1.4069674741476763 8.4992662835866177 9.2379178106784838 1.6595518738031358 1.1251303795725105 1.6407079920172689 1.888463035225868 5.5943979546427709 2.1839513089507818 3.9509520009160042 0.49201205745339394 0.93065159395337183 1.4854590836912387 2.1180037688463935 2.4051760248839855 3.9298026040196419 43.429490841925144 2.8231567442417127 36.420899301767349 4.1483395472168976 53.311098352074623 6.3229459524154654 7.906942479312419 4.7678962722420692 3.5009652264416244 4.6989621724933377 10.94488082639873 3.180015504360199 1.2819804530590775 1.9549721945077179 4.6434944868087769 3.6894546151161194 2.8967596143484116 1.1302869766950605 15.618823472410442 4.5107872765511265 5.3270060978829861 6.0295603647828102 37.395387725904584
leaf_count=33880 253 33 44 26 281 3604 21 276 24 50 11 2564 13 1440 32 37 16 107 24 5 44 29 20 22 373 292 35 13 35 10 64 34 127 17 13 30 47 25 27 368 20 337 28 431 38 64 36 63 30 64 22 30 36 132 36 23 24 96 25 35 231 2076
internal_value=-0.000972814 0.0445467 -0.0433323 -0.018732 -0.00252611 0.0502629 0.0151828 0.0285687 0.00126675 -0.0478284 -0.0284641 -0.0355336 0.0575329 -0.0331392 -0.00785908 -0.00214975 0.116706 0.0415922 -0.0386618 -5.3084e-05 0.0136191 -0.00826047 -0.006211 -0.0492612 -0.0122329 -0.00377746 -0.0127356 -0.016732 0.0272972 0.00343852 -0.00248048 0.0129889 -0.0337999 0.037906 -0.0390539 0.00320567 0.0101741 0.0554918 0.0319298 0.043974 -0.00699695 0.0459713 0.0426831 0.0367283 0.0203879 0.0312112 0.0170096 0.0114908 0.0243558 0.0138375 0.0314478 -0.0283012 0.00538901 -0.0285013 -0.0156265 -0.00491072 -0.0401406 0.00110862 0.0062892 0.00519233 -0.0444662 -0.0494612
internal_weight=1397.75 673.743 724.005 111.878 56.9485 563.96 109.783 55.9572 53.8258 612.127 42.1728 54.9296 1.78628 40.2325 53.304 47.1925 1.55926 192.683 53.1434 7.05413 15.119 15.6099 45.6332 569.954 39.3422 29.9122 25.0563 6.19038 5.62668 3.98597 18.2854 11.4678 5.06525 1.11429 9.42992 15.8184 14.1588 3.89064 10.5731 177.564 10.2682 159.204 122.783 79.354 26.0429 19.7199 11.813 42.7006 19.07 14.3711 6.29104 9.98323 3.23695 6.81762 5.87341 7.0451 5.77378 23.6306 20.1296 8.15016 6.74628 568.548
internal_count=48243 6282 41961 4111 1304 5140 1142 587 555 37850 1872 2807 57 1861 1278 997 48 1536 2750 186 104 421 949 35978 907 521 484 181 95 60 311 134 168 41 386 192 157 55 71 1432 102 1325 988 620 189 151 87 302 118 88 42 326 66 177 70 51 156 184 121 55 260 35956
is_linear=0
shrinkage=0.05


Tree=41
num_leaves=63
num_cat=0
split_feature=12 12 12 1 5 1 4 12 5 6 1 6 4 0 0 10 1 6 4 9 12 9 9 2 9 7 1 1 10 4 6 4 2 9 1 6 1 5 9 5 9 6 10 10 12 4 6 4 5 9 4 12 4 6 6 12 9 2 4 5 1 5
split_gain=1013.6 38.0793 37.9534 11.2549 8.93485 8.79594 12.4156 6.92938 6.78167 6.34554 10.608 6.0687 6.69254 5.64283 6.90225 7.48005 5.29708 4.70104 5.94498 4.65903 4.19374 4.0829 3.70005 4.83062 3.62785 3.58041 3.54292 3.53402 3.29037 3.27971 3.79314 3.07184 3.24481 3.36919 3.40435 3.00154 4.1015 2.15695 5.15327 2.43478 2.12586 2.7098 2.79741 2.62433 2.43882 2.37032 2.31518 2.09204 2.09029 2.30238 2.05713 1.88262 1.78709 4.17971 1.75615 1.68251 1.71145 1.6045 1.38442 1.37576 1.35614 45.2558
threshold=0.48506832767546765 0.37461138802301536 0.62790203878499784 0.76913919413919418 1.0000000180025095e-35 0.48873015873015879 0.67115270350564471 0.77970710046493774 0.44949494949494956 0.42261904761904767 0.22828571428571431 0.19375000000000003 1.0000000180025095e-35 0.71535181236673784 0.77058029689608654 0.86956521739130443 0.80759615384615391 0.17914438502673799 1.0000000180025095e-35 0.036375661375661381 0.41623381558328693 0.056079664570230614 0.042572463768115944 0.92637759710930456 0.3874259381171824 0.58571428571428574 0.28328040647824715 0.90064102564102566 1.0000000180025095e-35 0.8145502645502648 0.59166666666666679 0.83096903096903107 0.5122242098986286 0.39811320754716989 0.34556677890011228 0.78888888888888908 0.89442724458204348 0.5277777777777779 0.30116279069767443 0.64583333333333337 0.033908045977011504 0.5634920634920636 0.16035714285714289 0.13921188630490958 0.72553614411503753 0.86037735849056607 0.78888888888888908 0.76942551119766323 0.5634920634920636 0.21807065217391305 0.68220211161387645 0.41623381558328693 1.0000000180025095e-35 0.13809523809523813 0.24264705882352944 0.53841480580355372 0.23466833541927412 0.45308176100628933 0.89638906961613551 0.78888888888888908 0.64051282051282066 1.0000000180025095e-35
decision_type=2 2 2 2 2 2 2 2 2 2 2 2 2 2 2 2 2 2 2 2 2 2 2 2 2 2 2 2 2 2 2 2 2 2 2 2 2 2 2 2 2 2 2 2 2 2 2 2 2 2 2 2 2 2 2 2 2 2 2 2 2 2
left_child=1 8 5 9 -5 24 16 28 27 -3 -11 12 21 -6 15 -15 -7 18 19 -16 -19 22 23 -10 57 -21 -26 60 35 -28 -31 50 33 -33 -35 36 -4 38 51 -39 54 42 43 44 45 47 -43 -42 -23 -50 -12 -27 59 -54 -30 56 -8 -2 -36 -18 -1 -62
right_child=2 3 7 4 13 6 55 -9 11 10 31 -13 -14 14 17 -17 52 20 -20 25 -22 48 -24 -25 26 37 29 -29 40 30 -32 32 -34 34 58 -37 -38 39 -40 -41 41 46 -44 -45 -46 -47 -48 -49 49 -51 -52 -53 53 -55 -56 -57 -58 -59 -60 -61 61 -63
leaf_value=-0.050659148800539705 -0.053558064559399425 -0.04318142115024047 -0.027645313345684958 0.073691601380709557 -0.051918591740825693 -0.03979203404965783 0.038312412082353996 0.05432826843222243 -0.060399753410621461 0.1596132755601514 0.068300948533811884 0.040438319560746366 -0.050845822715180601 -0.029043045953106573 0.03583398813613009 0.17989990843395581 0.010928322833768191 -0.024497531280626639 -0.051835830997030478 -0.036632745028848376 0.04965688720399461 -0.044071688961107809 0.10368474727433244 0.046488999804349743 0.060803562684748486 0.10684750647345481 -0.042551559898147358 0.029735152470075188 0.02695721502224574 0.05330727965310688 -0.030135153155424362 -0.043351839133097265 0.10791725149978684 0.077964845713075603 -0.054886455821794758 0.044716057566926509 0.032072688338239751 -0.054199864342153528 -0.052605254826212547 0.0010306832868492881 0.0073527260199451085 0.053954750421846304 0.0438221013943772 -0.017740905622779326 0.051716488627973983 -0.011599175230569287 0.0045842441447735919 0.053159599919263827 0.055139133585327099 -0.030267559695916435 -0.045809853082067441 0.029584878919903149 -0.049577411421857301 0.022819075894526111 0.056058733233423301 0.047573240643959208 0.001508900883383406 0.035077365939831698 0.026433050766971979 0.031514470442001598 0.13018865600824409 -0.050084404101442104
leaf_weight=424.11114054825157 5.3309057587757733 40.939636436291039 5.0066774487495422 3.6666748002171508 6.1885878946632138 5.3380364440381518 11.412613965570925 355.92219569534063 1.7337697930634011 0.91211990267038245 0.41903937421738913 3.0010381266474715 22.433671461418271 0.71929418481886265 6.2938367594033471 1.0589423272758722 25.567265251651406 2.7108747549355012 7.6301181595772496 9.542009021155538 6.4267449248582125 6.4748992510139924 1.2009482420980928 2.7079103961586952 2.1609394513070574 1.4820209369063406 4.3143715485930425 1.4166467320173968 5.8511417210102072 3.0203578118234873 2.4804792106151581 3.0764032183215022 0.70994992554187764 1.7646093238145115 1.1018542405217888 9.2524978592991829 6.7537905275821686 2.4166824556887141 1.2963284850120542 11.448143320158122 4.9664108157157951 34.017506562173367 28.032686840742826 3.7353260368108741 7.1019604429602614 5.0875186994671813 2.552791826426982 5.0040307492017746 1.3455561529845002 1.9081121217459438 6.8719924865290523 1.6846755035221574 3.5052137458696944 4.6231815945357084 45.470378406345844 37.673568710684776 4.3677453957498065 0.56466521881520737 0.99691569991409767 11.890105396509169 3.5906450748443595 114.41398998349905
leaf_count=28420 183 2320 31 28 291 89 79 3604 54 13 24 50 1401 18 44 32 145 33 376 303 50 260 27 14 16 25 95 22 43 29 20 123 5 27 31 75 48 50 37 75 38 278 227 26 57 39 20 38 30 36 367 18 60 33 428 297 27 12 12 54 48 7488
internal_value=-0.000969984 -0.0424013 0.0445134 -0.016666 -0.00203758 0.019451 0.0250007 0.0504196 -0.047658 -0.0327812 -0.00592305 -0.0279992 -0.033432 -0.00675206 -0.0014491 0.0953828 0.00733299 -0.00482992 -0.0119328 -0.00302086 0.0276574 -0.00801708 0.0258193 0.00476594 -0.0129612 -0.0117954 0.00284457 -0.0491339 0.041876 -0.00991582 0.0156808 -0.0160289 0.00610482 -0.00431074 0.0267776 0.0234111 0.00664948 0.0011356 0.0313683 -0.00859617 0.0446118 0.0400019 0.032877 0.0210285 0.0275636 0.016172 0.0505084 0.0303426 -0.0276424 0.00505242 -0.0392515 0.065744 0.0128513 -0.00840051 0.0527409 0.0418321 0.0281258 -0.0450688 -0.0162597 0.017463 -0.04934 -0.0445991
internal_weight=1344.7 703.696 641.004 119.357 62.5649 122.249 104.378 518.755 584.338 56.7925 15.8529 40.8059 37.8049 58.8983 52.7097 1.77824 50.9238 50.9314 41.7938 34.1637 9.13762 15.3712 5.64263 4.44168 17.8717 27.8699 11.9761 543.532 162.833 9.81521 5.50084 14.9408 7.64973 6.93978 3.86338 21.013 11.7605 18.3279 4.46302 13.8648 141.82 90.4982 53.9279 25.8952 22.1599 15.058 36.5703 9.97044 9.72857 3.25367 7.29103 3.1667 45.5858 8.1284 51.3215 53.4539 15.7804 5.89557 2.09877 37.4574 542.116 118.005
internal_count=48243 42152 6091 4302 1380 1139 784 4952 37850 2922 602 1872 1822 1352 1061 50 381 1011 928 552 83 421 95 68 355 508 160 35978 1348 144 49 589 198 193 70 154 79 205 80 125 1194 723 425 198 172 115 298 76 326 66 391 43 292 93 471 403 106 195 43 199 35956 7536
is_linear=0
shrinkage=0.05


Tree=42
num_leaves=63
num_cat=0
split_feature=12 12 12 1 4 2 5 1 12 5 3 3 1 1 0 0 3 4 5 9 3 9 1 1 9 3 9 7 10 9 2 3 10 9 1 10 9 9 0 7 1 12 1 7 10 0 3 0 10 10 5 9 5 5 5 9 12 9 2 1 7 5
split_gain=953.466 43.5045 31.33 10.9742 8.7847 11.4968 8.33701 7.64567 7.20211 6.81656 6.67984 6.03226 5.38125 6.01677 4.89535 6.11092 4.53306 5.251 3.93772 3.74626 3.55856 3.45208 3.40151 3.34871 3.31816 3.25901 4.07859 3.88095 3.24608 3.00184 4.4815 2.9635 5.37273 2.84847 2.64723 2.60683 2.51567 5.01512 4.46719 4.17994 3.19922 2.52741 2.26634 3.73707 4.60371 3.80966 2.6661 2.48221 2.53379 2.66431 2.14338 4.62006 2.22683 2.02084 2.00826 2.02865 1.93761 1.92601 1.73271 3.35095 1.58129 3.84043
threshold=0.47246239849638577 0.62790203878499784 0.37461138802301536 0.76913919413919418 0.67115270350564471 0.45773809523809533 1.0000000180025095e-35 0.83847248576850097 0.77970710046493774 0.44949494949494956 0.66369047619047616 1.0000000180025095e-35 0.22828571428571431 0.21081871345029243 0.71535181236673784 0.77058029689608654 0.86319073083778985 0.83449741315594983 0.31666666666666671 0.056079664570230614 0.66369047619047616 0.32529069767441871 0.90064102564102566 0.51835016835016845 0.32529069767441871 1.0000000180025095e-35 0.036375661375661381 0.58571428571428574 0.021507863089731735 0.042572463768115944 0.92637759710930456 0.84273937856689929 0.094044811320754734 0.64051282051282066 0.59417229729729737 0.20185185185185187 0.22767145135566189 0.26598639455782319 0.92422502870264067 0.87301587301587313 0.93361581920903958 0.51711730126736499 0.95040983606557383 0.38750000000000007 1.0000000180025095e-35 0.94494949494949509 0.94360822556709789 0.92907444668008055 0.16035714285714289 0.13536417773705914 0.5277777777777779 0.30116279069767443 0.64583333333333337 0.44949494949494956 0.5634920634920636 0.21807065217391305 0.43216994598982794 0.20881782945736438 0.96178188899707895 0.90064102564102566 0.11805555555555557 0.31666666666666671
decision_type=2 2 2 2 2 2 2 2 2 2 2 2 2 2 2 2 2 2 2 2 2 2 2 2 2 2 2 2 2 2 2 2 2 2 2 2 2 2 2 2 2 2 2 2 2 2 2 2 2 2 2 2 2 2 2 2 2 2 2 2 2 2
left_child=2 4 9 12 7 21 -5 53 23 22 11 19 13 -4 -8 18 -14 -18 -16 29 25 34 -1 24 -3 26 -17 -28 -23 30 -11 35 -33 -19 -6 -30 38 -38 -9 41 -40 -39 43 -25 45 -45 47 48 49 -46 51 -29 -52 -2 -21 -56 -22 -54 59 -27 -7 -62
right_child=1 8 3 6 5 60 14 36 -10 10 -12 -13 16 -15 15 20 17 33 -20 54 56 28 -24 42 -26 58 27 50 31 -31 -32 32 -34 -35 -36 -37 37 39 40 -41 -42 -43 -44 44 46 -47 -48 -49 -50 -51 52 -53 57 -55 55 -57 -58 -59 -60 -61 61 -63
leaf_value=-0.049270441030341471 -0.054751035430091979 -0.021776548747625891 -0.016055988419620363 0.073683431160554813 -0.054015823024660806 0.057706753835702868 -0.051773016841584189 0.069891816724917191 0.053911106084928662 -0.060091764754977843 0.062747510761232722 -0.048639062423147049 -0.043853011533035641 0.17052911352187483 0.016496031864607654 0.038093125346052532 0.11897462206156358 -0.032989978995541784 0.16087967327276981 -0.043673260000759849 0.0016613729674929516 -0.039481016547155884 0.028056073421923108 0.053256894077191863 0.034310244496253521 -0.034259500546000271 -0.038751991208606076 0.063811462557524318 -0.038178872652495865 0.091400474464574957 0.044400035424368371 0.10206720077379901 0.012911619243242054 0.054292316551759735 0.045971747108898328 0.049879084995089772 -0.063762693730606931 -0.038513909495863273 -0.033920022957676099 0.065515808668810474 0.018971589256706011 0.014212270601812607 0.054118735752990116 -0.043346569050205501 0.016654662844825818 0.027419194891774551 0.057414916386059479 0.039690143589426456 0.038219692904646309 -0.041729633790456702 -0.053792120387800735 -0.052391034435302353 -0.027878250169160426 -0.013041303043623928 0.050106073587781588 -0.029464383623172354 0.057944211788226389 0.019538735013775087 -0.053283163765812838 0.099312441955268768 -0.011413652388889894 0.042265261253895542
leaf_weight=516.40411669947207 5.6102178199216706 3.9819119572639448 1.2694884166121472 3.377678506076335 4.2204824658110764 12.281660199165342 5.5476005813106886 3.9266198184341183 341.11727748066187 1.6574537325650442 1.9486315622925747 22.451728580519557 42.466708304360509 0.65498867630958546 0.98174772504717001 4.9090974275022772 0.81727079022675653 4.8376749409362674 0.90988247655332088 6.2138975393027049 3.0824470892548552 2.7923794388771048 1.4261084981262673 34.403203226625919 7.8077735006809235 2.1867648139595972 8.6582901664078253 3.1958332080394021 3.0863976683467618 1.2916934434324501 2.693908765912056 2.3108808919787389 6.2874408643692732 1.1586343478411434 0.78511695563793171 1.1549631822854278 2.9116962980478993 3.6787006240338069 3.2212938051670816 2.5994276627898207 25.418365342542529 5.9471159931272268 35.224645301699638 3.344436176121234 6.582540415227415 4.4092468619346619 13.546758659183977 38.485134921967983 7.5745514556765547 2.7789744064211845 2.1916751991957417 1.1679914724081752 3.3690577838569862 6.0202385522425175 1.4050510562956335 1.8632744271308181 3.0345755815505981 5.8778829630464315 6.0151229817420244 0.59793568961322296 3.6881866808980694 34.508049236610532
leaf_count=35956 189 25 40 26 137 109 281 29 3604 54 11 1440 2564 17 27 37 19 154 21 260 20 33 22 313 47 91 292 42 74 27 14 19 51 13 6 18 21 52 22 14 154 37 342 18 48 31 122 324 61 17 49 36 25 73 30 36 22 40 285 10 24 268
internal_value=-0.00096798 0.0431044 -0.0427853 -0.0179105 0.017394 0.0292457 -0.00242452 0.0031889 0.0498222 -0.0475298 -0.0275155 -0.0321963 -0.0345756 0.0474476 -0.00739433 -0.00206293 -0.0377788 7.99332e-05 0.0859452 -0.00778882 -0.00582205 -0.00219531 -0.0490575 0.0410022 0.0153672 -0.0114959 -0.00349871 -0.0118459 0.00937647 0.0244675 0.00459863 0.020002 0.036873 -0.0161249 -0.038333 -0.0141998 0.0120513 -0.00479047 0.0198794 0.00925499 0.0130225 -0.00593811 0.0430673 0.0395642 0.0334242 -0.00310457 0.0375309 0.0326706 0.0167194 -0.00067677 0.00289617 0.0327095 -0.00847759 -0.033161 -0.0269852 0.00474291 0.0295826 0.00226269 -0.0381871 -0.0055787 0.0421002 0.0370821
internal_weight=1293.37 629.706 663.664 106.308 130.449 71.1156 55.1036 59.3337 499.256 557.356 39.5256 37.577 51.2048 1.92448 51.7259 46.1783 49.2803 6.81358 1.89163 15.1253 44.2867 20.6377 517.83 158.139 11.7897 38.1697 29.3698 24.4607 15.6321 5.64306 4.35136 12.8397 8.59832 5.99631 5.0056 4.24136 47.7032 15.1369 32.5663 12.2252 28.6397 9.62582 146.349 111.125 76.7216 7.75368 68.968 55.4212 16.9361 9.36151 15.8024 4.36382 11.4386 11.6305 9.48222 3.26833 6.11702 9.24694 8.79982 2.7847 50.4779 38.1962
internal_count=48243 6282 41961 4111 1330 739 1304 591 4952 37850 1872 1861 2807 57 1278 997 2750 186 48 421 949 338 35978 1348 72 907 521 484 195 95 68 162 70 167 143 92 329 124 205 103 176 89 1276 934 621 49 572 450 126 65 192 78 114 262 326 66 42 65 386 101 401 292
is_linear=0
shrinkage=0.05


Tree=43
num_leaves=63
num_cat=0
split_feature=12 12 12 1 4 2 5 12 1 5 3 3 3 0 0 1 9 1 1 3 9 3 9 7 1 9 10 5 3 10 0 2 3 9 2 10 1 7 10 0 3 0 0 9 9 0 7 1 12 0 5 5 5 9 5 12 9 9 2 1 5 0
split_gain=896.349 42.6919 30.9697 10.3611 8.21803 10.7834 7.82392 7.4185 7.04261 6.79201 6.16598 5.88506 5.20865 4.67511 5.19033 4.5597 3.43844 3.29011 3.27371 3.26429 3.23671 3.08939 3.68622 3.6449 3.03929 3.02179 2.95215 2.89538 2.64613 4.66669 2.57123 7.48796 4.4761 2.46086 4.15997 2.37673 2.28797 3.71742 4.34948 3.42123 2.66389 2.39012 2.3992 2.2782 4.6046 4.04403 3.72248 2.35602 2.32479 2.12661 1.99863 1.92848 1.90083 4.06452 2.12083 1.82085 1.79467 1.74394 1.69839 2.93793 1.61268 1.74897
threshold=0.47246239849638577 0.62790203878499784 0.37461138802301536 0.76913919413919418 0.67115270350564471 0.45773809523809533 1.0000000180025095e-35 0.77970710046493774 0.83847248576850097 0.44949494949494956 0.66369047619047616 1.0000000180025095e-35 0.83096903096903107 0.71535181236673784 0.77058029689608654 0.51443452380952392 0.056079664570230614 0.51835016835016845 0.90064102564102566 0.66369047619047616 0.32529069767441871 1.0000000180025095e-35 0.036375661375661381 0.58571428571428574 0.67459677419354847 0.32529069767441871 0.021507863089731735 0.31666666666666671 0.84273937856689929 0.094044811320754734 0.21483516483516485 0.23845060412224592 0.76569477278697151 0.042572463768115944 0.92637759710930456 0.20185185185185187 0.95040983606557383 0.38750000000000007 1.0000000180025095e-35 0.94494949494949509 0.94360822556709789 0.92907444668008055 0.90070422535211281 0.22767145135566189 0.26598639455782319 0.92907444668008055 0.87301587301587313 0.94185260311020957 0.51711730126736499 0.25176056338028174 0.44949494949494956 0.5634920634920636 0.5277777777777779 0.30116279069767443 0.64583333333333337 0.43216994598982794 0.21807065217391305 0.20881782945736438 0.96178188899707895 0.90064102564102566 0.58571428571428574 0.87026647966339421
decision_type=2 2 2 2 2 2 2 2 2 2 2 2 2 2 2 2 2 2 2 2 2 2 2 2 2 2 2 2 2 2 2 2 2 2 2 2 2 2 2 2 2 2 2 2 2 2 2 2 2 2 2 2 2 2 2 2 2 2 2 2 2 2
left_child=2 4 9 12 8 20 -5 17 50 18 11 16 30 -8 27 49 33 25 -1 21 24 22 -16 -24 -6 -3 -22 -15 35 -30 31 32 -4 34 -11 -28 37 -19 39 -39 41 42 60 45 -45 -10 48 -47 -46 -14 -2 -18 53 -25 -54 -21 -53 -56 59 -23 61 -40
right_child=1 7 3 6 5 -7 13 -9 43 10 -12 -13 15 14 19 -17 51 36 -20 55 26 58 23 52 -26 -27 28 -29 29 -31 -32 -33 -34 -35 -36 -37 -38 38 40 -41 -42 -43 -44 44 46 47 -48 -49 -50 -51 -52 56 54 -55 57 -57 -58 -59 -60 -61 -62 -63
leaf_value=-0.049144025695917581 -0.054579025020232867 -0.020736611794159931 -0.051021845325653785 0.072863629074603781 -0.053945666616132176 0.041115322307947559 -0.051692159477515445 0.053509577043591543 0.064040035199778619 -0.059784150030729059 0.059535074152916249 -0.048491121374964009 0.0096880995222237663 0.015525156224425097 0.036006540221783775 0.077002358006899002 -0.043266957315601651 0.052695152507113097 0.026477372107788107 0.0015783669779385664 -0.038115394925149204 -0.033498785629382376 -0.038077281379006921 0.058065877561650693 0.061675326890855114 0.032913590083229104 -0.037496704859712141 0.13543603454883402 0.094561928057053324 0.012234817347114121 -0.046801304639958075 0.20176879795894107 0.086321943004690732 0.081320799300509491 0.042417213562982836 0.046243397318195538 0.053639345678794526 -0.040482480269446314 -0.0079151469143784858 0.026519143482416813 0.057003110034575338 0.038807157303691261 -0.014968952761553432 -0.061681369188987881 -0.037434469335922801 -0.027542826005096211 0.061468481371489005 0.017320243835467569 0.013446916029969284 -0.040127740908745817 -0.012500217161403288 0.04573671702211686 -0.053602816538681999 -0.052274323733970021 -0.026815951336144662 0.056489513576459253 -0.028668063869601652 0.018416177263398257 -0.053163822476009176 0.089454048411570675 0.04878117007578963 0.043230124294804328
leaf_weight=492.45087441243231 5.3529999703168851 3.9727624170482141 3.3421911876648656 3.2481789849698535 4.1369404448196319 49.141724407672882 5.2850872594863167 326.85419707000256 4.3105774484574786 1.5845277309417714 1.9510178118944157 21.420276157557964 4.1105192396789771 0.99074621032923404 4.9332574307918575 1.5460944306105364 5.9649590756744129 33.065389528870583 1.4353392273187626 3.0823282934725276 2.748933993279933 2.1261587291955935 8.3782854303717631 3.3327094689011565 0.65890764445066441 7.7340511232614517 2.987937885336577 1.023454265668988 2.368018211796878 6.3030723221600056 34.9345987662673 0.39356116764247406 0.72124644089490164 1.3768391981720922 2.6792242601513863 1.1827322915196417 33.79861618578434 3.4004932418465605 4.2896355986595172 4.3329251557588577 12.976807460188864 37.420056588947773 4.5362413302063933 2.8607599493116131 3.5976269040256721 3.3171209208667305 2.6311926227062932 24.847559046000242 5.9707016069442034 4.4743704125285149 5.9681497644633055 1.4607961587607863 2.0919625628739587 1.1134457997977731 3.3284492976963502 2.9590253606438637 1.8203847520053384 5.9231583792716265 5.7342830738052726 0.6297587826848029 5.1810275092720985 2.7386823669075966
leaf_count=35956 189 25 194 26 138 401 281 3604 32 54 11 1440 74 27 37 13 260 313 22 20 33 91 292 42 5 47 74 21 19 51 2261 17 26 27 14 18 342 18 29 31 122 324 33 21 52 23 14 150 37 222 73 30 49 36 25 22 36 40 285 10 44 20
internal_value=-0.000963828 0.0424057 -0.0424808 -0.0174842 0.0167936 0.0284326 -0.0023744 0.0492519 0.00304434 -0.0473521 -0.0270562 -0.0317094 -0.034015 -0.00717268 -0.00201814 -0.00204031 -0.00756239 0.0401827 -0.0489243 -0.00564062 -0.00213922 -0.0111231 -0.00338093 -0.0114208 -0.0380604 0.0147071 0.00891046 0.0764542 0.0189769 0.0347178 -0.0422385 -0.00647454 -0.0266438 0.0232035 0.00443637 -0.0137494 0.0422868 0.0387321 0.0325659 -0.00294242 0.0366558 0.031781 0.0160803 0.011485 -0.00458875 0.0189391 0.00879934 0.0120365 -0.00568414 -0.0162755 -0.0323964 -0.026331 0.0027235 0.0304335 -0.00813753 0.0284736 0.00445727 0.00214302 -0.0376606 -0.00540265 0.0276163 0.0120143
internal_weight=1244.53 608.686 635.847 103.703 128.385 69.5283 54.1803 480.301 58.8567 532.144 38.258 36.307 49.5226 50.9321 45.647 10.131 14.8867 153.447 493.886 43.6328 20.3865 37.5915 29.1013 24.168 4.79585 11.7068 15.5907 2.0142 12.8418 8.67109 39.3916 4.457 4.06344 5.64059 4.26375 4.17067 141.74 107.941 74.8759 7.73342 67.1425 54.1656 16.7456 47.5355 15.0603 32.4753 12.1995 28.1647 9.56833 8.58489 11.3211 9.24614 15.7897 4.44616 11.3436 6.04135 3.28118 9.25161 8.4902 2.75592 12.2093 7.02832
internal_count=48243 6282 41961 4111 1330 739 1304 4952 591 37850 1872 1861 2807 1278 997 309 421 1348 35978 949 338 907 521 484 143 72 195 48 162 70 2498 237 220 95 68 92 1276 934 621 49 572 450 126 329 124 205 103 173 89 296 262 326 192 78 114 42 66 65 386 101 93 49
is_linear=0
shrinkage=0.05


Tree=44
num_leaves=63
num_cat=0
split_feature=12 12 12 1 4 1 12 5 5 1 3 3 3 0 0 1 9 1 9 1 3 10 3 9 7 9 6 9 6 4 6 1 7 10 0 6 0 0 12 12 0 1 9 9 0 7 1 12 6 9 9 9 5 5 12 12 5 5 9 5 6 9
split_gain=842.513 41.9666 30.5438 9.81092 7.66296 9.91741 7.62642 7.34537 6.76671 6.4849 5.69521 5.73961 5.02315 4.46508 4.44962 4.12858 3.31759 3.22976 3.15652 3.15456 2.99332 2.93654 2.92713 3.33274 3.42108 2.80437 2.78209 2.75143 2.45264 2.37048 4.57649 2.30682 3.69407 4.10867 3.52629 2.95387 3.71517 2.45373 2.30493 3.4918 2.28661 2.09952 2.06068 4.22845 3.67353 3.32285 2.72265 2.13814 2.04098 2.00106 2.82212 2.29102 1.97462 1.85087 1.82106 1.71005 1.68924 2.01995 1.94701 1.60557 2.46214 1.59306
threshold=0.47246239849638577 0.62790203878499784 0.37461138802301536 0.76913919413919418 0.67115270350564471 0.49937500000000012 0.77970710046493774 1.0000000180025095e-35 0.44949494949494956 0.83847248576850097 0.66369047619047616 1.0000000180025095e-35 0.83096903096903107 0.71535181236673784 0.77058029689608654 0.51443452380952392 0.26975051975051983 0.51835016835016845 0.056079664570230614 0.90064102564102566 0.66369047619047616 0.19859154929577469 1.0000000180025095e-35 0.036375661375661381 0.58571428571428574 0.51389961389961403 0.55050505050505061 0.32529069767441871 0.24264705882352944 0.8145502645502648 0.59166666666666679 0.95040983606557383 0.38750000000000007 1.0000000180025095e-35 0.938137755102041 0.5634920634920636 0.92031746031746042 0.90070422535211281 0.33728752341126328 0.31291781611373176 0.74464204286365721 0.23606811145510845 0.22767145135566189 0.26598639455782319 0.92422502870264067 0.87301587301587313 0.93361581920903958 0.51711730126736499 0.42261904761904767 0.39811320754716989 0.46737588652482276 0.64051282051282066 0.44949494949494956 0.5634920634920636 0.53841480580355372 0.43216994598982794 0.5277777777777779 0.64583333333333337 0.267479674796748 0.095454545454545472 0.40833333333333338 0.21807065217391305
decision_type=2 2 2 2 2 2 2 2 2 2 2 2 2 2 2 2 2 2 2 2 2 2 2 2 2 2 2 2 2 2 2 2 2 2 2 2 2 2 2 2 2 2 2 2 2 2 2 2 2 2 2 2 2 2 2 2 2 2 2 2 2 2
left_child=2 4 8 12 9 16 17 -5 19 52 11 18 26 -9 40 41 -6 27 38 -1 22 29 23 -16 -25 -23 -4 -3 -24 -18 -31 32 -19 34 -34 36 37 48 39 -10 -15 -14 44 -44 -11 47 -46 -45 -35 -43 -51 -52 -2 -20 59 -22 58 -58 -26 -7 -61 -55
right_child=1 6 3 7 5 54 -8 13 10 42 -12 -13 15 14 20 -17 21 31 53 -21 55 25 28 24 56 -27 -28 -29 -30 30 -32 -33 33 35 -36 -37 -38 -39 -40 -41 -42 49 43 45 46 -47 -48 -49 -50 50 51 -53 -54 61 -56 -57 57 -59 -60 60 -62 -63
leaf_value=-0.049014261283470785 -0.054411772635116297 -0.019745787062370089 -0.043100282423172542 0.072089876660971344 -0.052633645723335579 0.051210141799296928 0.05312213448553408 -0.051614818878227268 -0.0033656971705203018 0.06347421341983514 0.056538150933193414 -0.048340197551267859 0.061790785327166253 0.013545529619881206 0.034051589895943674 0.073108698391796498 -0.041156299795087059 0.052148584653967961 -0.042852434118243771 0.024992865070493139 0.0014995051501298985 0.090039486309577421 -0.047089325001760711 -0.037395251068677984 0.050993777992522506 0.0088504717282286063 0.10454479334320295 0.031567628274909575 0.038019692011777413 0.069457847571623238 -0.0240696436759977 0.053175618628047795 -0.041654278471218768 -0.012585738437951625 0.02662564603548298 0.053917466882479143 0.037765239368200892 -0.03207352382301857 -0.021086275348238707 0.094641578777648228 0.11743223061558637 -0.051341596590578166 -0.059674923290268772 -0.036373187191329676 -0.031746322869232284 0.057797493405326333 0.017278481467439277 0.012726227594851466 0.035909736909090301 0.091798676997955769 -0.055721191242711993 0.026535573136518803 -0.011977438320846912 0.041909017352877338 0.045348400066579045 0.055055886841225012 -0.053423184951894999 0.0020302576891638269 -0.019224214898453711 0.037978091562414246 -0.0065154825132888511 -0.027878983925099771
leaf_weight=469.64302683249116 5.1071890722960216 3.9637416936457139 37.51295973546803 3.1220851577818385 3.0361364148557213 4.3983883876353529 313.12373501807451 5.0346737476065746 1.8138977745547884 3.9101981781423083 1.9516894593834866 20.437624355778098 0.79132373817264845 0.99892291333526317 4.9550777599215534 1.5469888560473908 3.8625774104148132 31.774107985198498 5.7275572735816223 1.4443278536200512 3.0822146106511346 1.6432721419259895 7.2347267186269146 8.1113663678988832 3.0648843105882397 3.0151705760508776 0.32179766707122226 7.6624824851751328 0.9586589578539132 2.0444387132301927 3.6308359056711197 32.42353343218565 3.3221308812499037 3.3411072865128499 4.3891744762659073 16.736456945538521 35.967280358076096 3.1376624405384055 2.0005188984796405 1.821349376812577 1.127571292221546 3.5366008440032601 2.8103968203067771 3.5194808067753893 3.1888298168778446 2.657677771523594 25.31218202970922 5.9927976131439209 6.1874995902180672 0.69497970771044482 1.8818609286099675 1.5385818462818859 5.9185054674744606 1.513084586709738 34.029209464788437 2.8861459791660309 1.9964583609253157 9.2546111140400154 1.4562946520745752 6.3129112310707551 6.1269399337470531 1.779370406642556
leaf_count=35956 189 25 2477 26 111 37 3604 281 38 29 11 1440 9 22 37 13 98 313 260 22 20 27 373 292 36 24 21 47 13 21 35 342 17 22 32 160 319 22 33 24 26 179 21 52 22 14 154 37 49 28 54 26 73 30 294 22 49 65 42 49 43 36
internal_value=-0.000959562 0.0417056 -0.0421754 -0.0170779 0.0161908 0.0275878 0.0486922 -0.00232211 -0.0471693 0.00290475 -0.0265936 -0.0312169 -0.0335178 -0.00695355 -0.00197083 -0.00198332 -0.00519473 0.0393769 -0.00733827 -0.0487874 -0.00546231 0.00495094 -0.0107583 -0.00326548 -0.0110076 0.03749 -0.0418445 0.0140733 -0.0371312 -0.0109417 0.00962233 0.0415199 0.0379157 0.0317275 -0.00279024 0.0357994 0.0295643 0.00627693 0.0220177 0.0457384 0.0686313 -0.0157417 0.0109401 -0.0043959 0.0180283 0.00836963 0.0117934 -0.00544023 0.0189053 -0.0237596 -5.68991e-05 -0.0187205 -0.0316334 -0.0256801 0.0386936 0.027398 0.00256311 -0.00780974 0.0283762 0.0252446 0.0160639 0.00419287
internal_weight=1197.79 588.546 609.241 101.109 126.517 68.0999 462.029 53.2837 508.132 58.4173 37.0451 35.0934 47.8251 50.1616 45.1269 9.99034 17.2324 148.905 14.6558 471.087 43.0004 14.1963 37.0321 28.8387 23.8836 4.65844 37.8348 11.6262 8.19339 9.53785 5.67527 137.279 104.855 73.0813 7.71131 65.37 48.6335 12.6663 5.63577 3.63525 2.12649 8.44335 47.3916 14.9804 32.4112 12.17 28.501 9.51228 9.52861 7.65202 4.11542 3.42044 11.0257 9.02001 50.8674 5.96836 15.7722 11.2511 4.52118 16.8382 12.4399 3.29245
internal_count=48243 6282 41961 4111 1330 739 4952 1304 37850 591 1872 1861 2807 1278 997 309 316 1348 421 35978 949 205 907 521 484 51 2498 72 386 154 56 1276 934 621 49 572 412 93 95 62 48 296 329 124 205 103 176 89 71 287 108 80 262 326 423 42 192 114 78 129 92 66
is_linear=0
shrinkage=0.05


Tree=45
num_leaves=63
num_cat=0
split_feature=12 12 1 5 5 4 1 10 5 12 4 1 9 12 10 10 9 5 2 9 4 9 10 7 12 1 0 2 12 2 2 4 0 1 4 4 6 12 4 2 12 2 9 9 6 10 5 7 5 12 2 7 2 0 0 1 4 1 9 12 4 10
split_gain=775.666 64.4535 17.6327 62.0421 12.1091 10.325 9.66341 8.58622 8.4644 6.39912 5.50651 5.49191 5.12117 4.80651 4.07559 4.18894 4.00202 3.86413 5.24121 7.04408 2.95843 2.84831 2.77228 3.05832 2.60402 5.00851 2.54194 4.343 2.45654 3.13456 5.83185 2.37451 3.23856 2.37318 2.17616 2.15819 2.06049 3.14719 1.95107 1.84884 1.81885 2.80894 1.71368 2.29189 2.29909 5.38467 2.48081 1.7011 4.13697 1.71708 1.67719 2.00299 1.60825 5.82671 7.5604 2.73179 2.13139 1.5642 3.23102 1.53398 1.52313 1.46648
threshold=0.44506849620047589 0.65576731082107542 0.68410526315789488 1.0000000180025095e-35 0.44949494949494956 0.67115270350564471 0.51325675675675686 0.50362318840579723 0.31666666666666671 0.36870501766655134 0.55086231884057979 0.90064102564102566 0.26975051975051983 0.77970710046493774 0.18441295546558709 0.28918128654970765 0.029857397504456332 0.095454545454545472 0.72570532915360519 0.16247642991829042 0.90325224748810151 0.065942028985507259 1.0000000180025095e-35 0.5277777777777779 0.41623381558328693 0.33349593495934965 0.21483516483516485 0.16496598639455787 0.26491824859527585 0.82842724978973936 0.8452991452991454 0.70978376462247439 0.99333333333333351 0.32654655612244904 0.87681770284510019 0.97801932367149769 0.59166666666666679 0.53841480580355372 0.78376689189189197 0.27072835547411828 0.40071428090983968 0.77871939736346529 0.46211251435132039 0.42724867724867727 0.13809523809523813 0.86956521739130443 0.44949494949494956 0.73214285714285732 0.73214285714285732 0.5942586191961361 0.92637759710930456 0.38750000000000007 0.96490147783251234 0.99333333333333351 0.86576576576576592 0.84871050934880721 0.82723908918406075 0.80759615384615391 0.14434523809523811 0.51711730126736499 0.7932550208412279 0.070802005012531338
decision_type=2 2 2 2 2 2 2 2 2 2 2 2 2 2 2 2 2 2 2 2 2 2 2 2 2 2 2 2 2 2 2 2 2 2 2 2 2 2 2 2 2 2 2 2 2 2 2 2 2 2 2 2 2 2 2 2 2 2 2 2 2 2
left_child=2 5 24 9 11 8 12 10 -2 -4 -6 34 -7 16 20 -16 -3 -8 19 -19 36 61 23 -18 35 26 27 -26 -9 40 -31 32 -24 -28 -5 -1 37 -14 -39 -15 -30 -42 43 44 45 -10 -47 57 -49 59 51 -32 55 54 -54 56 -20 58 -48 -50 -55 -12
right_child=1 13 3 4 7 6 17 28 42 -11 21 -13 14 39 15 -17 22 18 52 -21 -22 -23 31 -25 25 -27 33 -29 29 30 50 -33 -34 -35 -36 -37 -38 38 -40 -41 41 -43 -44 -45 -46 46 47 48 49 -51 -52 -53 53 60 -56 -57 -58 -59 -60 -61 -62 -63
leaf_value=-0.049925180135203903 -0.050277714402956197 0.054646085178666072 0.17827285909597984 -0.049082040525484955 -0.050755886794366413 -0.05309772429503682 0.055426981725761416 0.092459108353805886 -0.048377671409790102 0.074932829634289932 0.0027345158521670065 0.026278954143943014 -0.04250086112600087 0.0026323201091227773 0.08471796986929131 -0.0031670497333096876 0.029927119747542277 0.044196486516268896 0.045547405491438729 -0.051384037293987522 0.022081554609896026 -0.024670149346919912 -0.029891412019539688 -0.020586987517730918 -0.014135010634593478 -0.051254172522588098 -0.0510992039142543 0.12552871526423692 -0.051774052474425347 0.11704652612996742 0.041501439105385313 0.042054023407093521 0.043151274062228184 0.094740871188077752 0.015349090179725595 0.09709657703352452 -0.068164003878038767 -0.019175666575516004 0.058945196850402906 0.053232944225356515 0.049171394362627081 -0.053408427796726755 -0.032755605339167285 0.053477176160291628 0.033598509358505314 -0.030082643462360947 -0.05448143512730156 -0.027601729026043898 0.0042734887766200788 -0.014362160297837687 0.0065640764981103571 -0.045940230119851426 0.049702910803469086 0.059823692295706235 -0.054128519613381554 0.0570481066046373 -0.013442328144222075 0.027555416344771155 0.044511290986659381 0.031352575896474076 0.02965660105920578 0.080811704992447844
leaf_weight=381.21694869734347 7.4429150270298114 36.536080799996853 3.091450683772563 95.630608447827399 21.007347496226433 4.1159643279388574 16.553530293516815 0.69460754189640184 4.808787082321941 2.9064094126224518 1.1028549689799541 2.5400225371122351 3.6623011110350507 1.8162349015474308 2.9956708168610922 2.4769373089075089 9.8914262577891332 3.4022906739264718 3.1659004837274578 4.4474083539098501 5.8464051019400349 3.629939298145473 2.8281156979501239 4.2985324040055266 1.128658983856438 6.8397814994677901 1.5230509787797926 1.0982540426775811 4.391618111170831 1.1239817030727888 0.81746984459460037 59.390298560261726 3.2747076600790024 0.34148583281785239 1.328713223338126 0.24977646768093009 2.0149334594607353 1.4111045859754088 1.8432546798139808 297.30020419508219 1.4070024732500317 1.2694892361760137 2.7997264545410863 2.5706203561276189 6.5497442344203582 4.2560895895585409 1.8349147029221087 8.4252636935561878 9.6936605721712166 4.7626250237226477 19.671562516130507 3.2933692811056972 2.9568720608949688 6.8347849324345615 4.3067096471786499 13.972476057708262 2.96568962931633 16.464213185012341 1.4965534247457979 11.3573602437973 10.789128892123697 1.3226961251348255
leaf_count=30783 331 401 26 7223 1550 162 162 28 136 21 10 35 134 16 33 39 82 24 20 38 39 88 16 26 23 414 89 25 216 35 9 554 27 19 14 1 26 31 14 3575 26 38 26 18 47 106 31 55 42 25 291 79 20 61 33 130 22 103 25 51 93 31
internal_value=-0.00106027 0.0388225 -0.0433699 -0.0296681 -0.0356145 0.0134851 0.0248352 -0.0178187 0.000579865 0.128197 -0.0386468 -0.0462978 -0.00225361 0.0495729 0.00808052 0.0449406 0.0409438 0.0343468 0.0277431 -0.00995662 -0.00556957 0.00336124 0.0346611 0.014625 -0.0491394 -0.0250779 0.0186816 0.0547434 -0.000564888 -0.00258572 0.00575402 0.0390021 0.00930249 -0.0243889 -0.0481991 -0.0498289 -0.0236693 -0.0107073 0.0250716 0.0529257 -0.031973 0.000516665 0.0056256 0.00711351 0.00540232 0.00247554 0.00667076 0.00956568 0.00282003 0.0127493 0.000494217 -0.0285518 0.0343206 0.0258242 -0.0118606 0.0448385 0.0170156 0.0212331 -0.0100122 0.0188831 0.0413558 0.0453114
internal_weight=1149.19 591.559 557.627 165.229 159.231 176.224 93.7614 59.7319 82.4625 5.99786 27.0628 99.4993 24.3666 415.336 20.2506 5.47261 116.219 69.3948 52.8413 7.8497 14.778 6.05549 79.6831 14.19 392.398 10.9312 4.09145 2.22691 32.6691 31.9745 24.9064 65.4931 6.10282 1.86454 96.9593 381.467 8.93159 6.91666 3.25436 299.116 7.06811 2.67649 75.0196 72.2198 69.6492 63.0995 58.2907 54.0346 34.2389 25.8136 23.7824 4.11084 44.9916 24.8875 7.26358 20.1041 6.13159 19.7957 3.33147 21.051 17.6239 2.42555
internal_count=47848 6774 41074 9720 9673 2077 1081 2401 996 47 1679 7272 478 4697 316 72 1106 603 441 62 244 129 705 108 31354 570 156 48 722 694 414 597 43 108 7237 30784 205 179 45 3591 280 64 665 639 621 574 438 332 173 118 379 88 379 207 53 172 42 159 56 93 154 41
is_linear=0
shrinkage=0.05


Tree=46
num_leaves=63
num_cat=0
split_feature=12 12 1 5 5 3 1 10 5 3 1 12 12 9 10 5 1 1 9 3 6 10 5 7 0 10 4 10 3 4 4 0 10 9 1 0 5 12 12 12 12 12 4 6 10 5 9 0 6 12 12 4 1 9 0 0 0 9 4 3 12 0
split_gain=729.366 62.8491 17.6146 57.0297 12.0062 10.8716 8.87235 8.19984 8.19537 5.7603 5.27317 5.19084 4.97845 4.50918 4.14063 4.04869 5.46098 4.41259 4.04346 3.77088 6.35415 3.7071 4.26392 3.31478 6.63131 3.13563 2.91589 2.81595 3.50666 2.91161 5.2706 4.72669 2.67156 2.67956 2.49285 2.48884 2.44786 2.40495 2.68536 2.49566 4.45438 2.61532 2.1135 2.06517 6.63252 1.97855 1.81288 1.80779 1.80559 2.42181 1.78995 1.61417 1.51492 2.92293 5.55912 1.62079 1.47871 1.37838 1.34257 2.00193 1.24157 1.6396
threshold=0.44506849620047589 0.65576731082107542 0.68410526315789488 1.0000000180025095e-35 0.44949494949494956 0.70521390374331572 0.49937500000000012 0.50362318840579723 0.31666666666666671 0.53390804597701169 0.90064102564102566 0.36870501766655134 0.77970710046493774 0.26975051975051983 0.18441295546558709 0.095454545454545472 0.88912529550827435 0.82097069597069605 0.029857397504456332 0.85313725490196091 0.27922077922077926 0.12861869313482219 0.5634920634920636 0.38750000000000007 0.73375527426160347 0.28918128654970765 0.90325224748810151 0.18795289855072467 0.75123762376237635 0.83096903096903107 0.90064102564102566 0.90521114106019773 1.0000000180025095e-35 0.34549071618037142 0.71339285714285727 0.23166368515205729 0.64583333333333337 0.26236848596636581 0.32098458357996934 0.33610401800325174 0.33088999725441309 0.35667595755897613 0.87681770284510019 0.13809523809523813 0.86956521739130443 0.27922077922077926 0.1731634182908546 0.24828767123287673 0.59166666666666679 0.51711730126736499 0.35521243597791957 0.8145502645502648 0.80759615384615391 0.13840996168582378 0.7927781392322707 0.85934065934065951 0.67041198501872667 0.13100686498855837 0.82723908918406075 0.82891986062717782 0.62790203878499784 0.938137755102041
decision_type=2 2 2 2 2 2 2 2 2 2 2 2 2 2 2 2 2 2 2 2 2 2 2 2 2 2 2 2 2 2 2 2 2 2 2 2 2 2 2 2 2 2 2 2 2 2 2 2 2 2 2 2 2 2 2 2 2 2 2 2 2 2
left_child=2 5 19 11 10 8 13 9 -2 -6 42 -4 18 -7 26 -8 17 34 -3 -1 -21 -11 -23 24 -19 -16 48 28 -20 -30 31 57 33 45 -17 50 -33 -9 -39 40 -40 -41 -5 44 -10 -32 -45 -14 49 -15 -22 -51 53 -46 -55 -54 -37 -31 59 -29 61 -57
right_child=1 12 3 4 7 6 15 37 43 21 -12 -13 47 14 25 16 -18 23 27 20 35 22 -24 -25 -26 -27 -28 58 29 30 32 36 -34 -35 -36 56 -38 38 39 41 -42 -43 -44 46 52 -47 -48 -49 -50 51 -52 -53 55 54 -56 60 -58 -59 -60 -61 -62 -63
leaf_value=-0.049929707682096355 -0.04592994402223935 0.054276870395460176 0.16680888555871176 -0.04891649912481362 -0.050710838326764332 -0.052805116986606893 0.056737043559696526 0.091085522472073618 -0.049423441140752637 -0.034353376635182183 0.024825924663189211 0.073355028746367484 0.0029578948288289369 -0.051850676146525533 0.078860817016313756 0.0057347339754986746 0.042674409202109215 -0.041676768099573082 -0.016344951617730301 0.17930656983813295 -0.050919309156782694 -0.01780861638573791 0.10386299343139101 -0.043544540702205106 0.068412202308265543 0.0013068207309350115 0.020980752781057717 0.047644007095511864 0.05545868140077969 0.0038183982306697613 0.026177521280879454 -0.066004535741159248 0.051184803567952519 0.044343024771728232 0.053480325487981907 -0.045037494959104002 -0.0047189620867290954 -0.041649346726837712 -0.011119963964313296 -0.053632287311914974 0.10970674679576659 0.002694886397159368 0.014563886998772167 0.046263122662107373 -0.053439795859354072 -0.031545639531023788 6.3683117381959641e-05 0.052887102823607549 -0.067431865141805269 -0.015384913126169734 0.040801592339630696 0.050008015184346 0.041290404526137296 0.089563058646204244 -0.054111592552151214 -0.011917379060686392 0.064105396050948185 0.051785776115502682 0.056697283076968231 -0.0070743693088372115 -0.017701627195826988 0.013584389770340571
leaf_weight=362.55175375100225 8.5934265702962858 34.984637245535851 3.1375293992459765 91.266826367937028 20.299849220551554 3.5828277431428459 15.997439488768576 0.70033529028296371 5.6253236979246131 2.8601785646751514 2.5538872703909865 2.8226190693676472 1.8245451897382725 2.381103718653323 3.0556444656103841 5.1502570305019635 27.062970854341984 2.7704452946782094 4.2061074152588835 0.38331251498311658 0.74189589451998417 1.3738618949428203 1.5131063275039194 5.0322251319885254 2.7019785195589066 2.2727327905595303 5.8455137033015481 5.6950880587101 9.9059160798788053 2.6778039857745153 2.8471341356635111 2.7920837253332138 15.548116929829119 5.5673630610108376 5.8267138227820396 8.170849847607311 3.9124835059046745 3.8653278788551715 1.6308035291731386 2.2666295599192408 1.4330907519906757 22.690366350114346 1.330291062593459 5.4239338468760234 2.8140480872243634 3.1018509268760681 3.4895488265901804 284.58730563521385 1.9369476651772854 2.2335172053426509 1.8793704854324458 1.634116895496845 3.7809058204293242 1.3790620630607011 1.3154967427253721 7.426966816186904 0.3225891441106804 3.3983567282557487 15.660484991967676 2.3660145178437233 4.5053692162036887 41.642627036198974
leaf_count=30737 369 401 26 7223 1568 149 162 25 149 64 35 21 16 104 33 37 256 23 28 7 47 29 18 34 24 32 39 51 92 22 24 23 154 47 40 523 32 136 47 91 25 398 14 40 68 21 26 3575 26 46 38 14 38 36 30 64 2 27 160 24 24 214
internal_value=-0.00105463 0.0381443 -0.0431 -0.0292014 -0.0350828 0.013019 0.0254288 -0.0172857 0.000394452 -0.0381998 -0.0460497 0.122551 0.0490665 -0.0012782 0.00825775 0.0349222 0.0277334 0.00891036 0.0401623 -0.0490357 -0.0208453 0.00599121 0.0459614 -0.0142547 0.012679 0.0457814 -0.00599194 0.0338054 0.0274933 0.0311995 0.0251684 -0.00129426 0.037665 0.0194119 0.0310787 -0.027748 -0.030241 -0.000568618 -0.00258167 0.0028075 0.0453949 -0.00242083 -0.0480045 0.00553745 0.00259114 -0.00391982 0.0281765 0.052569 -0.0252535 -0.0121793 0.0148419 0.0122443 0.00724558 -0.0177999 0.0194204 0.00965102 -0.0408921 0.0306462 0.0481631 0.0315836 0.00741815 0.00972455
internal_weight=1106.35 572.556 533.794 159.745 153.785 173.481 87.4844 58.6335 85.9967 26.047 95.151 5.96015 399.075 22.9424 19.3596 64.542 48.5446 21.4816 112.663 374.05 11.498 5.74715 2.88697 10.5046 5.47242 5.32838 14.0312 77.6788 53.9572 49.7511 39.8452 12.7807 27.0645 11.5163 10.977 11.1147 6.70457 32.5866 31.8862 28.0209 3.06389 24.957 92.5971 77.4033 68.4898 5.94899 8.91348 286.412 8.18569 6.24874 2.62127 3.86763 62.8645 5.50861 2.69456 57.3559 8.49344 6.07616 23.7216 8.0611 53.575 49.0696
internal_count=47848 6774 41074 9720 9673 2077 1019 2401 1058 1679 7272 47 4697 443 294 576 414 158 1106 31354 617 111 47 81 47 65 229 705 470 442 350 104 246 92 77 610 55 722 697 561 72 489 7237 689 623 45 66 3591 190 164 85 60 474 134 66 340 525 49 235 75 302 278
is_linear=0
shrinkage=0.05


Tree=47
num_leaves=63
num_cat=0
split_feature=12 12 1 5 5 3 1 10 0 3 12 1 9 12 9 5 1 1 3 6 10 10 9 7 0 10 3 4 4 0 10 4 10 9 9 9 0 1 5 4 6 10 5 9 12 12 12 12 12 0 5 3 12 4 7 12 5 9 9 4 0 4
split_gain=685.763 61.3201 17.5838 52.3905 11.8592 10.1391 8.31915 7.86542 7.69128 5.58705 5.15397 5.06781 4.25404 4.1565 4.08411 3.95479 5.22434 4.0364 3.75503 5.50991 3.69392 3.52661 5.53748 2.91872 6.1907 2.7658 3.26245 2.8494 4.98067 4.25681 2.74761 2.67559 2.62922 2.51759 2.41958 2.37762 2.37202 2.36714 2.05591 2.05389 2.01633 5.71451 2.55268 2.12909 1.99187 2.50276 2.23588 3.89653 2.47947 1.78953 1.77518 1.7256 2.229 2.15122 1.64122 2.47646 1.90183 3.04439 2.38036 1.57296 1.39435 1.36442
threshold=0.44506849620047589 0.65576731082107542 0.68410526315789488 1.0000000180025095e-35 0.44949494949494956 0.70521390374331572 0.49937500000000012 0.50362318840579723 0.62593283582089565 0.53390804597701169 0.77970710046493774 0.90064102564102566 0.26975051975051983 0.36870501766655134 0.029857397504456332 0.095454545454545472 0.88912529550827435 0.82097069597069605 0.85313725490196091 0.27922077922077926 0.18441295546558709 0.037386443046820407 0.065942028985507259 0.38750000000000007 0.73375527426160347 0.18795289855072467 0.75123762376237635 0.83096903096903107 0.90064102564102566 0.90521114106019773 0.28918128654970765 0.90325224748810151 1.0000000180025095e-35 0.34549071618037142 0.51389961389961403 0.42724867724867727 0.23166368515205729 0.71339285714285727 0.64583333333333337 0.87681770284510019 0.13809523809523813 0.86956521739130443 0.44949494949494956 0.1731634182908546 0.26236848596636581 0.32098458357996934 0.33610401800325174 0.33088999725441309 0.35667595755897613 0.24828767123287673 0.27922077922077926 0.90054945054945057 0.51711730126736499 0.8145502645502648 0.58571428571428574 0.50040120607370453 0.64583333333333337 0.22335600907029482 0.056079664570230614 0.70350020350020359 0.67041198501872667 0.82723908918406075
decision_type=2 2 2 2 2 2 2 2 2 2 2 2 2 2 2 2 2 2 2 2 2 2 2 2 2 2 2 2 2 2 2 2 2 2 2 2 2 2 2 2 2 2 2 2 2 2 2 2 2 2 2 2 2 2 2 2 2 2 2 2 2 2
left_child=2 5 18 13 11 8 12 9 -2 -6 14 39 -7 -4 -3 -8 17 37 -1 -20 31 -11 -23 24 -19 26 -16 -28 29 -29 -22 51 33 50 35 40 -21 -17 -31 -5 41 -10 -43 -42 -9 -46 47 -47 -48 -12 -30 52 -14 -54 55 -44 57 58 -56 -24 -38 -27
right_child=1 10 3 4 7 6 15 44 34 21 49 -13 20 -15 25 16 -18 23 19 36 30 22 59 -25 -26 61 27 28 32 38 -32 -33 -34 -35 -36 -37 60 -39 -40 -41 43 42 54 -45 45 46 48 -49 -50 -51 -52 -53 53 -55 56 -57 -58 -59 -60 -61 -62 -63
leaf_value=-0.049865238035301102 -0.052610724882204973 0.053922346071567033 0.15576525821853882 -0.04874542985562054 -0.050675929348061304 -0.052675637451966295 0.056111802029889524 0.079309420508062556 -0.048725825119851407 -0.063859582557322131 0.0028162532209873069 0.023458072229811767 -0.051630237408459713 0.071814419583006411 -0.015421890886616397 0.0054566936518504403 0.041891729444502236 -0.039685865408991987 0.1601708721184987 0.01399430532269292 0.073544509332025609 0.10509869913222476 -0.052350983024298262 -0.040367010299095923 0.067916185505113788 0.030658296391228575 0.054867253865612413 0.029673318268059579 0.025199122096129806 -0.059866959354462825 0.0012404992646005263 0.019936294638301419 0.050584874865222187 0.043400678835606797 -0.03937094109288003 0.044019964892335763 -0.044719428482788003 0.052317028843474139 -0.0044679460705016128 0.013819408660015662 0.045367181164199771 -0.030745531026759587 0.0018644618392497109 -0.0074884201683435708 -0.040852708701589885 -0.010647461004242702 -0.053475439081441048 0.10191426696562507 0.0025559833280757098 0.052553190963610386 -0.029434638199108631 -0.06632099916156789 -0.018484575822563964 0.057713076035672078 -0.029016614572540518 0.055998728412190314 0.009532964747130012 -0.060043098429103325 0.041227643115784127 0.022856946834324408 0.063254354483303452 0.056340166552617102
leaf_weight=345.30462128575891 6.3425332214683285 33.49168898910284 3.1906036101281634 87.112781416624784 19.322780390270058 3.416257192380729 15.382527783513067 0.76234970614313979 5.2516610464081159 1.3772738864645351 1.8205967918038357 2.5673115681856862 2.2220385130494851 2.7410974912345409 4.2342213615775099 5.1422587502747792 26.211914896965027 2.7641252409666759 0.40698875114321609 2.6342330211773506 3.111211145296692 1.5123173976317046 1.3550913007929923 5.1536507681012154 2.5884977951645851 7.8961906731128719 9.5218074992299062 5.9662116765975934 2.8107414171099681 2.9208749532699585 2.2744803056120872 5.8442034665495148 14.960808776319025 5.4079158455133438 3.0073163490742436 3.971334531903266 7.8262524306774122 5.6626571118831635 3.9253389090299606 1.3318184688687313 5.5508073903620225 4.4327727258205405 4.2207558285444957 2.9009730583056808 3.7467075213789967 1.6183410892263084 2.162249379791322 1.4646844174712894 22.726336102001369 272.3844823166728 3.156627357006073 1.889734912663698 2.3844839064404373 1.5146677214652298 2.4214328303933135 4.2298563234508038 37.903823290020227 2.7377227079123259 2.402785737067461 1.427744069136679 0.3108796402812003 14.9887463375926
leaf_count=30737 326 401 26 7223 1568 149 162 25 144 27 16 35 104 21 28 37 256 23 7 85 33 19 55 34 24 75 92 49 24 23 32 39 154 47 33 37 523 40 32 14 42 118 54 26 136 47 91 25 398 3575 21 26 47 13 16 30 176 30 26 10 2 160
internal_value=-0.00104736 0.0374618 -0.0428369 -0.0287431 -0.034564 0.0125556 0.0247194 -0.016783 0.000364785 -0.0378679 0.0485636 -0.0457931 -0.00125883 0.116971 0.0393818 0.0340762 0.0269436 0.00855794 -0.0489419 -0.0204206 0.00787036 0.0057619 0.0280866 -0.0135094 0.0123499 0.0329562 0.0266741 0.0303364 0.0243699 -0.00119921 0.0430091 -0.0057886 0.0368093 0.0186915 0.00461625 0.00635628 -0.0272442 0.0300153 -0.0281034 -0.0478033 0.00428036 0.00123128 0.00572762 0.0272251 -0.000557246 -0.00247684 0.00266348 0.0428284 -0.00231187 0.052223 -0.00370112 -0.0245557 -0.0116619 0.0111152 0.00872629 0.0289607 0.00496536 -0.0179295 0.00596976 -0.0137653 -0.0405943 0.0474789
internal_weight=1065.33 554.423 510.902 154.419 148.488 170.936 85.5627 57.4759 85.3738 24.9952 383.486 91.0119 22.6571 5.9317 109.281 62.9056 47.5231 21.3112 356.483 11.1784 19.2408 5.67243 4.29515 10.5063 5.35262 75.7895 52.9045 48.6703 39.1485 12.8124 5.38569 13.8551 26.3361 11.3753 79.0312 76.0239 10.7714 10.8049 6.84621 88.4446 72.0526 63.6008 58.3491 8.45178 32.4807 31.7183 27.9716 3.08303 24.8886 274.205 5.96737 8.01093 6.12119 3.89915 53.9164 8.45061 45.4658 7.56194 4.82422 2.78284 8.13713 22.8849
internal_count=47848 6774 41074 9720 9673 2077 1019 2401 1058 1679 4697 7272 443 47 1106 576 414 158 31354 617 294 111 84 81 47 705 470 442 350 104 65 229 246 92 732 699 610 77 55 7237 662 594 450 68 722 697 561 72 489 3591 45 190 164 60 332 84 248 72 42 65 525 235
is_linear=0
shrinkage=0.05


Tree=48
num_leaves=63
num_cat=0
split_feature=12 12 5 3 1 3 5 10 1 5 1 6 10 9 1 2 2 12 9 1 10 3 10 4 5 2 0 2 10 9 6 3 3 9 5 10 9 3 12 6 10 10 3 9 4 1 2 1 12 4 10 2 1 5 9 10 12 1 5 2 9 12
split_gain=644.727 59.7537 17.552 9.50947 9.85864 9.44994 7.82272 7.42901 7.13404 6.50004 5.35123 5.06975 5.33152 4.95965 4.44852 5.87995 3.77171 3.4846 3.46685 3.45793 5.00092 3.45725 3.9266 3.12569 3.11252 4.88285 3.08033 6.13675 3.03769 2.81746 2.67235 2.45759 2.37375 2.22516 2.02274 3.27614 2.84529 2.08346 1.97062 1.95738 1.93196 1.78935 1.67512 2.14611 3.09986 1.84883 2.60076 1.64773 1.62777 1.61201 1.5571 1.85592 5.05544 2.83712 4.48242 1.81496 1.53416 1.7967 21.8426 3.71647 1.47247 1.4558
threshold=0.44506849620047589 0.65576731082107542 0.44949494949494956 0.8166139695314748 0.62715832601697408 0.75123762376237635 0.31666666666666671 0.23368794326241138 0.48873015873015879 0.080128205128205135 0.65796007789678679 0.17914438502673799 0.86956521739130443 0.32529069767441871 0.87090053763440867 0.95861872146118732 0.17192118226600986 0.77970710046493774 0.32200460829493094 0.40010638297872347 0.022991543340380553 0.6064010895471571 0.40862708719851587 0.70978376462247439 0.095454545454545472 0.710394265232975 0.23166368515205729 0.23845060412224592 0.060915275200989494 0.029857397504456332 0.13809523809523813 0.70859704641350219 0.81302966101694929 0.17902930402930406 0.27922077922077926 1.0000000180025095e-35 0.36754385964912284 0.94360822556709789 0.43216994598982794 0.36931818181818188 0.20881782945736438 0.18795289855072467 0.91545844394527276 0.21132376395534294 0.83883535819019694 0.92296703296703309 0.88493064312736458 0.95040983606557383 0.7463963349126802 0.66314138058324101 0.26876172607879928 0.96490147783251234 0.84871050934880721 0.81666666666666676 0.25962962962962971 0.15450928381962867 0.33962027708697146 0.73076923076923084 1.0000000180025095e-35 0.99333333333333351 0.32529069767441871 0.26236848596636581
decision_type=2 2 2 2 2 2 2 2 2 2 2 2 2 2 2 2 2 2 2 2 2 2 2 2 2 2 2 2 2 2 2 2 2 2 2 2 2 2 2 2 2 2 2 2 2 2 2 2 2 2 2 2 2 2 2 2 2 2 2 2 2 2
left_child=2 5 3 14 26 6 -2 39 13 -6 40 12 -9 -7 56 -16 -15 29 -11 20 -18 22 30 31 -10 33 27 38 -21 -12 -8 49 -27 -26 -31 36 -36 41 -5 -4 60 42 43 45 -45 46 -37 61 -43 -23 51 52 -34 54 55 -53 -1 59 -59 -58 -3 -14
right_child=1 10 7 4 9 8 21 11 24 18 17 -13 47 16 15 -17 19 -19 -20 28 -22 23 -24 -25 25 32 -28 -29 -30 34 -32 -33 50 -35 35 37 -38 -39 -40 -41 -42 48 -44 44 -46 -47 -48 -49 -50 -51 -52 53 -54 -55 -56 -57 57 58 -60 -61 -62 -63
leaf_value=-0.049967583649969831 -0.036939333273958236 -0.0077633533452960025 -0.048563388831217365 -0.051515396005048668 0.089189936244459131 -0.052925810846022638 -0.056667397073817211 -0.050827933412393993 0.054538637621709275 0.035686199116891866 0.053406348689819153 0.067103761840129825 0.057982368410584399 -0.04598544151170128 0.043541961983881626 -0.053746213994127268 -0.03500178666437688 0.052341325695902358 -0.056083472074587949 0.039285476092031223 0.052421452899575061 0.052539886071295394 0.0066068071343027114 -0.0084926810382210012 0.017318305130464694 0.058762500789698337 -0.04724078257825616 0.13317577530839478 -0.065331765958790047 0.055301243161497239 0.008687412257956488 0.088833289044489852 -0.014364438694368781 -0.04842841888239241 -0.026095585967893936 0.046686222344993339 0.040307235559155309 0.055500514719246719 0.030742840421189462 0.037277018733506903 0.061123157012049179 0.052911699838127838 -0.015286683161945031 0.030209199678168975 -0.040244038748562749 0.056851179222095642 -0.022134863745658984 0.03942904370217809 0.014277427720662279 0.00033173180031426894 0.057097691676810752 -0.061880488429825166 0.054410247822481328 0.055872970964315073 0.042348823285591593 -0.0027914264811716859 -0.047016601661354684 0.1741041931619457 -0.044086814185254258 0.14314009693347016 0.026486663775418914 -0.0062484414172119694
leaf_weight=328.51636086776853 11.559266991913317 5.6740255802869779 15.780393466353416 2.3725033449009127 3.0218287091702214 3.6688441140577224 4.380683950148522 6.4853569688275448 14.500709503889082 2.1973663894459605 31.642410114407539 2.2895298777148119 0.90991277992725628 2.4102674471214405 3.056745706126093 3.1571983098983765 2.0299973823130122 257.36544481664896 1.9357688659802077 1.1147792302072042 8.4244670579209906 3.4915689304470998 63.591962677426636 3.4534242376685134 2.4072953090071669 7.6867000907659522 13.859458663500844 0.73261039983481158 1.8377050459384916 10.47401701658964 2.4327900446951389 2.564060315489769 3.7195573300123259 2.765167161822319 4.2668882831931105 3.2769746407866531 2.5939283668994904 10.605295732617376 1.0504627395421264 0.69327420741319734 2.2847528606653205 11.354966677725313 2.7546402588486663 4.128483109176158 2.5107938125729561 6.5935123339295387 2.3624141588807106 2.3228828459978095 3.5878376439213744 2.5644731782376766 3.787727639079093 2.8274184763431531 9.4878977015614492 2.3045265898108491 2.9503808096051216 2.4049025699496269 55.499277174472809 1.2436718940734888 14.758921932429073 0.2581441905349483 7.0213450044393539 28.937384659424424
leaf_count=30876 481 40 1200 146 25 144 140 517 158 16 398 20 30 28 42 142 22 3542 58 16 100 25 483 28 18 74 1087 30 30 123 18 20 26 23 27 29 22 121 10 4 19 117 26 39 20 64 17 11 38 21 39 20 94 25 24 20 4971 8 1177 24 55 680
internal_value=-0.00104005 0.0367914 -0.0425678 -0.0460225 -0.0161988 0.0121134 0.00158216 -0.0165969 0.0254374 0.0334548 0.0480668 -0.00518907 -0.0094709 -0.000549643 -0.0478691 -0.00588849 0.0115991 0.0493071 -0.00729446 0.0219516 0.035446 0.00698087 0.00274173 0.031701 0.0346708 0.0275294 -0.0359196 0.00183843 -0.0258311 0.0411856 -0.0333321 0.0478035 0.0342005 -0.0178295 0.0351913 0.0312932 -0.000990096 0.0359883 -0.0262714 -0.0449509 0.0187965 0.0303297 0.0211363 0.0264527 0.0035657 0.0388744 0.0178562 -0.00113352 0.0436354 0.030432 0.0273306 0.0225722 0.0350415 0.00686843 -0.00693292 -0.0347217 -0.0485209 -0.0418977 -0.0271297 -0.0461362 0.0111791 -0.00429033
internal_weight=1025.94 536.864 489.079 431.66 25.17 168.367 94.0382 57.4187 74.3283 7.15496 368.498 40.9451 38.6555 19.4861 406.49 6.21394 15.8172 353.518 4.13314 13.4069 10.4545 82.479 70.4054 12.0735 54.8423 40.3416 18.015 4.15558 2.95248 96.1522 6.81347 8.6201 35.1691 5.17246 64.5098 54.0357 6.86082 47.1749 3.42297 16.4737 14.9801 36.5696 21.6268 18.8722 6.63928 12.2329 5.63939 32.1702 14.9428 6.05604 27.4824 23.6947 13.2075 10.4872 8.1827 5.23232 400.276 71.76 16.0026 55.7574 12.6954 29.8473
internal_count=47848 6774 41074 38612 1372 2077 1216 2462 861 99 4697 1258 1238 340 37240 184 196 4583 74 168 122 735 641 94 521 363 1273 186 46 1041 158 66 322 41 643 520 49 471 156 1204 114 350 195 169 59 110 46 721 155 46 248 209 120 89 64 40 37056 6180 1185 4995 95 710
is_linear=0
shrinkage=0.05


Tree=49
num_leaves=63
num_cat=0
split_feature=3 5 1 6 10 3 3 1 2 1 9 3 9 0 9 5 7 1 1 2 10 1 9 4 3 2 3 6 9 4 5 7 2 2 2 5 1 0 5 9 10 1 0 5 9 1 3 9 9 9 9 10 1 1 9 2 1 7 9 9 6 10
split_gain=498.743 107.134 72.4948 13.3765 12.0616 11.8865 11.1057 10.2828 8.33552 7.14554 6.78677 5.68957 5.64274 5.35518 5.19128 4.50273 6.22192 4.06497 3.52296 5.19033 4.80729 5.54388 3.26389 5.99149 3.18712 11.3349 3.84556 6.02288 3.03104 2.9689 2.89572 3.5362 2.61958 3.68361 3.47306 3.23274 2.64521 2.46682 7.43979 2.45445 2.24514 4.38739 2.10436 2.04295 2.01539 2.00005 1.89878 1.78948 2.94205 1.8985 2.19124 1.70919 1.64248 1.62138 1.70827 2.515 1.55933 2.32087 8.66034 2.54766 2.42542 2.42591
threshold=0.78526220614828224 0.44949494949494956 0.51325675675675686 0.27922077922077926 0.50362318840579723 0.85028735632183927 0.50242718446601953 0.93361581920903958 0.31180555555555561 0.87090053763440867 0.3874259381171824 0.93852355757117678 0.056079664570230614 0.92031746031746042 1.0000000180025095e-35 0.080128205128205135 0.27922077922077926 0.17519181585677754 0.36373307543520317 0.15535444947209656 0.1181455633100698 0.39384469696969698 0.46737588652482276 0.85552197802197805 0.70632463511720489 0.73401360544217698 0.70859704641350219 0.39230769230769241 0.5865817091454274 0.92598817304699665 0.78888888888888908 0.87301587301587313 0.82480818414322254 0.78319623971797903 0.85215543412264738 0.5634920634920636 0.82838827838827844 0.53093112244897978 0.095454545454545472 0.084523809523809543 0.14946808510638301 0.89932432432432441 0.7927781392322707 0.58571428571428574 0.043961352657004842 0.65432190760059628 0.83096903096903107 0.13423423423423428 0.18834459459459463 0.056079664570230614 0.042572463768115944 0.12390350877192984 0.89932432432432441 0.27072835547411828 0.63003220611916277 0.13446327683615822 0.92797619047619062 0.69047619047619058 0.22767145135566189 0.16064516129032261 0.5634920634920636 0.21483516483516488
decision_type=2 2 2 2 2 2 2 2 2 2 2 2 2 2 2 2 2 2 2 2 2 2 2 2 2 2 2 2 2 2 2 2 2 2 2 2 2 2 2 2 2 2 2 2 2 2 2 2 2 2 2 2 2 2 2 2 2 2 2 2 2 2
left_child=1 9 5 4 6 -2 -3 12 -4 24 17 14 -8 -11 42 45 -17 -7 19 -12 21 -20 23 -21 -1 26 27 -26 -23 30 56 -32 33 36 35 -34 47 53 -39 -40 41 -5 -10 52 -15 -16 -47 49 -49 50 -6 -22 -14 54 -28 -56 57 59 -59 -18 61 -61
right_child=2 3 8 40 32 10 7 -9 11 13 18 -13 43 44 15 16 29 -19 20 22 51 28 -24 -25 25 -27 37 -29 -30 -31 31 -33 34 -35 -36 -37 -38 38 39 -41 -42 -43 -44 -45 -46 46 -48 48 -50 -51 -52 -53 -54 -55 55 -57 -58 58 -60 60 -62 -63
leaf_value=-0.048828717613382693 -0.047427561432947782 -0.049975296230222795 -0.052489916975607911 -0.022818958167188094 -0.023569203226352684 0.095301757127745634 -0.1180693767290143 0.049286553455464871 0.0028124244933886611 0.046086712549715664 -0.033645493703371401 0.051756376946281379 -0.057179244872422236 0.067248517588824233 0.018489617279500128 -0.024954037371792397 0.053543347139961089 -0.032657040128159495 -0.069826313645027102 0.17802372864830118 -0.14957243265051337 -0.0075866328413173173 0.03686150915520587 0.011388046620045989 -0.018743378259479866 0.094474092648786437 -0.033877763445356791 0.21288988687756327 0.068868225054348156 -0.024624428998924662 -0.035667571040722455 0.029578604685875861 0.017465206118639887 -0.055178101296851023 0.0075045362551748032 0.11987558700372634 0.10348895312911058 0.11943154939988131 0.0476442991969784 -0.07142927078322614 0.057388142366274444 0.044306958739490504 0.053562151340689784 0.040581193692362981 -0.04316145991134937 0.11148915424152275 0.058296911979808443 0.097583176144562023 -0.015892898763159614 -0.052691596122054665 0.080974160443382751 -0.039539646373666401 0.038081178698465237 -0.049327438807400037 -0.051430432405822027 0.11530547751671744 0.046945560134959763 -0.055261125510996628 0.043133104758550096 -0.012163112440857771 0.056459969787709986 0.039976267598722963
leaf_weight=346.18506564758718 18.714855686761439 21.627205182798207 2.1151687996461979 3.4130442049354341 1.5248112585395559 0.65246779471635719 1.6837378358468393 7.0320900781080127 2.1281786896288386 3.5269041145220381 2.1440706811845329 238.84515194222331 1.9549043644219644 0.45241178572177876 2.3411724306643 5.3058051327243438 13.419986888766291 12.733393444679676 1.3748387219384293 1.2464904198423012 0.40278224833309684 1.9968421738594768 7.738227934576571 0.95098712574690569 1.1214476693421591 1.6356173669919361 2.9209052054211493 0.37430218886584032 3.6953839184716344 2.308468669652938 3.1918876692652685 5.9436445906758308 1.8122214851900929 3.9313525855541229 79.531082068569958 1.3406660333275793 0.61838729120790947 0.92565063014626447 0.550911154597998 2.0182025087997317 9.7834348902106267 8.4882142152637226 50.825491480529308 1.3713849708437917 4.7828714270144701 2.1465108841657621 7.6818565391004086 0.97754529956728253 1.3740895977243779 2.4450585413724184 0.7466714922338723 2.8513596253469586 0.58878051210194815 35.15195183083415 0.39469128195196379 0.52966743521392345 23.800879597663879 3.3723487332463247 6.6386955305933952 5.5500479489564878 3.7462112531065932 3.7304002773016691
leaf_count=33003 1564 1651 90 23 45 4 36 86 18 37 26 3298 81 3 45 108 139 518 31 28 3 32 110 19 87 25 247 22 30 21 34 77 44 122 705 17 11 13 19 80 102 94 689 36 168 18 89 33 59 90 18 96 14 3232 26 14 292 29 66 52 44 35
internal_value=-0.00103091 -0.0326881 0.0388172 0.0033175 -0.00280974 -0.0151382 -0.0282194 0.0090321 0.0464933 -0.046193 0.00174768 0.0470428 -0.0415274 -0.00153709 0.039122 0.0317585 0.0272922 -0.0264199 0.0185794 0.0369079 -0.00287191 0.0202836 0.0521329 0.10591 -0.0471916 -0.0347696 -0.0395753 0.0392214 0.0420477 0.0311583 0.033014 0.00678207 0.0064211 -0.0158106 0.00954487 0.061012 0.00432423 -0.042349 -0.00210574 -0.0458956 0.0396435 0.0250566 0.0515225 -0.00860931 -0.0336203 0.0600211 0.0699141 -0.00435159 0.0312777 -0.0221161 0.0107958 -0.053159 -0.0351295 -0.0459555 -0.0151301 0.044111 0.0369909 0.0304921 0.00998775 0.0382538 0.0225025 0.00879501
internal_weight=988.409 550.815 437.594 150.245 128.56 54.5017 34.2581 12.6309 383.092 400.571 35.7868 380.977 5.59881 8.76219 142.132 89.1779 77.0084 13.3859 22.401 12.0798 10.3212 7.06706 9.93571 2.19748 391.808 45.6233 43.9877 1.49575 5.69223 71.7026 69.3941 9.13553 94.3019 11.6179 82.684 3.15289 7.68656 42.492 3.49476 2.56911 21.6847 11.9013 52.9537 3.91507 5.23528 12.1695 9.82837 7.06818 2.35163 4.71654 2.27148 3.25414 2.54368 38.9972 3.84526 0.924359 60.2586 36.4577 10.011 26.4466 13.0267 9.28045
internal_count=47848 40243 7605 3267 3048 2461 1904 253 5144 36976 897 5054 167 208 1756 1049 897 522 375 183 192 93 157 47 36768 3765 3740 109 62 789 768 111 1144 378 766 61 256 3631 112 99 219 117 707 131 171 152 107 245 92 153 63 99 95 3519 287 40 657 365 95 270 131 87
is_linear=0
shrinkage=0.05


Tree=50
num_leaves=63
num_cat=0
split_feature=12 12 12 1 3 0 3 12 1 6 1 9 2 3 6 3 9 10 0 7 10 10 3 10 4 9 10 0 2 2 9 12 7 6 1 3 7 3 3 7 4 0 9 9 0 12 10 12 12 1 9 12 1 2 0 1 2 0 1 10 12 3
split_gain=581.623 45.4605 23.9111 6.90284 6.52751 6.5214 11.8855 6.06227 4.96849 6.88779 5.42022 4.40818 3.83396 3.49554 4.52142 3.4498 3.5405 3.35365 3.54683 5.61028 3.34417 4.7029 3.32698 3.57188 3.28291 2.71819 2.71315 2.33701 9.47944 2.27642 2.13557 2.97372 2.59585 2.12177 3.39451 2.92072 2.73709 2.54111 2.24421 3.61376 3.65254 2.26806 4.06158 2.5201 1.99106 1.97052 1.95637 1.85754 4.5268 1.83932 5.02088 1.75384 1.68188 4.43361 1.77022 1.6753 1.67437 3.09747 1.66263 1.66157 3.8896 1.63485
threshold=0.4529637053611924 0.65576731082107542 0.37461138802301536 0.51325675675675686 0.58102025506376598 0.7927781392322707 0.62316372152437738 0.77970710046493774 0.66583333333333361 0.5634920634920636 0.23606811145510845 0.32529069767441871 0.82480818414322254 1.0000000180025095e-35 0.13809523809523813 1.0000000180025095e-35 0.053342816500711245 0.16035714285714289 0.92907444668008055 0.38750000000000007 0.1181455633100698 0.030536130536130541 0.89512961508248245 0.021507863089731735 0.63211600429645554 0.39811320754716989 0.86956521739130443 0.21483516483516485 0.24316334072431639 0.34851621808143557 0.14434523809523811 0.72553614411503753 0.87301587301587313 0.5634920634920636 0.95040983606557383 0.90054945054945057 0.38750000000000007 0.87112743532417769 0.81302966101694929 0.73214285714285732 0.80576285240464351 0.73375527426160347 0.067424242424242428 0.12372448979591838 0.24828767123287673 0.62790203878499784 0.060915275200989494 0.31291781611373176 0.33728752341126328 0.68410526315789488 0.084523809523809543 0.5942586191961361 0.61257406188281782 0.3128765060240965 0.88416815742397159 0.85270009643201561 0.73401360544217698 0.76631205673758873 0.7359237536656893 0.22540322580645164 0.42115187612069244 0.7814295977011495
decision_type=2 2 2 2 2 2 2 2 2 2 2 2 2 2 2 2 2 2 2 2 2 2 2 2 2 2 2 2 2 2 2 2 2 2 2 2 2 2 2 2 2 2 2 2 2 2 2 2 2 2 2 2 2 2 2 2 2 2 2 2 2 2
left_child=2 3 5 11 12 61 15 17 9 27 -11 -2 56 45 -15 16 47 18 19 52 21 -21 -13 -24 26 -12 -10 28 59 -26 -20 32 -32 34 35 37 -37 38 41 40 -40 43 -43 -6 -9 51 -25 -7 -49 50 -28 -14 53 -3 -54 -45 57 -5 -51 -4 -61 -1
right_child=1 7 8 4 33 6 -8 44 24 10 25 22 13 14 -16 -17 -18 -19 30 20 -22 -23 23 46 29 -27 49 -29 -30 -31 31 -33 -34 -35 -36 36 -38 -39 39 -41 -42 42 -44 55 -46 -47 -48 48 -50 58 -52 -53 54 -55 -56 -57 -58 -59 -60 60 -62 -63
leaf_value=-0.049479333949583239 -0.051974532359046435 0.049973203641929163 -0.051184776642292679 -0.030960751025394573 0.060033865245436635 -0.03205223725019847 0.056483327185646019 -0.0040882516265720393 -0.042616550474708775 0.17454450848620942 -0.051322524850939959 -0.02248728550202541 0.015444815189594667 -0.057343776619836528 0.042315857472472969 -0.050570756480609602 -0.03345984128466014 0.04805069130231171 0.052119143290225135 -0.031612614315162949 -0.057761901023350527 0.042658437553887089 -0.030571011612683857 0.070240534646642136 -0.052614451834626812 0.05873077340155583 0.19477977861904386 -0.046700647150928268 0.25222399872905105 0.029295708490114494 -0.029180412251573046 0.045397340873131277 0.037544596868868574 0.047330783807134819 0.055371361696259891 0.01529457277831385 -0.049780246318213706 0.057356762028726693 -0.028807110626311812 -0.040336709160512844 0.041744710885094176 -0.0038436932480182436 0.058485786612664473 0.0082770629003291463 0.051799785854522273 -0.015215375530960607 0.017651751438546394 0.10152587060492335 -0.016226017323368456 -0.052115722533110122 -0.050642109300600896 0.048897689511073386 0.055314580711563532 -0.031932628192173074 0.002009968889720359 -0.056888724627248845 -0.056300054567744319 0.092281857310514609 -0.0046914142636689726 -0.051997009339389604 0.12211041250238791 -0.035961440851152479
leaf_weight=319.57192545942962 5.0378462001681354 3.8328020423650804 2.5734992269426651 2.2776413662359114 1.5134804807603419 1.3411639789119387 3.8281657826155415 1.6044342592358578 6.0019062804058185 0.60686283372342531 1.0742651568725707 8.3933978034183401 46.305226438678801 3.7259254306554785 1.6386033147573469 19.433679752983153 12.855726077221332 40.715672858059406 18.44797670841217 4.3201859369873983 2.8222371116280547 4.2069481238722801 2.5875996490940434 2.8435078002512455 0.9418946485966434 1.1744629470631478 0.40143523551523941 21.267275623977184 0.327815432101488 8.5303340181708318 3.4084368571639052 8.529769189655779 2.5467028766870499 14.033622700721024 7.9785987362265578 4.1125984862446776 2.6616164147853851 5.3360508158802977 2.6342634893953782 3.4238575622439376 6.0425204373896122 3.5571833848953238 9.8536784593015891 2.7617007866501808 236.5326469540596 4.809706598520278 4.6778553863987327 1.5074547342956068 1.7799174794927237 1.9818362146616006 0.43337810505181551 4.2801518887281409 9.2388715818524343 2.9041057452559471 1.8733503445982922 1.5341400867328046 3.044914098456502 0.65686318278312672 27.394033368676901 0.80343239475041606 0.53398182615637779 24.049778465181589
leaf_count=32912 276 29 175 82 12 28 37 14 465 4 63 263 296 114 9 1858 755 496 241 28 20 40 24 17 49 28 13 1978 14 120 30 86 25 156 94 39 21 53 22 26 52 32 82 29 3539 26 38 20 30 115 37 22 112 17 23 30 79 6 662 45 8 2044
internal_value=-0.000663821 0.0368197 -0.0412784 0.0144362 0.0188787 -0.0462905 -0.0273774 0.0470419 -0.0152611 -0.0316992 0.0419415 -0.0105092 0.00787596 0.0116354 -0.0269026 -0.0360732 -0.0199593 0.0368973 0.0295883 0.016901 -0.0105846 0.00502976 0.000781067 0.0201006 -0.00505623 0.00615598 -0.0119113 -0.0399438 -0.00604247 0.0211508 0.0408369 0.0264678 -0.000645604 0.0300992 0.0253954 0.0198886 -0.0102736 0.0254626 0.0200289 0.00316104 0.0203252 0.0306486 0.0419531 0.00455192 0.0514232 0.0153675 0.0375333 0.0175385 0.0377702 -0.0058111 0.0673735 0.0182753 0.0343777 0.0146657 0.0463282 -0.0149951 -0.0303257 -0.00337397 -0.00789088 -0.0276905 0.0175179 -0.0485332
internal_weight=955.121 496.707 458.414 155.723 132.182 384.368 40.7461 340.984 74.0464 28.3616 2.85559 23.5402 66.739 60.7596 5.36453 36.9179 17.4843 102.847 62.1314 29.1985 11.3494 8.52713 18.5024 10.109 45.6848 2.24873 36.2126 25.506 4.23873 9.47223 32.9329 14.4849 5.95514 65.4433 51.4097 43.4311 6.77421 36.6569 31.3208 12.1006 8.67678 19.2202 13.4109 5.80932 238.137 55.3951 7.52136 4.62854 3.28737 30.2107 0.834813 50.5854 17.8491 6.73691 11.1122 4.29584 5.97942 2.9345 29.3759 3.91091 1.33741 343.622
internal_count=48060 6600 41460 1900 1282 37684 2728 4700 3776 2315 95 618 634 467 123 2691 833 1147 651 269 88 68 342 79 1461 91 1292 2220 242 169 382 141 55 648 492 398 60 338 285 100 74 185 114 71 3553 344 55 78 50 827 50 318 181 46 135 59 167 88 777 228 53 34956
is_linear=0
shrinkage=0.05


Tree=51
num_leaves=63
num_cat=0
split_feature=12 12 12 0 3 1 12 3 1 6 5 4 9 2 3 1 10 3 9 3 6 10 12 6 3 10 5 5 0 10 0 2 5 3 10 12 2 9 2 5 1 10 12 2 9 10 5 4 5 1 0 0 5 12 9 2 3 6 1 5 12 12
split_gain=545.96 44.6175 23.7415 6.4662 11.0376 6.31804 6.19892 6.15759 4.74657 6.42137 5.73489 5.11634 4.21451 3.52312 3.43569 3.31898 3.51972 3.61702 3.30003 3.1979 4.24657 3.15724 3.68585 3.65413 3.0355 3.23115 3.01212 3.2811 2.8089 8.86509 2.28039 7.39543 2.2555 2.6092 3.18821 2.45093 2.39145 3.27909 2.39061 2.24258 2.67884 3.22087 4.03548 2.37055 3.91705 2.35797 2.19013 2.13653 2.09596 2.09103 1.96006 1.9302 2.74079 2.54886 1.84036 1.8203 1.72225 10.7845 6.50661 12.8938 1.68473 4.06505
threshold=0.4529637053611924 0.65576731082107542 0.37461138802301536 0.7927781392322707 0.62316372152437738 0.51325675675675686 0.77970710046493774 0.58102025506376598 0.66583333333333361 0.5634920634920636 1.0000000180025095e-35 0.85251155947877277 0.32529069767441871 0.82480818414322254 1.0000000180025095e-35 0.95040983606557383 0.16035714285714289 0.97937925170068041 0.053342816500711245 1.0000000180025095e-35 0.13809523809523813 1.0000000180025095e-35 0.72553614411503753 0.5634920634920636 0.89512961508248245 0.021507863089731735 0.095454545454545472 0.81666666666666676 0.92031746031746042 0.1181455633100698 0.21483516483516485 0.24828767123287673 0.31666666666666671 0.55087252292221245 0.86956521739130443 0.37885717983644052 0.73401360544217698 0.074537037037037054 0.84292763157894746 0.73214285714285732 0.88912529550827435 0.12861869313482219 0.51711730126736499 0.96490147783251234 0.1856158484065461 0.17902930402930406 0.37980769230769235 0.94957627118644072 0.73214285714285732 0.85566901408450702 0.24828767123287673 0.92031746031746042 0.58571428571428574 0.62790203878499784 0.10762548262548265 0.26158232359230221 0.7814295977011495 0.22649572649572652 0.64051282051282066 0.080128205128205135 0.31291781611373176 0.33728752341126328
decision_type=2 2 2 2 2 2 2 2 2 2 2 2 2 2 2 2 2 2 2 2 2 2 2 2 2 2 2 2 2 2 2 2 2 2 2 2 2 2 2 2 2 2 2 2 2 2 2 2 2 2 2 2 2 2 2 2 2 2 2 2 2 2
left_child=2 5 3 56 14 12 15 13 9 30 -10 -11 -2 -7 18 16 17 21 60 51 -21 22 -3 28 -14 -26 -9 39 29 54 31 -4 35 34 -34 -12 37 -36 -38 40 41 42 -28 -42 -45 -43 -44 -13 -20 -35 -8 52 -15 -53 -23 -27 -1 -58 -59 -60 -5 -62
right_child=1 6 8 4 -6 7 50 26 10 11 32 47 24 19 -16 -17 -18 -19 48 20 -22 23 -24 -25 25 55 27 -29 -30 -31 -32 -33 33 49 36 -37 38 -39 -40 -41 43 45 46 44 -46 -47 -48 -49 -50 -51 -52 53 -54 -55 -56 -57 57 58 59 -61 61 -63
leaf_value=-0.049398755892739232 -0.051882888996504152 -0.045039985096594987 -0.027336179582349514 -0.031010610917985928 0.053961792351126525 -0.029634636873810839 -0.0038721267392015412 0.050587998117913417 0.068376903536301728 0.12572212583270323 0.085065737011525311 -0.053200352382251175 -0.021752305711020825 0.020182040374468475 -0.050542724244790387 0.054059207249876687 0.045275182794397684 0.049433188131164922 -0.036204298996284461 -0.057071664915413357 0.040166578396368592 0.056297413127303367 0.022371919057406899 0.045462403156014922 -0.029280357823406607 0.01364561135991056 -0.055695242871326545 0.055420454339109373 0.026044552873360962 -0.089875858855187729 -0.046464164736006099 0.20028275272718507 -0.050829971459322922 -0.0072716239040283518 0.099547364762109056 -0.048516289187551735 -0.041166960723324847 -0.013854448051918737 -0.0014261411040417222 -0.023175796886089381 0.055240344041198021 0.061932570804992905 0.038917386821351922 -0.025370121174219707 0.043304352003555216 0.013799734788553229 -0.012626345566034359 0.059402246156642871 0.090259918551613527 0.057097820039173963 0.051506748666110692 0.014140343420156312 0.084671791551988382 -0.02717843866690018 -0.0027774144068230464 0.063161156380993205 0.25529365137872556 -0.05058607001333594 0.15437830801896918 -0.046601342100072295 0.096117915246998559 -0.015494121719025873
leaf_weight=304.46971709001809 4.8003987688571241 4.0541495233774167 3.8054289286956253 1.3175143394619251 3.8072382854297748 5.8242169497534624 1.6091624796390522 13.130284080281852 2.5234395004808894 1.0748041765764349 0.36853368673473497 1.1495594354346392 8.246943963691594 6.7822957839816791 18.495882286690176 20.583114832639694 29.308968551456928 10.555411376059054 12.135521060787138 3.560682985931634 1.6399324983358381 2.3981261104345366 4.0566664338111877 11.916559025645254 2.5671116048470122 4.1683598235249519 3.2189683839678791 7.0397052243351927 11.454406969249249 2.5282850563526154 20.330455726012588 0.39377717301249493 4.1787697291001669 2.2776982439681879 1.2594356816262036 5.0308781554922462 4.6225983062759068 1.2907928815111516 20.864840453490615 2.9867086187005034 8.5836124122142792 3.7208305038511744 3.6988178715109807 3.2493422478437424 5.7520710453391075 8.0480798026546818 4.6540282964706421 0.66492822766304005 0.33672443404793817 2.8282816484570503 226.24466865509748 42.355061670765281 2.176159031689167 4.0931157991290084 2.9280939698219299 3.3460141625255346 0.31497292593121784 19.465587515383962 1.2236112747341388 2.2944125831127167 1.5125268679112198 1.7710286583751438
leaf_count=32912 276 28 229 28 37 167 14 159 23 37 34 52 263 89 1858 301 351 121 750 114 9 26 27 132 24 33 41 83 120 17 1978 13 344 39 21 322 251 64 336 25 104 30 29 28 51 64 34 6 5 27 3539 218 15 22 24 22 8 1920 11 105 20 30
internal_value=-0.000659503 0.0361392 -0.0409281 -0.0460962 -0.0269519 0.0139079 0.0465644 0.0181762 -0.0148155 -0.0312313 -0.00486747 0.0392719 -0.0101776 0.00750952 -0.0356127 0.0361717 0.0315229 0.0234442 -0.0194386 0.011079 -0.0264091 0.0164703 -0.0113236 0.0236898 0.000745397 0.0191492 0.0292339 0.023731 0.0102527 -0.0127769 -0.0395357 -0.0059914 -0.00919377 -0.00482404 -0.0100871 -0.0393987 -0.00401475 0.0421493 -0.00863384 0.0186508 0.0217032 0.0105997 -0.00813151 0.036441 0.0185141 0.0290173 0.0101983 -0.0119366 -0.03279 0.0283836 0.0511156 0.0145977 0.0358477 0.0104992 0.023821 0.035694 -0.0483962 -0.035294 -0.0392763 0.0233018 0.0167534 0.0359185
internal_weight=921.089 481.28 439.809 367.145 39.3764 153.643 327.638 130.514 72.6642 27.419 45.2453 2.88929 23.1288 66.4315 35.5692 99.7838 79.2007 49.8917 17.0733 60.6072 5.20062 39.3363 8.11082 31.2255 18.3284 10.0815 64.0824 50.9522 19.3089 7.85451 24.5297 4.19921 42.7218 37.3224 32.2164 5.39941 28.0377 2.55023 25.4874 43.9125 40.9258 23.3407 11.5718 17.585 9.00141 11.7689 8.35285 1.81449 12.4722 5.10598 227.854 55.4066 8.95845 46.4482 5.32622 7.51437 327.768 23.2986 22.9836 3.51802 4.60107 3.28356
internal_count=48060 6600 41460 37684 2728 1900 4700 1282 3776 2315 1461 95 618 634 2691 1147 846 495 833 467 123 374 55 319 342 79 648 489 187 67 2220 242 1438 1082 1016 356 672 85 587 406 381 198 104 183 79 94 63 58 755 66 3553 344 104 240 50 55 34956 2044 2036 116 78 50
is_linear=0
shrinkage=0.05


Tree=52
num_leaves=63
num_cat=0
split_feature=12 12 12 0 3 12 2 3 1 6 5 1 4 9 2 1 9 9 1 0 7 5 7 4 12 11 3 9 0 0 3 3 3 1 0 2 9 6 4 7 3 0 2 1 2 5 1 3 3 3 6 1 5 2 0 1 9 9 7 0 5 7
split_gain=512.589 43.7709 23.5609 6.43653 10.3858 6.34097 5.81801 5.13752 4.50086 5.97554 5.33461 4.35544 3.87322 3.35532 3.37082 3.3418 3.18342 6.61005 2.92479 4.74292 3.50404 3.08207 3.31497 5.19759 2.90249 2.64351 3.83223 2.31734 2.30319 2.84711 2.27167 2.85344 2.39482 2.28616 2.24677 5.75142 2.20491 2.19576 2.7598 2.127 2.14401 1.93018 1.83294 1.76744 1.75107 2.92401 1.74034 3.02528 2.43864 1.66879 8.75231 6.20329 12.1606 1.60121 3.44136 2.5072 2.09846 7.00271 1.57673 2.62752 1.82566 3.12487
threshold=0.4529637053611924 0.65576731082107542 0.37461138802301536 0.7927781392322707 0.70299970299970316 0.77970710046493774 0.32305502846299822 0.58102025506376598 0.66583333333333361 0.5634920634920636 1.0000000180025095e-35 0.23606811145510845 0.89638906961613551 0.51389961389961403 0.82480818414322254 0.95040983606557383 0.053342816500711245 0.04819976771196284 0.51443452380952392 0.33508771929824566 0.095454545454545472 0.81666666666666676 0.73214285714285732 0.80060240963855434 0.53841480580355372 1.0000000180025095e-35 0.45199692780337947 0.39811320754716989 0.92637759710930456 0.97752525252525257 0.97937925170068041 0.96511156186612579 0.94791101465002725 0.65796007789678679 0.21483516483516485 0.24828767123287673 0.10102040816326532 0.43650793650793657 0.79540169133192407 0.19090909090909094 0.86319073083778985 0.24828767123287673 0.88067796610169513 0.33742469879518078 0.73401360544217698 0.44949494949494956 0.87596153846153857 0.55087252292221245 1.0000000180025095e-35 0.7814295977011495 0.22649572649572652 0.64051282051282066 0.080128205128205135 0.74543037554004665 0.81302966101694929 0.68410526315789488 0.35355392156862753 0.38548951048951058 0.38750000000000007 0.92907444668008055 0.58571428571428574 0.5277777777777779
decision_type=2 2 2 2 2 2 2 2 2 2 2 2 2 2 2 2 2 2 2 2 2 2 2 2 2 2 2 2 2 2 2 2 2 2 2 2 2 2 2 2 2 2 2 2 2 2 2 2 2 2 2 2 2 2 2 2 2 2 2 2 2 2
left_child=2 6 3 49 16 15 12 13 9 34 -10 -11 -2 14 44 30 17 28 19 -9 -20 22 24 -24 37 26 -16 -13 -5 -30 31 32 33 -3 35 -4 -26 38 -22 -12 46 -7 -38 -14 45 -8 53 48 -48 -1 -51 -52 -53 54 55 -41 -57 -58 -35 60 61 -60
right_child=1 5 8 4 -6 41 7 18 10 11 39 27 43 -15 25 -17 -18 -19 20 -21 21 -23 23 -25 36 -27 -28 -29 29 -31 -32 -33 -34 58 -36 -37 42 -39 -40 40 -42 -43 -44 -45 -46 -47 47 -49 -50 50 51 52 -54 -55 -56 56 57 -59 59 -61 -62 -63
leaf_value=-0.049316378281085413 -0.031468351226876044 -0.0077398972751442753 -0.026628289786608667 -0.051963555153039624 0.074820360826706594 -0.0036680279857244156 -0.051955983382128951 0.047424659461179401 0.067112214214564994 0.15017268680061518 -0.056148933819716675 -0.051252962410983309 -0.010079052362940311 -0.052588823831607859 -0.057368393133456444 0.053846327225617101 -0.041750413676709064 0.18744460524223053 0.052931808711334884 -0.042121790976473644 -0.0076589995590146363 0.055130930974570537 0.035306910446317646 -0.044339233184259925 0.050883686382454045 0.015855857020106081 0.035150480972703867 0.04973379102877333 0.033452989486750941 -0.040807499531092667 0.049906657123213925 -0.012392447799906179 0.057138342950497217 0.048901095250320298 -0.046219181734298356 0.15942194076896862 -0.0046701759671838282 -0.021984372163804257 0.053825849299376949 0.073128673392803295 0.059241218089767081 0.051220058313291177 0.03878849648536753 0.042453591175350358 -0.05596159108588588 0.051690743189895166 0.0031236809020212409 0.053449522333667246 -0.050564603895396687 0.2067427168341337 -0.050557615843138497 0.15327530418002794 -0.045823837005459167 -0.026451401325339859 0.12888315072855247 -0.053783483814981915 0.2034726875008373 -0.050650387404137499 0.015636670388431174 0.033975245696995469 0.024709989683333891 -0.056945428857416693
leaf_weight=290.09227408654988 11.154565528966488 4.562616489827632 3.7136283190921011 2.9784747092053259 2.3704768782481542 1.6136477589607228 1.3479773215949529 2.4675602056086055 2.4444603053852907 0.65477574616670553 2.2510403413325539 1.0391192156821492 3.0732936011627308 2.2777398675680152 3.005310555920004 19.654713220894337 26.969211219809949 0.41619726084172803 13.025699022226034 3.6900701932609081 3.7141173044219595 6.7306509390473357 3.6363865062594396 4.6906433179974556 11.983013205230238 53.779879023320973 1.7834715424105523 1.2531357333064077 3.1400915300473571 2.1915183709934354 12.895895831286905 4.308076746761798 7.0378083586692801 8.4537027999758703 19.438878860324621 0.46770416200160969 4.4765584617853147 4.4558419249951839 3.5883677322417498 0.78444333653897302 1.2137328349053849 216.38486320897937 5.2973422706127167 3.3425236102193594 2.7980421790853143 1.3741419594734905 13.573252158239489 2.54279258288443 2.505523992702364 0.36787695437670009 18.526397766545418 1.1721003372222178 2.2186135780066252 15.216272747144101 0.51333588175475586 2.330992098897696 0.38752818573266246 0.9022680064663291 3.7629147395491582 27.075996465981007 6.6668641343712807 2.4473753273487091
leaf_count=32912 375 32 229 213 20 14 71 40 23 4 153 63 24 32 99 301 2269 16 161 163 40 83 30 34 138 330 22 28 34 176 160 38 88 112 1978 13 33 29 28 31 9 3539 51 23 77 17 125 24 239 8 1920 11 105 651 6 102 19 79 35 304 59 18
internal_value=-0.000656034 0.035454 -0.0406095 -0.045938 -0.0265266 0.0460839 0.0133898 0.0169339 -0.0143948 -0.0306912 -0.00470165 0.0364417 -0.0136644 0.00704624 0.00916569 0.0354394 -0.0332568 -0.00700678 0.0266188 -0.00623765 0.0299033 0.0237278 0.0186764 -0.00955802 0.0256913 0.0126861 -0.0229119 0.00395473 -0.0167456 0.00292877 0.0307538 0.0269134 0.0297353 0.0260944 -0.0390672 -0.00581759 0.0365084 0.00567612 0.022554 -0.00885943 -0.00619618 0.0508138 0.0188839 0.0172895 -0.0281854 0.000365499 -0.00824548 0.00277199 -0.00524246 -0.0483035 -0.0351181 -0.0391777 0.0230007 -0.0184349 0.00636526 -0.00791159 -0.025469 0.0257026 0.0292835 0.0251325 0.00653955 -0.0129668
internal_weight=888.234 466.558 421.676 350.443 38.066 314.864 151.693 134.123 71.2329 26.5672 44.6656 2.94703 17.5704 66.3666 64.0888 96.866 35.6955 8.72628 67.7563 6.15763 61.5986 48.5729 41.8423 8.32703 33.5152 58.5687 4.78878 2.29225 8.31008 5.33161 77.2113 64.3154 60.0073 52.9695 23.6202 4.18133 21.7569 11.7583 7.30249 42.2212 39.9701 217.999 9.7739 6.41582 5.52016 2.72212 38.7564 18.6216 16.0788 312.377 22.285 21.9171 3.39071 20.1348 4.91857 4.40523 3.62079 1.2898 48.4069 39.9532 12.8772 6.21029
internal_count=48060 6600 41460 37684 2728 4700 1900 1478 3776 2315 1461 95 422 648 616 1147 2708 439 830 203 627 466 383 64 319 451 121 91 423 210 846 686 648 560 2220 242 222 97 68 1438 1285 3553 84 47 165 88 1276 388 364 34956 2044 2036 116 888 237 231 200 98 528 416 112 53
is_linear=0
shrinkage=0.05


Tree=53
num_leaves=63
num_cat=0
split_feature=12 12 5 12 1 6 10 9 10 4 9 1 5 4 10 10 1 10 10 5 4 6 7 10 9 10 4 5 1 10 12 9 0 6 4 1 9 0 2 0 9 7 10 2 9 2 1 12 12 9 7 9 7 10 4 10 2 2 7 9 0 1
split_gain=481.643 57.7104 12.1376 6.49467 5.33791 8.13593 5.59077 4.32135 4.22247 4.18737 3.94043 3.48093 38.0625 3.46148 3.75222 3.85797 3.36753 3.50597 3.07929 2.91479 2.89275 2.81094 3.21177 4.75709 3.93524 2.93526 4.77549 2.72934 3.88904 3.67722 3.14357 3.15921 2.61058 2.9406 5.50881 2.45636 2.41839 2.96841 2.4175 6.01404 2.40253 2.28728 3.51961 2.18853 2.15185 2.11679 2.0998 1.98959 4.13585 1.96555 4.44486 1.69847 2.97822 1.67584 1.74857 1.67553 1.66835 2.93857 2.20722 2.24744 2.05102 1.87493
threshold=0.41623381558328693 0.65576731082107542 0.44949494949494956 0.77970710046493774 0.51325675675675686 0.13809523809523813 0.86956521739130443 0.32529069767441871 0.3874259381171824 0.55086231884057979 0.5300120048019209 0.62715832601697408 1.0000000180025095e-35 0.8145502645502648 0.021507863089731735 0.060915275200989494 0.95040983606557383 0.16035714285714289 0.083920187793427234 0.31666666666666671 0.8085106382978724 0.5634920634920636 0.84523809523809534 0.1181455633100698 0.10762548262548265 1.0000000180025095e-35 0.93563184374075181 0.095454545454545472 0.88912529550827435 0.12861869313482219 0.53841480580355372 0.065942028985507259 0.23166368515205729 0.37980769230769235 0.68220211161387645 0.22828571428571431 0.45889639639639646 0.18808962264150944 0.96490147783251234 0.97752525252525257 0.13840996168582378 0.44949494949494956 0.20611577964519143 0.227922077922078 0.087595907928388769 0.27072835547411828 0.90064102564102566 0.31291781611373176 0.33610401800325174 0.21525096525096529 0.5634920634920636 0.15707236842105265 0.73214285714285732 0.17974358974358975 0.81963998714239816 0.12933094384707292 0.95311355311355328 0.72570532915360519 0.61250000000000016 0.24780701754385967 0.71535181236673784 0.93361581920903958
decision_type=2 2 2 2 2 2 2 2 2 2 2 2 2 2 2 2 2 2 2 2 2 2 2 2 2 2 2 2 2 2 2 2 2 2 2 2 2 2 2 2 2 2 2 2 2 2 2 2 2 2 2 2 2 2 2 2 2 2 2 2 2 2
left_child=2 4 11 16 7 6 -6 35 9 -4 27 41 18 32 -15 -16 17 21 -13 -8 -12 22 23 24 -3 26 -23 -7 29 30 31 -29 33 34 43 -2 -17 -38 -30 -40 -33 -1 -43 -9 -32 -5 -14 -10 49 50 -49 -41 -53 -31 -55 -11 57 60 -58 -60 -21 -59
right_child=1 3 8 45 5 10 19 13 47 55 20 12 46 14 15 36 -18 -19 -20 56 -22 25 -24 -25 -26 -27 -28 28 38 53 44 40 -34 -35 -36 -37 37 -39 39 51 -42 42 -44 -45 -46 -47 -48 48 -50 -51 -52 52 -54 54 -56 -57 58 61 59 -61 -62 -63
leaf_value=-0.049716716938666777 0.031056162969430708 0.056204194693680203 -0.050482717542472792 -0.0089130349870211768 -0.046892604165528332 0.05008155972101043 -0.054140878408931725 -0.050997885641417287 -0.034049983635021278 0.037884739452929056 -0.070225146338602676 0.038363509251400287 -0.047031230432298475 -0.032446107863137223 0.077047267504656236 0.05413731551546197 0.053645356845541906 0.044189684283516356 0.1308757832972155 -0.0055848739519939843 0.022681755892861286 -0.032974064279795788 0.034780874523923505 -0.055028466158970002 -0.012188545251482052 0.046979238390745241 0.034068759706450305 -0.10465312094745581 0.058573893644293974 0.05389835372476727 0.042681721841882611 0.040631029570992655 -0.051362452881991087 -0.028124431930505418 0.1655721405481457 -0.051343721781929821 0.044071608175719312 -0.034917303719317332 -0.04271518088254786 0.055265603964429505 -0.043897814143234175 0.2415426665265113 -0.050443544649895679 0.098896936617591483 -0.011772637100532401 0.050943694663726613 0.0063594046125341605 0.024767776853758573 -0.0084763825344200162 -0.0072418571901041858 0.15800885727304784 0.061353519821618831 0.00098691744718917818 0.037453145890611321 -0.010168311387795812 -0.026143623594403798 0.038594377177144888 -0.019333330986770366 0.015653356985468568 -0.0073884568565903384 0.08713038058044556 0.036715889677898184
leaf_weight=248.48431618977338 1.0394542133435622 3.2513045594096202 12.953496262431146 1.4876477345824231 5.2211994165554634 12.634493042714892 1.9268546039238561 0.92132353037595904 4.4340146230533746 2.1536149252206078 1.7722203964367502 1.2534098085016001 76.556831971742213 2.9119250467047086 3.2507656840607506 2.3387059662491083 18.764411468058825 27.522065475583076 3.1854452965781093 1.0710874814540177 1.5890720523893831 3.7553141117095974 6.9737809896469107 3.7210922092199317 5.9564220085740089 15.083978381007908 9.0748261883854848 1.3590260436758415 8.8483122177422064 4.4206615444272739 3.1807850077748299 1.2594350315630438 4.109300228767097 3.0434988774359226 0.67793175857514132 6.9629312735050917 1.837286941707134 3.3730060523375869 2.6652227193117168 7.7584570944309261 2.5278605651110411 0.17124424129724403 0.25976423267275095 0.33099480718374252 4.2226784788072109 207.06961074844003 1.8869540691375721 1.7509240787476334 15.303274245001374 1.0824742335826156 0.97417438961565483 3.2299066558480245 5.5608108546584845 4.1471319859847426 3.6016873586922884 1.9441179558634756 7.0097280843183389 13.737085849978028 34.735843313857913 15.219437729567288 1.346204209141433 1.6738658472895611
leaf_count=29450 23 38 1424 13 237 162 114 60 202 36 44 24 8498 32 23 38 301 351 46 50 20 23 75 29 54 183 93 10 111 46 29 12 294 64 17 516 9 65 22 96 60 20 30 14 31 3540 33 51 428 44 17 31 45 45 32 47 79 269 190 95 15 10
internal_value=-0.000652891 0.0322285 -0.0434044 0.0455968 0.00993826 0.0138141 0.00317118 -0.00902997 -0.0175978 -0.0365466 0.0264941 -0.0465619 -0.0376868 0.00206733 0.0179255 0.0315071 0.0346929 0.0299725 0.104753 0.00657828 -0.0263028 0.0217894 0.00743245 -0.00731924 0.0119613 0.0320259 0.0144457 0.0292069 0.0242101 0.00974924 -0.00924099 -0.0392556 -0.0218721 0.00249284 0.0507683 -0.0406405 0.0118966 -0.00706373 0.0369481 0.0269894 -0.0157884 -0.0495171 0.0655657 -0.0113798 0.0116228 0.0505167 -0.0457469 -0.00387511 0.00312593 0.0497576 0.0723991 0.0382152 0.023167 0.0293329 0.0153185 0.00750729 0.00814255 -0.00520594 0.0123202 0.00863341 0.0460488 -0.0132455
internal_weight=856.571 484.177 372.394 302.66 181.516 150.719 81.9413 30.7971 40.5961 17.0512 68.7778 331.798 82.8826 22.7947 13.7117 10.7998 94.1032 75.3388 4.43886 76.7201 3.36129 47.8167 19.9026 12.9288 9.20773 27.9141 12.8301 65.4165 52.782 24.7193 12.5498 5.14632 9.08305 4.97375 1.93025 8.00239 7.549 5.21029 28.0627 19.2144 3.7873 248.915 0.431008 1.25232 7.40346 208.557 78.4438 23.5449 19.1108 3.80757 2.7251 16.5492 8.79072 12.1695 7.74882 4.09773 74.7933 17.8282 56.965 49.9553 2.41729 15.411
internal_count=48060 7710 40350 4700 3010 1855 1059 1155 2249 1507 796 38101 8601 616 167 135 1147 846 70 822 64 495 196 121 92 299 116 732 570 265 142 82 449 155 91 539 112 74 305 194 72 29500 50 74 60 3553 8531 742 540 112 68 172 76 123 77 83 708 344 364 285 65 279
is_linear=0
shrinkage=0.05


Tree=54
num_leaves=63
num_cat=0
split_feature=12 12 5 12 1 3 2 3 1 1 6 10 3 0 10 5 1 10 3 3 6 2 5 6 12 0 10 6 12 5 0 2 7 4 1 10 12 1 0 7 10 2 10 12 12 10 12 7 12 1 1 4 7 1 2 0 4 1 4 2 2 7
split_gain=452.564 55.9961 12.1831 6.63294 4.90504 7.96719 4.3231 4.10199 13.6748 12.612 4.83931 4.03981 4.17026 4.01043 3.83512 3.64614 3.3861 3.41066 3.34253 3.10434 3.16494 4.42887 2.99006 2.94246 2.79607 4.50589 2.73815 3.35706 3.28191 2.73515 2.7064 2.75097 2.60118 4.30087 3.07924 3.21486 3.56056 2.56413 2.97725 2.4014 4.75291 2.2653 1.88339 1.84961 3.68096 1.79478 1.74114 2.44386 1.71993 3.20956 2.52443 1.66701 1.66594 3.45977 2.33268 1.60125 1.56978 1.91569 1.55552 1.50811 2.60174 1.97353
threshold=0.41623381558328693 0.65576731082107542 0.44949494949494956 0.77970710046493774 0.51325675675675686 0.58102025506376598 0.32856266612144763 0.7814295977011495 0.62715832601697408 0.85270009643201561 0.24264705882352944 0.3874259381171824 0.55087252292221245 0.33508771929824566 0.86956521739130443 0.095454545454545472 0.95040983606557383 0.16035714285714289 0.97937925170068041 0.87585616438356173 0.75961538461538469 0.32856266612144763 0.81666666666666676 0.13809523809523813 0.42618899527413706 0.21483516483516485 1.0000000180025095e-35 0.5634920634920636 0.72553614411503753 0.31666666666666671 0.18808962264150944 0.20601237842617157 0.73214285714285732 0.80060240963855434 0.88912529550827435 0.12861869313482219 0.53841480580355372 0.87090053763440867 0.94494949494949509 0.84523809523809534 0.1181455633100698 0.25866188769414583 0.070802005012531338 0.31291781611373176 0.33610401800325174 0.15655637254901963 0.7463963349126802 0.5277777777777779 0.33088999725441309 0.78827901658090338 0.94185260311020957 0.67561561561561578 0.38750000000000007 0.7845481670929243 0.90070422535211281 0.75181159420289878 0.90751285588862418 0.34556677890011228 0.97801932367149769 0.95311355311355328 0.72570532915360519 0.61250000000000016
decision_type=2 2 2 2 2 2 2 2 2 2 2 2 2 2 2 2 2 2 2 2 2 2 2 2 2 2 2 2 2 2 2 2 2 2 2 2 2 2 2 2 2 2 2 2 2 2 2 2 2 2 2 2 2 2 2 2 2 2 2 2 2 2
left_child=2 4 7 16 13 14 -7 37 10 -10 -9 12 -4 19 23 -8 17 18 26 24 21 30 32 -6 25 -2 28 39 -3 -16 -21 -32 34 -34 35 36 51 -1 -39 40 46 -5 -38 55 48 -37 47 -28 49 -45 -51 -17 53 -46 -54 -13 57 -33 -12 60 -31 -61
right_child=1 3 11 41 5 6 15 8 9 -11 58 43 -14 -15 29 22 -18 -19 -20 20 -22 -23 -24 -25 -26 -27 27 -29 -30 59 31 56 33 -35 -36 45 42 38 -40 -41 -42 -43 -44 44 52 -47 -48 -49 -50 50 -52 -53 54 -55 -56 -57 -58 -59 -60 61 -62 -63
leaf_value=-0.048707261885802211 0.12195234559019129 -0.043038260660181737 -0.050445886562031673 -0.013336838158875151 -0.054585641867214957 -0.055184698694993921 0.052401171822159448 0.19894343169289103 0.10802110903101647 -0.041491257665665193 -0.050538900035892113 0.052449658346461196 0.0080380221358984077 -0.0452980804532193 -0.053999440346168714 0.018053019163664686 0.05345555387837049 0.043528035241521421 0.04758667571922108 0.060294898261955415 -0.037660631845919661 0.10518334888430525 0.054633227381713272 0.016435689166891584 -0.027270614232504271 -0.050484858556421278 0.030676725272441519 0.043477684708242745 0.020917090833214455 0.042401355989164696 -0.066644058704948717 0.035056252769434401 0.034853704171956719 -0.036541932998189114 0.042519817978325443 0.070705858645029249 0.042445810351847357 0.027679140648730196 -0.053230246787937321 0.032990991743052395 -0.050651600448607864 0.050670316249741811 -0.012715345656165332 0.1268221804729345 -0.051459652412470885 0.021239126115342497 0.055290647450486001 -0.033599958634892367 0.090910136556783122 -0.053646902566329695 0.065436622115551069 -0.052425690129274186 -0.05183528274795024 0.078116994344298418 -0.0027820196277170074 -0.044132818701882619 0.042102591206092686 -0.055468662189549545 0.07937410794340978 0.03649363659112468 -0.012725608198026015 0.0082165090517964997
leaf_weight=286.07582157291472 0.84972406923771504 4.0676488727331144 12.39594108425081 1.3920347243547428 4.7492975443601599 1.5856945328414429 12.673698003403841 0.19869022443891182 3.1475161612033835 2.5558409933000803 19.868527124635879 0.4833463672548558 4.0420296275988212 6.0208215415477744 1.8375609964132298 1.0627580527216212 17.911034803837538 26.567726574838161 9.5069797188043577 2.3924417644739133 2.1265074238181105 1.6214360687881697 6.3228970840573302 2.1046768613159657 10.358623769134281 0.68363661877810955 3.432080261409288 10.892607919871805 3.9575226381421089 2.4899558546021607 1.3104366855695841 1.0676876548677685 3.6249506250023824 5.0451835319399834 13.667994242161511 2.3148663667961946 3.6012647449970245 2.384127300232648 2.1735702566802502 6.4980194866657248 3.8373505175113669 198.12422074005008 2.713334932923317 0.55887249298394071 0.80259768478572313 8.8213848229497653 2.160823829472065 2.5983753427863121 1.3959323158487675 1.1986958514899013 0.70784269180148829 3.9849393367767334 3.2253058422356817 1.4383796295151112 9.7500656014308333 3.8267779815942049 2.5490352148190141 1.2911962000653145 0.23311863839626212 7.0417334251105776 15.241491575725375 49.867127249017358
leaf_count=35550 22 28 1439 12 233 44 173 10 27 127 2208 31 68 406 114 28 301 351 121 13 13 11 85 38 517 73 38 132 27 65 17 29 31 36 165 24 32 48 130 72 29 3541 22 25 42 79 26 22 29 44 14 43 164 28 194 171 24 30 1 79 279 285
internal_value=-0.000649093 0.0315749 -0.0431339 0.0451131 0.00957264 0.0133062 0.0263663 -0.0464122 -0.0273864 0.0410202 -0.0466052 -0.0170699 -0.0360649 -0.00877373 0.0030535 0.0283921 0.0339609 0.0292116 0.0211105 0.000294316 0.0178425 0.0293774 0.0224444 -0.0327768 -0.0179426 0.0450726 0.0143883 0.0214501 -0.0114994 0.00626462 0.0151029 -0.00228415 0.0179051 -0.00669168 0.0238017 0.0124303 -0.00628126 -0.0481145 -0.0109066 0.00849917 -0.00473162 0.0502237 0.0187435 -0.00371945 0.00296395 0.0315217 0.0167804 0.00298148 0.0465626 0.0214528 -0.00943463 -0.0375869 -0.00809978 0.0317096 -0.0149753 -0.0333019 0.0149002 -0.0144949 -0.0490323 0.00774826 -0.00498435 0.0117154
internal_weight=826.432 469.969 356.463 290.946 179.022 148.751 65.419 316.637 26.0037 5.70336 20.3003 39.8258 16.438 30.2715 83.3318 63.8333 91.4302 73.5191 46.9514 24.2507 12.3587 10.2322 51.1596 6.85397 11.892 1.53336 37.4444 29.4193 8.02517 76.4779 8.6108 6.21836 44.8367 8.67013 36.1665 22.4985 11.3623 290.634 4.5577 18.5266 12.0286 199.516 6.3146 23.3878 19.0777 11.1363 8.19128 6.03046 3.86134 2.46541 1.90654 5.0477 15.2163 2.24098 12.9754 4.31012 4.90792 2.35888 20.1016 74.6403 17.7314 56.9089
internal_count=48060 7710 40350 4700 3010 1855 762 38101 2373 154 2219 2249 1507 1155 1093 718 1147 846 495 749 137 124 545 271 612 95 374 319 55 822 113 100 460 67 393 228 125 35728 178 187 115 3553 54 742 540 103 86 60 112 83 58 71 428 70 358 202 83 59 2209 708 344 364
is_linear=0
shrinkage=0.05


Tree=55
num_leaves=63
num_cat=0
split_feature=12 12 12 1 1 2 5 1 5 0 9 3 9 2 6 2 9 4 0 0 4 9 5 3 7 1 7 0 0 11 9 9 1 9 4 7 1 9 3 7 12 12 12 4 3 5 7 1 5 1 2 1 2 12 9 7 7 0 1 12 9 2
split_gain=431.15 53.0208 20.4349 9.33032 6.33876 5.7378 5.62993 5.5753 34.9565 5.1953 4.84394 5.2322 3.38936 5.40197 5.93618 4.65159 3.46116 3.24586 3.18989 2.98925 3.30737 5.03584 4.42241 3.29921 2.86827 2.63352 7.46005 2.49848 3.88908 2.35228 2.84711 4.70264 3.2496 2.28829 2.07739 4.30173 3.84947 2.57686 1.93758 1.9129 3.77583 1.86006 3.38213 1.83115 1.76705 1.68463 2.23701 5.74097 3.78023 3.45539 3.02109 2.9474 4.03926 3.21259 1.83274 2.72756 1.79577 2.49394 2.56853 2.9812 1.73081 1.68541
threshold=0.53841480580355372 0.37461138802301536 0.68182276075382453 0.66583333333333361 0.60063291139240527 0.34549071618037136 1.0000000180025095e-35 0.64051282051282066 1.0000000180025095e-35 0.23845060412224592 0.065942028985507259 0.53390804597701169 0.51389961389961403 0.32856266612144763 0.27922077922077926 0.39369100844510685 0.25962962962962971 0.90064102564102566 0.27812939521800289 0.59850746268656729 0.6401086956521741 0.40175438596491236 0.58571428571428574 1.0000000180025095e-35 0.41428571428571431 0.95861872146118743 0.87301587301587313 0.95040983606557383 0.91596045197740128 1.0000000180025095e-35 0.050641025641025648 0.056079664570230614 0.95040983606557383 0.51389961389961403 0.86453119786453125 0.64583333333333337 0.751623062015504 0.16247642991829042 0.70632463511720489 0.44949494949494956 0.32440830873568754 0.41623381558328693 0.42618899527413706 0.91481481481481486 0.84660633484162906 0.44949494949494956 0.61250000000000016 0.85270009643201561 0.64583333333333337 0.85566901408450702 0.85215543412264738 0.81557067271353001 0.76277056277056288 0.43844543990564816 0.3133928571428572 0.87301587301587313 0.41428571428571431 0.86576576576576592 0.67459677419354847 0.37885717983644052 0.18834459459459463 0.92637759710930456
decision_type=2 2 2 2 2 2 2 2 2 2 2 2 2 2 2 2 2 2 2 2 2 2 2 2 2 2 2 2 2 2 2 2 2 2 2 2 2 2 2 2 2 2 2 2 2 2 2 2 2 2 2 2 2 2 2 2 2 2 2 2 2 2
left_child=1 7 12 9 5 -4 -5 39 38 17 11 29 13 18 16 43 27 41 -2 -8 23 22 24 33 -22 -25 -27 28 -15 -10 32 -32 -31 45 -16 36 37 -36 -9 -1 -41 -3 -43 -14 -12 56 49 -48 -49 50 51 52 53 -47 55 -50 57 58 -21 -60 -57 -51
right_child=2 3 4 6 -6 -7 19 8 10 -11 44 -13 15 14 34 -17 -18 -19 -20 20 21 -23 -24 25 -26 26 -28 -29 -30 30 31 -33 -34 -35 35 -37 -38 -39 -40 40 -42 42 -44 -45 -46 46 47 48 54 61 -52 -53 -54 -55 -56 60 -58 -59 59 -61 -62 -63
leaf_value=-0.049928579792195116 0.0075231139054166805 -0.050713537748774996 0.030744167711060373 0.05132523923213568 0.048734133245033895 -0.058308361949363598 -0.052306428345806927 0.087716880108555495 -0.050441370797079478 -0.041754263203121728 -0.047066938677167901 0.067536342565955698 -0.0045265780258061418 0.0075609109377004257 0.045545664988002249 -0.056541056044603702 0.041864203884123 0.050805924247304325 -0.082589880876201616 0.12082486319904971 0.013523189854055821 0.076873138094384591 0.042873912012727444 -0.047392894244771028 -0.039500281733138874 0.20983150042380211 -0.043665255448536618 0.0097175167316952936 -0.071794450852871547 -0.037136155742743829 0.13796580950959958 -0.050580087089021578 0.069628336232201091 -0.058343717387275056 -0.044175648318466522 -0.019619320104311153 0.054327789380440375 0.035400272330826682 0.16938839104503955 -0.050476102408133883 0.23526954969020647 0.077722786533943281 -0.016101760457918814 0.048916953452040508 0.0028297634390319105 -0.022007338097299437 0.064885011238141846 -0.045327385107808649 -0.038357684148630472 0.02249023769350492 -0.054379034495132331 0.068168743117636099 -0.053481926855774277 0.07702300199082289 0.02869059867383893 -0.0068076126945464978 -0.045669859651514544 0.064090762980158589 0.11396677235291458 -0.051105800411507446 0.028572611182193799 0.075039590685925625
leaf_weight=214.69113285560161 2.1423360602930184 2.6348132188431901 6.5495985075831396 5.1469489615410557 255.38513212278485 2.4989464581012726 2.9065863071009508 1.2784574162214988 5.3027687072753888 25.439029726665467 71.107542125042528 1.7321886792778958 4.1601580809801799 3.5341273443773451 28.811002818867564 3.2729609189555049 6.2140640811994663 2.3358042668551198 1.81330338306725 0.29074048064648961 5.113484821282329 3.0350228203460565 5.44723046850413 7.096772288437931 5.088530451990664 0.40147725865244832 1.047358388081193 17.313141077756882 2.7417412325739861 4.9529153918847442 0.78657406708225586 0.57062558084726334 0.83251205086708058 1.734792293049394 1.9870720282197023 4.3178778365254393 9.8916349075734598 2.0846426216885448 1.6811529546976087 0.34069733787327905 0.17498865583911538 1.1327451625838874 6.3165883757174015 2.6072733104228973 1.8197866668924678 1.4961454356089219 2.8278294224292031 5.9833824699744573 5.3466380983591142 3.0904137436300507 1.9988609896972773 1.9246349446475504 2.3559055011719465 1.8093385249376295 4.2542221322655669 13.444968760013582 3.9078493313863873 1.152689818292856 0.3037005998194221 2.7518587578088045 4.6530829221010199 3.0139301717281342
leaf_count=28229 23 258 55 60 4460 17 197 30 642 2359 8230 52 46 26 348 30 39 15 33 23 44 35 58 473 40 4 71 113 19 287 36 60 5 57 19 44 145 27 20 38 20 33 177 16 32 44 38 87 35 24 48 25 83 23 28 58 211 23 28 204 20 25
internal_value=-0.000734741 -0.0337733 0.0402471 -0.00774203 0.047277 0.00615043 0.000429065 -0.0453263 -0.0348812 -0.0288123 -0.040623 -0.0138811 0.0197949 0.0231974 0.0261287 -0.00760409 0.00866578 -0.00230404 -0.0337856 -0.00240363 -0.000784273 0.01793 0.00649848 -0.00571696 -0.0129237 -0.0348515 0.0265796 -7.96916e-05 -0.0271071 -0.0252131 -0.0064833 0.0586929 -0.0217729 -0.00172325 0.0371804 0.0239969 0.0374844 -0.00343425 0.134109 -0.0496975 0.0464865 -0.014606 -0.00183481 0.0160635 -0.0458218 -0.000102542 0.00324286 -0.00354239 -0.00928728 0.0190327 0.000306728 0.014716 -0.00345566 0.0321994 -0.00150208 -0.00698077 -0.0208746 0.000662656 -0.0211862 -0.0346988 0.00228879 0.0484357
internal_weight=796.08 440.755 355.325 135.483 264.434 9.04854 97.6244 305.271 90.0645 37.859 87.1049 14.1776 90.8913 80.8509 76.8953 10.0404 29.8031 12.42 3.95564 92.4774 89.5709 18.6843 15.6492 70.8866 10.202 8.54561 1.44884 23.589 6.27587 12.4454 7.14263 1.3572 5.78543 62.341 47.0922 18.2812 13.9633 4.07171 2.95961 215.207 0.515686 10.0841 7.44933 6.76743 72.9273 60.6062 52.1994 36.5101 33.6823 15.6892 9.58489 7.58602 5.66139 3.30548 27.6989 23.4447 8.40684 4.49899 3.3463 3.05556 18.0981 6.10434
internal_count=48049 42589 5460 4908 4532 72 2066 37681 9394 2842 9344 1082 928 836 780 92 197 483 56 2006 1809 177 142 1632 84 548 75 158 45 1030 388 96 292 1084 583 235 191 46 50 28287 58 468 210 62 8262 1027 538 266 228 272 223 175 150 67 141 113 489 278 255 232 78 49
is_linear=0
shrinkage=0.05


Tree=56
num_leaves=63
num_cat=0
split_feature=3 1 5 3 2 3 10 1 0 0 7 3 1 2 3 4 3 10 5 9 3 3 1 0 2 0 4 5 5 0 3 1 6 2 1 10 9 10 2 1 1 3 3 9 3 0 1 4 0 3 0 6 4 10 9 2 3 2 9 3 4 2
split_gain=328.642 77.9925 74.3792 9.10086 9.08582 7.5913 12.8164 5.97638 5.08305 4.55327 6.8975 4.50251 5.70165 4.33434 2.9491 5.31156 2.87696 6.93553 2.92912 4.93171 2.58285 6.27856 4.00616 6.39848 4.9909 2.42417 3.634 2.53064 2.29163 5.47073 3.21597 2.97921 2.33136 2.25136 2.43972 2.12693 6.4077 4.11595 3.89337 2.05454 4.10969 1.93033 3.84944 5.28849 1.76278 3.74202 1.76039 1.87741 2.16959 1.72048 1.80986 1.5605 1.53676 5.12628 3.44729 1.4569 8.57157 2.45052 4.65282 1.34173 2.20334 1.98068
threshold=0.76028169014084523 0.60063291139240527 0.44949494949494956 0.85313725490196091 0.31851119894598162 0.60922587486744451 0.5747340425531916 0.85566901408450702 0.25677655677655675 0.94804318488529027 0.5277777777777779 0.50242718446601953 0.95861872146118743 0.94804318488529027 0.53747392071898581 0.57071428571428584 0.97937925170068041 1.0000000180025095e-35 0.86607142857142871 0.031754032258064523 0.70632463511720489 0.71148775894538618 0.36373307543520317 0.27543103448275869 0.45773809523809533 0.88185443668993035 0.88548009367681513 0.58571428571428574 0.080128205128205135 0.53907203907203916 0.83096903096903107 0.91503452605147528 0.5634920634920636 0.22903981264637005 0.33742469879518078 0.059411764705882358 0.3874259381171824 0.021507863089731735 0.5122242098986286 0.74924242424242438 0.85270009643201561 0.83096903096903107 0.85313725490196091 0.17902930402930406 0.97937925170068041 0.18808962264150944 0.27072835547411828 0.70051546391752584 0.21483516483516485 0.58102025506376598 0.91734972677595639 0.63961038961038974 0.73413406214039134 0.22540322580645164 0.44862772695285019 0.86425061425061434 0.64549731182795711 0.86729559748427687 0.19098277608915909 0.93046281372323292 0.86037735849056607 0.85215543412264738
decision_type=2 2 2 2 2 2 2 2 2 2 2 2 2 2 2 2 2 2 2 2 2 2 2 2 2 2 2 2 2 2 2 2 2 2 2 2 2 2 2 2 2 2 2 2 2 2 2 2 2 2 2 2 2 2 2 2 2 2 2 2 2 2
left_child=2 3 7 52 -3 6 11 20 33 10 -7 -4 14 49 15 -13 17 18 19 -6 55 22 -22 -24 -25 -21 -27 -28 30 -30 -19 32 41 44 -35 36 -10 -38 -37 46 -41 -31 43 -43 45 -5 47 48 -23 50 -9 -36 53 -2 -55 -1 57 58 -57 60 -44 -62
right_child=1 4 5 8 16 9 -8 13 35 -11 -12 12 -14 -15 -16 -17 -18 28 -20 25 21 39 23 24 -26 26 27 -29 29 31 -32 -33 -34 34 51 38 37 -39 -40 40 -42 42 59 -45 -46 -47 -48 -49 -50 -51 -52 -53 -54 54 -56 56 -58 -59 -60 -61 61 -63
leaf_value=-0.048922911475175371 -0.04709985693407448 -0.066955637370979426 -0.053497844994117028 0.019208035153101519 -0.066417763128983717 0.054458805182628182 0.0031556913095793907 -0.055458877999458235 -0.045965060969837268 0.048148494853988817 -0.041559175575386291 -0.026611176391275915 0.11603937425906333 -0.036964552063419615 -0.059548367740523904 0.20336206232043957 0.052588487213772517 0.12086847816030687 0.053752307932657499 0.04892887533774188 -0.050575530531688097 0.10591398908933172 0.2827848810682172 -0.05042180918243331 0.10251686433922225 0.056156296504016004 -0.061437757453732748 0.0056703076990439532 -0.06847239087997109 0.047509277241799319 0.054244579967239227 0.049193342838288162 0.047194325771776985 -0.0032517013395831924 0.10924504591863241 -0.045830755344727983 -0.002574843292556043 0.093654049159909866 0.041845511472391017 0.10014060750597718 -0.051762112889385863 0.024471501709556549 0.041352324318624775 -0.075794177945808922 0.031942681727801792 -0.058924128718532615 -0.051371378743041735 -0.050490606836833811 -0.05038113263059283 0.070276221684166709 0.051521920136866885 0.038852519044305374 -0.045627212387127913 -0.050400635469845037 0.14983689175354362 0.20231118016195501 0.29779116733223215 -0.044322046511881208 -0.051569734054598727 0.055302354858947481 0.043879861262615144 -0.011920735382062763
leaf_weight=242.0342967142351 2.6125077824108334 1.8006621138192702 15.715003035962583 4.3140405099838954 2.2337532415986088 3.2267762655392298 90.280030570924282 0.7612728564999991 3.9861637474969047 11.956383012235165 4.4494269117712975 0.92501322040334277 0.8988165920600294 4.0569614982232451 2.2434498970396817 0.34461749438196421 100.06506494805217 2.1573961563408366 3.3443526625633231 3.5788655420765263 1.0651453044265538 0.60630471678451303 0.29778898647055063 0.94830811675637994 1.2193307741545139 2.0833313725888729 2.3127204142510891 3.5785527043044567 1.0843801638111461 8.336745825596152 11.290906472131608 105.30462633818388 23.250216692686081 1.5055297799408425 1.5782968215644362 9.0239357752725464 2.4442714797332883 2.0375160640105605 1.4728630781173695 0.73929022997617599 1.1195630147121847 3.1269067153334644 8.2072610035538691 2.2697390327230096 4.4936918765306473 2.376716953702271 17.43983811698854 0.95245688268914819 0.3503369283862412 1.9470273815095422 0.82245970238000154 1.5709905279800294 21.443066688254476 0.31469058478251088 0.67813456943258643 0.30181317077949277 0.19753270270302969 7.3711543148383498 0.44885490322485566 4.1209468692541114 2.2350122407078734 5.5129396133124828
leaf_count=32293 321 99 1661 50 26 31 1125 19 134 150 32 80 12 173 76 7 1911 20 58 50 125 31 22 121 23 26 19 41 53 116 182 1891 407 46 24 438 40 29 12 6 117 36 92 19 36 71 2124 116 47 15 23 16 2330 42 21 10 4 779 34 57 23 57
internal_value=-0.000731576 0.0344873 -0.0310888 -0.0175666 0.0450166 0.000206411 -0.00488785 -0.0454854 -0.0010262 0.0288548 -0.00119696 -0.0409675 0.00366526 -0.00171048 -0.0250855 0.0358108 0.0457022 0.0421508 0.0117742 0.00159164 -0.0466928 -0.0312803 0.0304558 0.065464 0.0356086 0.0147406 -0.000602498 -0.0206741 0.0450926 0.0434602 0.0649325 0.0442078 0.0350068 0.0198823 0.0491024 -0.0184889 0.000153963 0.0411729 -0.0335284 -0.0415579 0.00865158 0.0266256 0.0197908 -0.0176986 0.00772133 -0.00854638 -0.0463815 -0.000798464 0.0486763 0.0387976 9.81003e-05 0.0741304 -0.040549 -0.0103457 0.0863687 -0.0482158 -0.0276426 -0.0355575 0.0505055 0.0298683 0.0232992 0.00417578
internal_weight=768.466 355.747 412.719 59.8524 295.894 130.04 110.407 282.68 34.804 19.6326 7.6762 20.1269 4.4119 7.58772 3.51308 1.26963 294.094 194.029 17.1316 13.7872 275.092 24.7384 3.53057 2.46543 2.16764 11.5535 7.9746 5.89127 176.897 163.449 13.4483 162.364 57.0598 15.8393 4.65482 18.9648 8.46795 4.48179 10.4968 21.2078 1.85885 33.8096 25.4728 5.39665 11.1844 6.69076 19.3489 1.9091 0.956642 3.53076 1.58373 3.14929 25.0484 3.60533 0.992825 250.354 8.31936 8.12182 0.750668 20.0762 15.9552 7.74795
internal_count=48049 8793 39256 3610 5183 3174 2961 36082 896 213 63 1836 175 230 163 87 5084 3173 220 162 35852 2732 291 166 144 136 86 60 2953 2751 202 2698 807 243 86 653 203 69 450 2441 123 400 284 55 157 121 2318 194 78 57 42 40 2714 384 63 33120 827 823 44 229 172 80
is_linear=0
shrinkage=0.05


Tree=57
num_leaves=63
num_cat=0
split_feature=12 12 12 1 1 1 5 2 0 5 9 3 9 2 6 2 9 12 0 0 3 10 1 2 10 10 9 9 1 0 0 9 7 3 10 1 7 0 10 10 1 7 6 10 10 3 2 3 7 2 3 0 12 10 6 0 7 12 9 5 3 3
split_gain=379.737 50.6516 20.3095 8.19402 6.03665 5.65963 31.1064 5.02722 4.85826 4.84574 4.72466 4.55338 3.1311 4.73544 5.41384 4.17913 3.1562 2.94023 2.9251 2.70477 2.68196 5.03519 2.87498 2.45848 2.33912 2.27343 2.53643 3.70706 2.99668 2.19918 3.42535 2.14843 1.86209 4.17115 1.85932 2.30033 2.74245 3.90191 2.54616 5.32253 1.92858 2.52933 1.8472 1.9171 2.16136 1.7847 1.61349 1.49665 1.90504 4.71338 2.03305 3.15172 1.48803 2.07645 3.97637 2.99134 2.36033 1.45508 2.44036 1.60876 1.43748 1.33555
threshold=0.53841480580355372 0.37461138802301536 0.68182276075382453 0.66583333333333361 0.60063291139240527 0.64051282051282066 1.0000000180025095e-35 0.34549071618037136 0.23845060412224592 1.0000000180025095e-35 0.065942028985507259 0.53390804597701169 0.51389961389961403 0.32856266612144763 0.27922077922077926 0.39369100844510685 0.25962962962962971 0.41623381558328693 0.27812939521800289 0.59850746268656729 0.50242718446601953 0.86956521739130443 0.84871050934880721 0.24828767123287673 0.12861869313482219 0.86956521739130443 0.050641025641025648 0.056079664570230614 0.95040983606557383 0.95040983606557383 0.91596045197740128 0.51389961389961403 0.44949494949494956 0.3980198019801981 0.26726190476190481 0.48873015873015879 0.64583333333333337 0.92637759710930456 0.10300618921308578 0.054299754299754303 0.751623062015504 0.19090909090909094 0.36038961038961043 0.079473684210526321 0.23706512042818914 0.84660633484162906 0.83935483870967753 0.58380149812734095 0.78888888888888908 0.96490147783251234 0.86706827309236967 0.82972848596410509 0.87579263542427721 1.0000000180025095e-35 0.78888888888888908 0.94804318488529027 0.5277777777777779 0.564035962815011 0.15470085470085473 0.86607142857142871 0.70632463511720489 0.99473684210526325
decision_type=2 2 2 2 2 2 2 2 2 2 2 2 2 2 2 2 2 2 2 2 2 2 2 2 2 2 2 2 2 2 2 2 2 2 2 2 2 2 2 2 2 2 2 2 2 2 2 2 2 2 2 2 2 2 2 2 2 2 2 2 2 2
left_child=1 5 12 8 7 32 60 61 17 -5 11 25 13 18 16 -14 29 -3 -2 -11 21 -21 24 42 -22 -8 28 -28 -27 30 -15 -23 -1 -34 35 -16 40 -38 39 -39 41 -37 -19 -44 -45 -12 -13 -24 49 50 51 -49 53 54 55 56 -6 -31 59 -59 -7 -4
right_child=2 3 4 9 52 6 10 -9 -10 19 45 46 15 14 34 -17 -18 23 -20 20 22 31 47 -25 -26 26 27 -29 -30 57 -32 -33 33 -35 -36 36 37 38 -40 -41 -42 -43 43 44 -46 -47 -48 48 -50 -51 -52 -53 -54 -55 -56 -57 -58 58 -60 -61 -62 -63
leaf_value=-0.049846291614187514 0.0067669816836337382 -0.050681923373887695 -0.00081838805335323478 0.049563095052652828 0.012582788847982607 0.084460943476462977 -0.050400153597828339 -0.053934112771254594 -0.040937043874665659 -0.052082775631375158 -0.04669489869336594 0.0034670438527130859 0.014795115378454069 0.0072803285205088946 -0.029600863097761044 -0.054454106367032518 0.039720230185046598 -0.051081185994683503 -0.08088023631063497 -0.051877437079021364 -0.042834104014565888 1.3457917184780126e-05 0.077208311745020644 0.081001853432538851 0.01425782569782898 -0.035959640292324312 0.11691304078149488 -0.050548100035756195 0.068403504928233522 -0.016854885599386759 -0.066976857903310774 -0.058105438509769083 -0.050475555849269264 0.25277830768252968 0.060289444593483038 0.053277869933245563 -0.036833538687671079 0.055349331477143639 0.054976929545903247 -0.0511973377278662 0.052225320426450596 -0.010042279554062462 -0.027273682108682681 0.06015938311529221 -0.0061727266458629186 0.0040503647206050668 0.10301721464875985 -0.048980631507868376 0.053272498254950708 -0.038030796419935668 0.076298407502527588 0.052554466376897327 0.05224855341032713 0.04706095937139991 0.052962093185777992 0.030680095676840768 -0.061717639291751183 0.053078966975068809 -0.023397469730741749 0.012372534315675143 0.1546061229457372 0.046880651800924447
leaf_weight=194.99763715360314 2.1392716839909549 2.4604410179890683 2.2979554682970029 4.7590104350820175 2.1654872968792915 1.2784922197461122 4.8098834413103742 2.5092670433223248 23.55134469922632 2.6381674706935874 65.260875257663429 0.67433968978002568 6.579481906257568 3.5036185318604174 1.4851438542827953 3.2572940830141306 6.2162076309323302 1.396505237556992 1.7151204003021119 5.3993831095285705 3.1538161532953408 60.071907519828528 1.4137981641106296 1.0976690519601096 4.1612712736241519 4.7647284991107881 0.88201866298913933 0.52849579090252519 0.80388755351304997 4.1459837667644051 2.7893953174352646 1.6333425659686316 0.36335141025483508 0.16483173985034227 6.525346226990222 3.0059514604508903 2.8240556791424725 2.4128209091722965 4.9569897577166557 2.2795175611972809 17.697974503040314 3.3178721070289612 2.1759140444919467 2.6200931984931231 2.3114547692239285 1.7799211814999569 1.0267846123315392 1.2412418527528628 3.6217658147215834 3.1992674004286528 2.1488140150904655 1.9889825135469434 110.29482838511467 105.02478717267513 9.3190015070140362 5.9771468676626682 2.1107496507465839 4.0630596950650197 2.8831850513815871 6.0285027213394642 1.7036063522100446 4.0608318038284779
leaf_count=28229 23 260 16 60 22 30 642 17 2359 197 8230 42 62 26 41 30 39 92 33 457 42 1027 42 21 41 287 36 60 5 24 19 57 41 17 91 29 18 31 67 23 252 31 49 41 20 32 10 39 40 27 17 20 2268 1883 182 87 18 27 16 46 20 39
internal_value=-0.000724989 -0.0328963 0.0390622 -0.00725419 0.0464899 -0.0449386 -0.0340428 0.00599441 -0.0277208 0.000383683 -0.039915 -0.0129167 0.018447 0.0217998 0.0246091 -0.00813568 0.0080494 -0.00191607 -0.0322341 -0.00219755 -0.000702607 -0.00557642 0.0149243 0.0105803 -0.0103567 -0.0239514 -0.00572337 0.0541682 -0.0208937 -0.000359015 -0.0256344 -0.00152495 -0.0495923 0.0441618 0.0356338 0.0313977 0.03388 0.0148591 0.0299879 0.00358942 0.0437567 0.0200562 0.00149047 0.01182 0.029069 -0.0453476 0.0635547 0.0285085 0.0228649 0.0100269 0.0386099 0.0135387 0.0480188 0.0442745 0.0293225 0.0078371 -0.0240919 0.00893137 0.0171712 0.0287617 0.124533 0.029643
internal_weight=741.67 410.083 331.587 131.044 243.76 279.039 83.513 8.86805 35.6134 95.4308 80.5309 13.4901 87.8268 77.99 74.1356 9.83678 29.63 12.0621 3.85439 90.6718 88.0336 67.1046 20.929 9.60164 7.31509 11.789 6.97913 1.41051 5.56862 23.4137 6.29301 61.7053 195.526 0.528183 44.5057 37.9803 36.4952 12.4734 9.64933 4.69234 24.0218 6.32382 8.50397 7.10746 4.93155 67.0408 1.70112 13.6139 12.2001 8.57831 5.37904 3.23022 234.892 124.597 19.5724 10.2534 4.27624 17.1207 12.9747 10.0916 2.9821 6.35879
internal_count=48049 42589 5460 4908 4532 37681 9394 72 2842 2066 9344 1082 928 836 780 92 197 483 56 2006 1809 1541 268 223 83 1030 388 96 292 158 45 1084 28287 58 583 492 451 139 121 54 312 60 202 110 61 8262 52 185 143 103 76 59 4460 2192 309 127 40 113 89 73 50 55
is_linear=0
shrinkage=0.05


Tree=58
num_leaves=63
num_cat=0
split_feature=3 5 1 3 2 6 10 3 1 1 9 0 2 10 1 3 10 5 9 3 3 1 0 2 5 7 2 0 4 9 3 10 10 4 1 1 4 5 5 9 3 3 10 1 10 3 1 1 4 10 1 4 10 6 10 4 10 4 7 6 6 0
split_gain=289.501 70.5041 69.4045 8.41397 8.22843 6.59852 6.97896 9.32412 5.62101 4.62803 6.65967 4.37357 3.8349 3.14853 3.11776 3.06709 6.69556 2.75578 4.32849 2.5862 5.94835 3.49819 3.91035 4.22323 2.58367 2.77283 2.89491 2.28467 3.3312 2.68093 2.20302 3.18732 4.58583 4.98604 4.06782 3.69763 2.38739 2.1717 4.74159 2.81008 2.71019 2.27605 2.10638 3.36389 1.95105 1.94366 1.88015 3.6315 1.84154 1.8365 1.76185 1.69707 1.80175 1.65745 2.05608 2.79324 2.75298 2.8327 2.78341 2.0228 1.51965 2.69857
threshold=0.76028169014084523 0.44949494949494956 0.60063291139240527 0.85313725490196091 0.31851119894598162 0.27922077922077926 0.50362318840579723 0.50242718446601953 0.85566901408450702 0.93361581920903958 0.063164893617021281 0.33508771929824566 0.94804318488529027 0.20550527903469082 0.87596153846153857 0.97937925170068041 1.0000000180025095e-35 0.86607142857142871 0.031754032258064523 0.70632463511720489 0.71148775894538618 0.36373307543520317 0.27543103448275869 0.45773809523809533 0.31666666666666671 0.16025641025641027 0.5122242098986286 0.88185443668993035 0.88548009367681513 0.15075757575757578 0.97937925170068041 1.0000000180025095e-35 0.059411764705882358 0.83449741315594983 0.34205263157894739 0.33742469879518078 0.88024390243902451 0.080128205128205135 0.22649572649572652 0.031754032258064523 0.83096903096903107 0.94360822556709789 0.1181455633100698 0.89932432432432441 0.1181455633100698 0.82426470588235301 0.74924242424242438 0.85270009643201561 0.99473684210526325 0.12861869313482219 0.27072835547411828 0.70051546391752584 0.10566188197767147 0.51666666666666672 0.16035714285714289 0.82723908918406075 0.15184453227931491 0.86972236773179679 0.58571428571428574 0.39230769230769241 0.51666666666666672 0.73375527426160347
decision_type=2 2 2 2 2 2 2 2 2 2 2 2 2 2 2 2 2 2 2 2 2 2 2 2 2 2 2 2 2 2 2 2 2 2 2 2 2 2 2 2 2 2 2 2 2 2 2 2 2 2 2 2 2 2 2 2 2 2 2 2 2 2
left_child=1 8 3 -2 -4 6 7 -3 19 10 -9 30 -10 14 -12 16 17 18 -6 -1 21 -21 -23 -24 25 26 48 -20 -29 -30 31 -5 33 -33 35 36 -34 40 60 -40 -18 45 43 -7 -36 -41 50 -48 -13 -11 51 52 -22 54 56 -56 57 59 -59 -47 61 -39
right_child=2 5 4 11 15 42 -8 9 12 49 13 24 -14 -15 -16 -17 37 -19 27 20 46 22 23 -25 -26 -27 -28 28 29 -31 -32 32 34 -35 44 -37 -38 38 39 41 -42 -43 -44 -45 -46 53 47 -49 -50 -51 -52 -53 -54 -55 55 -57 -58 58 -60 -61 -62 -63
leaf_value=-0.047995961621498523 -0.03974207822704609 -0.053624176006759942 -0.066402758725885316 -0.050488755894077669 -0.061594351412261494 -0.033789230932861035 0.0030282653912016002 -0.11184267120511958 0.037597520007576039 0.0095543885516912661 -0.059198806363966842 -0.052914279494824357 -0.03549518226141983 0.10872459030513359 0.046953803095057298 0.052247437048988356 0.11658005848915121 0.053430265925785286 0.047972999672627609 -0.050530943059158479 0.094007231247435818 0.20908455175263183 -0.050383412017220366 0.093511728889889109 0.057044476887542633 -0.13005258710391696 0.045530138749607797 0.055685256843973664 -0.062127438292432002 0.0070652768688797621 0.032441252971566449 0.16778663441176991 -0.030450384873533017 0.024900316583591507 0.017656554502583764 0.089178685303244687 0.03946892551641687 -0.038264437713445655 0.051627153453473511 0.052283683258708337 0.053752236287511496 0.050767311035785023 0.055967864821109728 0.042236287013341332 -0.057419249050365134 -0.0046950104620465611 0.095969520628901392 -0.051620439865664849 0.026565022836634495 0.066985172239849899 -0.051296003000599402 -0.050447314905510722 -0.050523498229288505 0.040270955450313561 0.0024589103886919271 0.045784909780475544 -0.0536623131720299 0.034135176786004716 -0.04516757851421449 0.052169485411168615 -0.062883746628567133 0.079467861916982963
leaf_weight=228.28633022354916 23.216049559414387 14.092216736637058 1.674434961285441 2.6242461977526608 2.2907156944274929 2.2800838723778707 90.238795630633831 1.5681877206079642 3.3436005841940633 2.6460729530081153 1.5299652754329152 5.521467014215883 3.8733297982253134 0.68063259730115522 1.2624792135320602 91.26533892378211 2.0593504905700675 3.0832508578896514 3.4103802372701448 0.97019506245851816 0.64692467637360695 0.37979470379650626 0.86121944757178459 1.2500142110511658 0.77020255476236421 0.75481520360335697 1.0968767702579496 1.9454844109714029 2.28665591776371 3.6100398860871792 7.6847187317907801 0.83366308268159572 2.8241087547503394 2.2811918132938445 1.1272752168588338 1.5068657011725006 2.1505606230348349 1.225584697909653 63.964998857118189 10.341196238994597 10.308988045901058 23.957769531756639 6.0863019358366728 4.0208176076412201 3.7249126727692783 2.2614765129983443 0.7051345147192466 1.0192117872647941 0.83963354676961888 2.9371399735100567 15.934569306205956 0.86628284212201834 0.32344172988086939 18.654305137693882 5.3263906035572317 12.335285935550926 1.6502544358372677 1.7823294475674627 2.9179204069077969 5.0700780572369695 1.1777919093146918 0.8073536967858671
leaf_count=33120 2714 1642 99 81 26 15 1146 33 57 44 66 300 173 28 26 1911 20 58 50 125 37 22 121 23 8 8 6 26 25 35 73 18 143 61 21 20 27 60 1297 155 182 488 75 57 126 20 6 117 4 42 2124 116 41 337 60 174 12 21 35 69 16 7
internal_value=-0.000717105 -0.0301343 0.0336367 -0.0165745 0.0440967 0.000316835 -0.00341935 -0.0269591 -0.0451376 0.00840923 -0.0263193 -0.000633483 -0.00163137 0.0122968 -0.0112066 0.0447776 0.0410001 0.0107675 0.00105496 -0.0463873 -0.0303903 0.0300137 0.0613839 0.0348137 -0.0305186 -0.0387303 -0.0294877 0.0138087 -0.0010486 -0.0197667 0.01021 0.000203395 0.00941044 0.0631426 -0.0053568 0.0205608 -0.000224112 0.044068 0.0424231 0.0437249 0.0642132 0.0377287 0.0349893 0.0147252 -0.0399774 0.0325517 -0.0411144 0.00873332 -0.0424234 0.0397668 -0.0459511 0.000420628 0.0458324 0.0284705 0.0214474 0.0327187 0.00689764 0.0152039 -0.0150961 0.0346292 -0.0176912 0.00849134
internal_weight=716.167 385.803 330.364 56.9566 273.407 127.343 114.955 24.7167 258.46 10.6245 5.04126 33.7405 7.21693 3.47308 2.79244 271.733 180.468 16.6265 13.5433 251.243 22.9568 3.46122 2.49103 2.11123 8.983 8.21279 7.45798 11.2526 7.84218 5.8967 24.7575 17.0728 14.4486 3.11485 11.3337 6.48154 4.97467 163.841 151.473 148.262 12.3683 84.297 12.3872 6.3009 4.85219 60.3392 19.4956 1.72435 6.3611 5.58321 17.7712 1.83665 0.970366 49.998 31.3437 17.6617 13.6821 12.0318 4.70025 7.33155 3.21073 2.03294
internal_count=48049 39256 8793 3610 5183 3174 3027 1881 36082 239 153 896 230 120 92 5084 3173 220 162 35852 2732 291 166 144 326 318 310 136 86 60 570 497 416 79 337 190 170 2953 2751 2668 202 1371 147 72 147 883 2441 123 304 86 2318 194 78 728 391 234 157 145 56 89 83 67
is_linear=0
shrinkage=0.05


Tree=59
num_leaves=63
num_cat=0
split_feature=12 12 12 1 1 5 1 9 0 2 5 3 9 2 7 0 2 3 12 0 0 12 3 10 1 10 5 9 0 2 10 9 10 10 7 12 1 9 5 5 0 3 7 6 10 10 10 12 10 6 0 7 7 0 2 9 3 0 12 5 2 2
split_gain=334.744 48.2925 19.9241 7.18164 5.75263 27.6526 5.74677 4.62213 4.54063 4.40897 4.19146 4.15326 2.89123 4.11621 5.12588 5.59862 3.81988 3.32861 2.70491 2.68756 2.45106 2.38042 2.19463 4.6154 2.63792 2.18613 2.35469 3.71856 2.14926 2.13023 2.03533 2.01781 1.95751 3.2832 1.84011 3.58579 1.82564 3.46316 2.3642 3.65501 2.23133 1.7556 3.69513 1.66487 1.71579 1.86454 1.599 1.58955 2.06312 3.79435 2.65364 1.89757 1.53675 2.00327 1.43926 1.3492 1.32434 5.2999 8.78489 1.2683 1.26218 2.59179
threshold=0.53841480580355372 0.37461138802301536 0.68182276075382453 0.66583333333333361 0.64051282051282066 1.0000000180025095e-35 0.60063291139240527 0.065942028985507259 0.23845060412224592 0.34549071618037136 1.0000000180025095e-35 0.53390804597701169 0.51389961389961403 0.32856266612144763 0.73214285714285732 0.99333333333333351 0.39369100844510685 0.53633392004023139 0.41623381558328693 0.27812939521800289 0.59850746268656729 0.564035962815011 0.50242718446601953 0.86956521739130443 0.84871050934880721 0.86956521739130443 0.44949494949494956 0.050641025641025648 0.9418526031102098 0.24828767123287673 0.12861869313482219 0.51389961389961403 0.10300618921308578 0.054299754299754303 0.44949494949494956 0.33844985485177664 0.751623062015504 0.26598639455782319 0.31666666666666671 0.087121212121212141 0.51744421906693727 0.70299970299970316 0.31666666666666671 0.36038961038961043 0.079473684210526321 0.23706512042818914 0.15450928381962867 0.87579263542427721 1.0000000180025095e-35 0.78888888888888908 0.94804318488529027 0.5277777777777779 0.58571428571428574 0.95040983606557383 0.83935483870967753 0.3133928571428572 0.86706827309236967 0.23166368515205729 0.33189421468876884 0.81666666666666676 0.74543037554004665 0.82972848596410509
decision_type=2 2 2 2 2 2 2 2 2 2 2 2 2 2 2 2 2 2 2 2 2 2 2 2 2 2 2 2 2 2 2 2 2 2 2 2 2 2 2 2 2 2 2 2 2 2 2 2 2 2 2 2 2 2 2 2 2 2 2 2 2 2
left_child=1 4 12 8 34 46 9 11 18 -4 -5 25 13 19 36 -16 -14 21 -3 -2 -12 -17 23 -22 30 -7 -27 28 -28 43 -24 60 33 -19 56 -36 37 38 39 40 -15 -9 -43 -20 -45 -46 -6 48 49 50 51 -8 55 -54 -13 -38 -1 58 -58 -23 -25 -62
right_child=2 3 6 10 5 7 47 41 -10 -11 20 54 16 14 15 17 -18 32 29 -21 22 59 24 31 -26 26 27 -29 -30 -31 -32 -33 -34 -35 35 -37 52 -39 -40 -41 -42 42 -44 44 45 -47 -48 -49 -50 -51 -52 -53 53 -55 -56 -57 57 -59 -60 -61 61 -63
leaf_value=-0.050317193090740488 0.0069240935056965065 -0.050626223146500393 0.028549029014438107 0.047903033925565691 0.082638769401064946 -0.050362764153331546 0.011280798703490157 -0.047063430431374668 -0.04006943310003537 -0.050263027220012982 -0.051881359137258803 0.0056963755472803522 0.013895180136424582 -0.048533711656346595 -0.050201794307720031 -0.031064202985245988 -0.052436214071408575 0.054965612020362299 -0.05098078614190249 -0.078499770537685878 -0.051731183018628779 0.029913549306879641 -0.041429593054970647 0.024374902150107642 0.027001361675877845 -0.050584990313163082 -0.035870800216217316 0.10161524932356447 0.042001253135108448 0.07565263255590278 0.012378920746731786 -0.057868216087713344 0.054636316022410494 -0.031330819322859693 -0.050450622622322562 0.22272400566203224 0.054601851871001833 0.053493997593597291 0.022512144670234178 -0.099841865846289304 0.063899230875558863 -0.049082693651628109 0.050740809198112941 -0.026742250627960668 0.056028513536199913 -0.0056830892109024601 0.15590675679210808 0.051941543419205309 0.046264955072409665 0.052673166750614203 0.029473186961929566 -0.055192255310444784 -0.0011090236966360748 0.044414719155972088 0.10168488333003477 0.01932177328918239 -0.050659172307944478 -0.050704805283479329 0.33903386884093423 -0.0031560504631732884 -0.034754290239851063 0.0015564907962811361
leaf_weight=174.43419308634475 2.1017871145159002 2.2514501176774493 6.1282867006957513 4.4105379581451407 1.6696665063500398 4.3544195597060007 2.1145052723586559 57.716587235685438 21.885704049840569 2.4978736974298954 2.3994433279149225 0.65492797782644518 6.4813842680305225 0.8471764419227823 3.6663521118462112 4.2231841534376171 3.2632383527234197 2.1823369711637479 1.2696426319889704 1.6385608389973638 4.9053680151700965 5.5933727473020536 3.0749806696549085 4.9235615371726444 13.170807100366799 2.0040708119049668 2.4817180009558801 0.96617969777435053 1.3780958354473112 1.1036498174071301 4.1014689970761538 1.5385853443294752 6.4305159896612167 2.2268242426216602 0.35010953806340595 0.1828750129789114 17.104423165321357 4.0866856146603823 3.6256379224359989 1.3234406961128113 0.92103676870465279 2.5538705117069176 1.4553399668075142 2.0871303956955671 2.634650357067585 2.2860128749161959 1.3441495262086389 100.53971906378865 96.935446515679359 8.4861078150570393 5.7505293339490891 2.1809684634208679 4.2184228859841806 5.6577061489224434 0.96728219650685787 3.2200873866677275 0.33501431439071838 2.2694666511379182 0.2544733677059412 6.0198098570108414 5.4565563020296386 49.459935301914811
leaf_count=27926 23 260 55 60 25 642 22 7989 2359 17 197 42 62 28 23 21 30 30 92 33 457 29 42 177 185 279 72 28 9 21 41 57 98 23 42 16 258 48 37 13 12 259 14 49 41 20 25 2268 1883 182 87 18 37 53 10 33 31 260 12 37 308 542
internal_value=-0.000708675 -0.0319999 0.0379504 -0.00679741 -0.0445295 -0.0331654 0.0457468 -0.0391694 -0.0266528 0.00572745 0.000324898 -0.0118336 0.0173056 0.0206309 0.0233113 0.00773164 -0.0083176 0.015694 -0.00141039 -0.0304981 -0.0020321 0.00108162 -0.000651415 -0.00506063 0.0137122 -0.0226776 -0.0050273 0.0138913 -0.00806761 0.0104014 -0.0106771 -0.00133073 0.0370422 0.011382 -0.0494851 0.0432797 0.0348398 0.0172007 -0.00487949 -0.0370022 0.010031 -0.044841 -0.0128468 0.00170125 0.011246 0.0273589 0.115316 0.047345 0.0433427 0.0280571 0.0072633 -0.02247 0.0411501 0.02497 0.0629319 0.0490123 -0.049764 -0.0160091 0.117566 0.0127716 0.000122936 -0.00205138
internal_weight=691.797 382.332 309.465 126.959 255.372 77.5463 224.633 74.5325 33.5182 8.62616 93.4412 12.8067 84.832 75.0874 71.347 30.3424 9.74462 26.676 11.6325 3.74035 89.0307 15.8364 86.6313 66.284 20.3473 11.1845 6.83006 4.82599 3.85981 9.38109 7.17645 61.3786 10.8397 4.40916 177.826 0.532985 41.0046 10.804 6.71729 3.09165 1.76821 61.7258 4.00921 8.27744 7.00779 4.92066 3.01382 216.007 115.468 18.5321 10.046 4.29547 30.2006 9.87613 1.62221 20.3245 177.293 2.85895 0.589488 11.6132 59.8401 54.9165
internal_count=48049 42589 5460 4908 37681 9394 4532 9344 2842 72 2066 1082 928 836 780 261 92 238 483 56 2006 87 1809 1541 268 1030 388 109 81 223 83 1084 151 53 28287 58 519 138 90 53 40 8262 273 202 110 61 50 4460 2192 309 127 40 381 90 52 291 28229 303 43 66 1027 850
is_linear=0
shrinkage=0.05


Tree=60
num_leaves=63
num_cat=0
split_feature=0 6 3 1 1 5 9 3 9 3 3 5 5 3 2 1 4 5 1 9 9 1 9 9 9 2 7 2 1 6 10 3 3 9 9 9 4 3 9 7 7 3 6 4 9 9 1 1 10 4 10 2 3 5 10 3 3 1 2 9 9 2
split_gain=226.73 62.2106 53.6266 10.1621 8.31462 7.5495 6.41199 8.1649 6.79446 5.72837 12.393 5.38166 4.98296 4.96245 7.72631 4.85209 4.70098 5.05297 4.00136 4.41619 3.95498 3.77903 4.28872 3.63707 3.76614 3.13658 5.45878 5.82222 4.28632 2.61048 2.57237 2.59343 4.07198 3.03057 5.3525 2.53808 2.49191 4.49197 3.64093 4.65772 6.24929 3.28781 2.88426 2.37763 3.65089 2.31146 2.59335 2.30879 2.30666 2.89116 2.18146 2.8152 2.5068 2.17922 2.13988 2.11917 2.10144 2.04743 1.9581 3.49519 1.94635 1.92367
threshold=0.77058029689608654 0.26969696969696971 0.82426470588235301 0.53479313380281701 0.85566901408450702 0.44949494949494956 1.0000000180025095e-35 0.97937925170068041 0.029857397504456332 1.0000000180025095e-35 0.50242718446601953 0.080128205128205135 0.22649572649572652 0.70632463511720489 0.45773809523809533 0.90064102564102566 0.67561561561561578 0.080128205128205135 0.77581480353335375 0.14854215918045707 0.32529069767441871 0.95040983606557383 0.04819976771196284 0.042572463768115944 0.087595907928388769 0.82842724978973936 0.58571428571428574 0.85215543412264738 0.85566901408450702 0.5634920634920636 0.12933094384707292 0.933879781420765 0.81302966101694929 0.25962962962962971 0.34833164812942369 0.76393188854489169 0.86037735849056607 0.88493064312736458 0.16823899371069184 0.84523809523809534 0.44949494949494956 0.94360822556709789 0.39230769230769241 0.87681770284510019 0.15075757575757578 0.68042553191489374 0.38494256756756756 0.17519181585677754 0.20550527903469082 0.6401086956521741 0.16247642991829042 0.95311355311355328 0.84660633484162906 0.44949494949494956 0.26365441906653431 0.96249413970932973 0.77836257309941526 0.5692105263157895 0.78319623971797903 0.065942028985507259 0.18301435406698566 0.99333333333333351
decision_type=2 2 2 2 2 2 2 2 2 2 2 2 2 2 2 2 2 2 2 2 2 2 2 2 2 2 2 2 2 2 2 2 2 2 2 2 2 2 2 2 2 2 2 2 2 2 2 2 2 2 2 2 2 2 2 2 2 2 2 2 2 2
left_child=2 5 4 20 13 15 -3 8 -8 18 -11 -5 -13 53 29 -2 -16 57 19 23 47 22 -12 -7 -25 58 27 -27 -29 -15 36 32 -32 50 -35 45 42 -38 39 40 -39 -41 60 44 -14 55 -47 -4 49 -24 51 -34 -52 61 -50 -22 -19 -18 59 -20 -10 -1
right_child=1 6 3 11 -6 9 7 -9 30 10 21 12 43 14 16 -17 17 56 25 -21 35 -23 48 24 -26 26 -28 28 -30 -31 31 -33 33 34 -36 -37 37 38 -40 41 -42 -43 -44 -45 -46 46 -48 -49 54 -51 52 -53 -54 -55 -56 -57 -58 -59 -60 -61 -62 -63
leaf_value=-0.048742577493401981 -0.042305243045494198 0.051196495577990379 0.082020182747293141 0.049474315641181349 0.084221976296573187 0.001116846413493508 -0.08226020724125313 0.05255822288406109 0.034072234103262294 -0.054247782094690583 -0.063851378596052263 -0.040022485228576592 0.045499113037937043 -0.039386657594248392 0.14595513431180582 0.028765846949502717 -0.007773852633825966 -0.063010868508376269 0.10733334986865568 -0.050980710196353508 -0.010275152367289764 0.062248121232720402 -0.043440846163309565 0.21765824480467294 0.072699030896760442 0.13472394076119465 0.0040801574671679823 -0.052383322868013941 0.04481027543318971 0.10289730242303441 0.05825316848727087 0.052598908705284331 -0.050002985695008897 -0.065651120431225007 0.027099368764440968 0.051864296001828694 -0.053417252285971328 -0.051150125764975678 0.035643039679854542 -0.087178995098283002 0.04605134047961814 0.0027733341002818789 0.046368503390841843 0.046295724496409604 -0.044107591064796392 -0.0047299284318469102 -0.10840586764648752 -0.038628450811137589 0.13147744270715903 0.03230199839073844 0.00076655104923374141 0.033194936252882043 0.054048437546367512 -0.017362771319581215 0.021937194916797548 0.025046796405819451 0.0096624755122954667 0.097545807088456241 -0.055355694168894291 -0.05213233596027024 -0.024653816752523663 0.0022313813326906534
leaf_weight=192.91294472571462 16.043284325860444 96.461078491061926 0.41099346522241731 15.507098599802704 1.268656332977115 0.7824061196297406 1.4276260063052166 42.04270737990737 2.7158451345749226 12.190965419169517 2.0396305173635465 4.044869063422083 2.1544439047574979 33.574761997908354 0.66967627592384715 2.8242649827152482 0.65204900130629573 2.0211208290420477 0.59740160591900238 0.68075487203896035 12.394314856268474 3.3324030013754955 2.1255842340178788 0.73584240861237038 1.145717831328511 1.5161956790834645 63.352198367007077 1.3776775766164062 6.4227160979062319 0.32549002440646191 7.8604682893492308 15.6292732283473 1.7900313697755361 2.7306639291346064 3.6143177263438702 2.2373420679941765 2.5609503425657776 2.2980830501765031 12.11491312459111 2.2453845851123324 5.896114107221365 1.8550955951213834 12.955729230772702 5.8973610103130341 2.4063929975964129 1.3890358638018363 1.066142260096967 11.269779422786085 0.75109282229095686 3.0934190452098846 3.0205572694540015 2.3537521250545979 8.2009784579277021 5.8817117814905933 1.097038618288934 6.4593808101490131 1.9587822584435342 1.5787249868735669 3.1476486064493656 0.80887111276388168 2.9364057229831815 1.8687897361814965
leaf_count=31154 1822 2157 3 294 10 20 27 964 36 1561 36 80 23 4702 9 35 66 122 8 42 534 50 102 22 26 38 523 57 78 34 118 349 19 32 56 33 25 33 193 28 108 35 207 105 26 27 28 691 16 26 38 37 150 281 24 57 58 14 99 45 35 223
internal_value=-0.00123815 0.026009 -0.0326284 0.00761723 -0.0434458 -0.00254279 0.0413629 0.0342972 0.0259708 0.00268068 -0.0184216 0.0289977 0.00710346 -0.0441166 -0.0282159 -0.0316667 0.0200928 0.00652154 0.00913181 0.0626728 -0.010597 0.0166898 1.87698e-05 0.0917161 0.12939 0.00681281 0.00933539 0.0450706 0.0276443 -0.0380205 0.0276729 0.0361249 0.0274177 0.0162534 -0.0128173 0.00120297 0.0192912 0.00958025 0.0161897 -0.00297924 0.0187909 -0.0464837 0.0333663 0.0253301 -0.00177926 -0.00411626 -0.0497504 -0.0343834 0.0184522 0.00145362 0.0282579 -0.0027449 0.0397063 -0.0473481 0.0664551 0.00182634 -0.0272434 0.0667612 -0.033441 0.0156106 0.00356341 -0.0482535
internal_weight=662.725 354.775 307.95 65.2372 242.713 124.065 230.71 134.249 92.2062 105.198 24.6301 30.0102 14.5031 241.444 40.7806 18.8675 6.88035 6.21068 80.5674 3.34472 35.227 12.4392 9.10677 2.66397 1.88156 77.2227 72.6688 9.31659 7.80039 33.9003 90.7786 45.2 29.5708 21.7103 6.34498 23.5462 45.5785 26.9705 24.4096 12.2947 8.1942 4.10048 18.608 10.4582 4.56084 21.3089 2.45518 11.6808 7.06713 5.219 15.3653 4.14378 11.2215 200.663 1.84813 18.8537 3.9799 2.23077 4.55392 1.40627 5.65225 194.782
internal_count=47851 9277 38574 1901 36673 4630 4647 2490 1526 2773 1815 528 234 36663 5005 1857 269 260 958 110 1373 254 204 68 48 848 696 173 135 4736 1499 799 450 332 88 679 700 422 397 204 141 63 278 154 49 646 55 694 168 128 244 56 188 31658 40 591 180 80 152 53 71 31377
is_linear=0
shrinkage=0.05


Tree=61
num_leaves=63
num_cat=0
split_feature=12 12 5 1 12 9 1 10 12 1 5 1 9 10 6 3 3 10 2 7 1 4 10 1 4 9 1 4 1 12 3 4 9 10 10 12 9 7 9 9 9 9 10 9 7 1 9 1 1 1 9 1 4 12 1 7 1 9 10 10 1 7
split_gain=282.232 42.6177 13.2597 8.33495 6.77282 5.08761 4.51296 4.1762 4.12497 3.7323 10.1686 5.96083 3.24211 2.96637 3.16575 3.1425 2.74621 5.95245 3.48006 4.22962 3.27706 3.18587 3.52539 2.59926 3.16027 2.82533 2.47928 3.48174 3.11709 3.72515 2.44706 4.33815 2.60039 2.49343 3.61838 4.09939 3.92462 10.0938 2.43781 2.72022 4.65856 2.3099 2.26312 2.09706 2.07195 2.912 2.54112 2.48669 2.48494 2.36943 2.53575 2.36926 2.04477 2.00292 4.05839 1.96441 1.9247 1.90078 3.15019 2.40734 3.04699 4.37135
threshold=0.41623381558328693 0.72553614411503753 0.44949494949494956 0.51835016835016845 0.53841480580355372 0.15470085470085473 0.90064102564102566 0.026671408250355622 0.34688198539073856 0.57071428571428584 1.0000000180025095e-35 0.57841614906832306 0.1856158484065461 0.23582887700534763 0.19375000000000003 1.0000000180025095e-35 0.74862637362637374 0.21913109756097562 0.77871939736346529 0.58571428571428574 0.95040983606557383 0.97801932367149769 0.021507863089731735 0.51835016835016845 0.71669952126161662 0.13840996168582378 0.87090053763440867 0.88548009367681513 0.30068493150684938 0.42618899527413706 0.94360822556709789 0.93563184374075181 0.098780487804878067 0.12599206349206352 0.16247642991829042 0.79559063107394368 0.25962962962962971 0.81666666666666676 0.23606811145510839 0.267479674796748 0.29679679679679688 0.42724867724867727 0.2561121049493143 0.12372448979591838 0.34848484848484856 0.93361581920903958 0.033908045977011504 0.87981481481481494 0.96178188899707895 0.80759615384615391 0.059714795008912663 0.751623062015504 0.55086231884057979 0.65576731082107542 0.52803983228511542 0.87301587301587313 0.36298128342245989 0.15075757575757578 0.18441295546558709 0.14017543859649126 0.85270009643201561 0.87301587301587313
decision_type=2 2 2 2 2 2 2 2 2 2 2 2 2 2 2 2 2 2 2 2 2 2 2 2 2 2 2 2 2 2 2 2 2 2 2 2 2 2 2 2 2 2 2 2 2 2 2 2 2 2 2 2 2 2 2 2 2 2 2 2 2 2
left_child=2 4 6 56 5 7 8 -2 -1 -10 -11 -12 -7 52 15 -15 18 20 -6 -20 21 22 53 -9 25 44 27 28 29 -14 31 32 -5 43 35 -35 -36 -38 -28 -40 -41 -42 -31 -34 51 46 -46 49 -47 50 -48 -25 -4 54 -18 -13 -3 -24 59 60 -59 -62
right_child=1 3 13 30 16 12 -8 23 9 10 11 55 26 14 -16 -17 17 -19 19 -21 -22 -23 57 24 -26 -27 38 -29 -30 42 -32 -33 33 34 36 -37 37 -39 39 40 41 -43 -44 -45 45 48 47 -49 -50 -51 -52 -53 -54 -55 -56 -57 -58 58 -60 -61 61 -63
leaf_value=-0.048859665839725099 -0.056368148523375884 0.0096835917827792148 -0.050332086431983773 0.049387511618001284 -0.032975324182161467 -0.047665842504703029 0.029951824865014739 -0.034690687837180989 -0.043564809414295552 0.089388728746009727 0.28699545236996044 -0.035206416465418278 0.10800381899738912 0.00025317337289821267 0.06442040609693446 -0.050838172431726149 -0.044834565852334252 0.053381304594191076 0.054058272255120332 0.0062350355651330566 0.052740656655222956 0.056852279536940234 0.029151119953605854 -0.015504356014064614 0.052811829529385547 0.068742571390217985 0.040677899557717417 0.023015218974467708 -0.029978708041812404 -0.052425143894084758 0.050253550077698599 -0.045486843322091887 -0.014058361291858522 0.021619663722969133 0.046234574149991416 -0.10272450327790805 0.052882031749606033 -0.11860703056633237 -0.05597944441842985 0.081775084918955687 -0.033387062360349655 0.018447076427586678 0.036907182558904301 0.052332178936745299 -0.054039766189103049 0.048658391797871355 0.047273567923807214 -0.051381147925671215 0.0014241428928047054 0.045625381981846756 -0.052698632679871397 0.078226468180032455 -0.0015676292868556443 -0.041837186112155041 0.056795826405516329 0.097034325845149136 -0.051724435679318503 0.023694792041323992 -0.047450113955362652 0.046562065354763878 -0.056038884378089508 0.033649668060637697
leaf_weight=190.70233089569956 1.9868483520112921 2.7654486484825602 6.8829671801067871 32.397071842104197 4.502641813363879 5.1207901001907876 1.9772262135520566 2.1904624095186582 21.840596046764404 2.1542632840573779 0.14811865193769236 11.971592776477333 0.90416900627315699 19.586152482777841 1.6336439987644542 3.5561307701282194 1.936736100353299 14.516481683589516 5.4817296788096419 29.528236795216799 5.8356491737067691 3.8292331360280505 15.831516483798621 0.99851092835888922 6.5120358914136878 2.1736108739860347 4.5771941910497871 5.1129874731414011 20.636183080263436 1.4432343444786968 114.81299822032452 1.5244935266673554 1.3399549610912824 1.36390808597207 7.6690006814897043 1.2895332202315328 2.0948096439242363 1.4534003622829916 1.9655396249145258 1.780841143336146 4.2339601540006679 4.3653202769346535 1.3935309485532341 10.58811157569289 2.9732224307954329 4.8556085084564966 0.97645000042393837 1.7853020015172658 6.5279355379752815 3.1504732724279165 1.8101353105157612 2.0757569810375571 3.1260167476721108 4.6239367686212063 1.9932953640818594 0.28757531847804862 2.3691684231162071 7.7968383645638877 2.4240724034607402 4.1687614545226088 3.7922956198453903 2.1169557757675648
leaf_count=32831 56 26 1109 752 75 119 34 200 3488 32 21 1506 26 605 14 495 27 241 43 216 123 52 247 58 86 38 41 59 1011 79 2759 32 24 16 163 30 43 27 22 14 40 42 27 197 46 47 26 17 72 36 71 18 58 35 23 5 17 88 29 58 36 23
internal_value=-0.00121885 0.0265058 -0.0408931 0.0441365 0.0105016 0.000326525 -0.0452607 0.0142022 -0.0459156 -0.0304921 -0.0108846 -0.0282949 -0.00990954 -0.0121295 -0.00284908 -0.00759772 0.018909 0.0249379 0.00840153 0.013723 0.0173407 0.0130825 0.00933164 0.0180938 0.0215107 0.0140516 -0.00574385 -0.014498 -0.0223662 0.019627 0.0459836 0.0377747 0.0399558 0.0281118 0.0136971 -0.0388098 0.0261177 -0.0173625 0.00951123 -0.00204391 0.00816911 -0.00707409 -0.00854158 0.0448741 0.00932549 0.00397071 -0.0147624 0.000359903 0.0215717 0.0159187 -0.0176673 0.047783 -0.0351019 -0.0195318 0.00671194 -0.0321043 -0.0186507 0.0161651 0.00603712 0.0132907 0.00317109 -0.0239085
internal_weight=641.463 377.596 263.867 179.668 197.928 89.5501 229.082 38.0164 227.104 36.4021 14.5616 12.4073 51.5338 34.7849 24.7759 23.1423 108.378 68.8658 39.5126 35.01 54.3493 48.5136 44.6844 36.0295 33.839 27.327 46.413 29.4901 24.3771 3.74093 174.533 59.7203 58.1958 25.7987 13.8707 2.65344 11.2172 3.54821 16.9229 12.3457 10.3801 8.59928 2.83677 11.9281 25.1534 22.0791 10.6956 7.72236 11.3835 5.93706 2.78659 3.07427 10.009 8.55397 3.93003 12.2592 5.13462 36.1304 20.2989 17.8749 13.7061 5.90925
internal_count=47851 7653 40198 4086 3567 2251 37917 771 37883 5052 1564 1532 1480 2281 1114 1100 1316 982 334 259 741 618 566 715 515 429 1361 1202 1143 132 4043 1284 1252 500 279 46 233 70 159 118 96 82 106 221 391 315 196 150 119 133 97 76 1167 85 50 1511 43 481 234 205 147 59
is_linear=0
shrinkage=0.05


Tree=62
num_leaves=63
num_cat=0
split_feature=12 12 1 5 1 5 12 9 1 9 3 3 9 3 4 2 7 4 9 12 7 0 9 3 1 9 1 1 5 2 1 12 1 4 9 9 9 12 7 12 12 7 1 1 7 6 4 12 5 9 1 5 9 1 9 9 9 12 2 1 9 9
split_gain=264.542 41.3834 13.358 16.8781 8.00843 7.11706 6.25313 4.63514 3.68962 2.97613 2.80113 5.03781 2.9571 2.60553 3.44517 3.17095 3.90964 3.06057 2.5783 2.53451 2.98033 10.758 6.15143 4.58621 2.4767 2.83745 3.80751 3.86457 2.39088 2.30437 3.74938 2.74346 2.74542 2.65253 2.58974 3.30861 3.0191 2.51964 2.28261 2.00806 2.78304 2.03071 2.10701 2.96165 1.98349 1.83107 1.77223 2.92184 2.03692 2.97919 1.68815 1.67391 1.70143 1.61721 1.99529 2.14291 7.75072 1.77247 3.15513 4.03744 2.4797 2.41813
threshold=0.41623381558328693 0.72553614411503753 0.68410526315789488 1.0000000180025095e-35 0.51835016835016845 0.44949494949494956 0.53841480580355372 0.15470085470085473 0.90064102564102566 0.1856158484065461 1.0000000180025095e-35 0.53390804597701169 0.065942028985507259 0.74862637362637374 0.86037735849056607 0.77871939736346529 0.58571428571428574 0.97801932367149769 0.54226190476190483 0.85051083766261704 0.81666666666666676 0.99333333333333351 0.25962962962962971 0.87112743532417769 0.51835016835016845 0.053342816500711245 0.93361581920903958 0.96922348484848497 0.69047619047619058 0.72871572871572876 0.30068493150684938 0.42618899527413706 0.27719031531531541 0.86453119786453125 0.51389961389961403 0.41421362489486968 0.23606811145510839 0.50040120607370453 0.78888888888888908 0.37672433340361039 0.37885717983644052 0.87301587301587313 0.82402885682574922 0.80759615384615391 0.61250000000000016 0.37980769230769235 0.63211600429645554 0.42618899527413706 0.44949494949494956 0.11834733893557424 0.36298128342245989 0.78888888888888908 0.16064516129032261 0.94804318488529027 0.046536796536796543 0.38548951048951058 0.3504385964912281 0.26236848596636581 0.75181159420289878 0.77581480353335375 0.12372448979591838 0.29679679679679688
decision_type=2 2 2 2 2 2 2 2 2 2 2 2 2 2 2 2 2 2 2 2 2 2 2 2 2 2 2 2 2 2 2 2 2 2 2 2 2 2 2 2 2 2 2 2 2 2 2 2 2 2 2 2 2 2 2 2 2 2 2 2 2 2
left_child=2 6 -1 -4 50 8 7 24 39 51 53 -12 -13 15 18 45 -17 28 -15 20 -6 -22 -23 -24 -2 26 -26 -28 -16 30 31 -11 37 -32 35 36 38 -33 44 -5 -41 42 43 -42 -31 -8 47 -27 49 -49 -3 52 -9 54 -7 56 57 -56 -59 -60 -61 -62
right_child=1 4 3 5 19 10 13 9 -10 29 11 12 -14 14 17 16 -18 -19 -20 -21 21 22 23 -25 25 46 27 -29 -30 34 33 32 -34 -35 -36 -37 -38 -39 -40 40 41 -43 -44 -45 -46 -47 -48 48 -50 -51 -52 -53 -54 -55 55 -57 -58 58 59 60 61 -63
leaf_value=-0.048532349782880263 -0.035723646943541895 0.0092572953710059244 0.080861418117764358 -0.048663257289294298 0.047256933085120051 -0.026280170446713682 -0.003345473188422004 0.023018313745494307 0.026816830797731069 0.094468325090505012 -0.050316955913030238 0.079659662414272581 -0.0097326741283438861 0.041101393963602739 0.0045799443679873262 0.052251560077412912 0.0059365420984596774 0.056087895922871271 -0.0067981483736300934 0.050622015021187163 -0.08748081460565342 0.042264526015847265 -0.10787193456449817 0.021039495635789295 -0.021357751802214414 -0.054140255857411695 0.065885270493342127 0.0017839852426797982 0.053877617261380996 0.029960248492095706 -0.04255651010626358 -0.0062849830070983801 -0.058112299076452038 0.0065484785874068531 -0.054571013875984425 0.046332327201644534 -0.016022019413912351 0.095891980687111106 0.05405871710496192 0.14611019020630739 -0.025963689460062597 0.11468666308035286 -0.058164116354826656 0.12438963861463065 -0.039938705317135226 -0.068008935827948827 0.055205879260173951 -0.077593875568559442 0.037982381401387828 0.098969090532732271 -0.047977820662527093 -0.10711652577070863 -0.050988215563502609 -0.027968705253280615 0.095151197906968354 -0.021023714987675069 0.20894895685562709 -0.05149242776868887 0.1309920880494419 -0.034706402317838794 0.053569227965240031 -0.051204616624649341
leaf_weight=170.55817240104079 2.3844753233715883 2.7485977038741103 3.6644799206405869 38.477294018026441 38.122386939823627 3.3014961257576969 2.4927823916077605 1.0369954146444786 1.8773204227909435 0.97988965688273566 9.1931488444097322 1.219015791080891 3.8374510565772653 28.257946944795552 29.575411573983729 5.3900831118226042 29.463976629078388 3.8059978634119025 3.1195264644920817 100.35208392515779 1.9485867768526102 24.235983006656173 1.2384845688939088 1.5577167347073553 8.412393352948131 1.1725204102695013 3.5875581889413279 6.823334435466677 2.6825745403766623 2.2926152977161207 11.401680532377211 1.6745056794025006 1.3109118752181532 3.6242918074131003 1.7453322443179775 4.666312006302177 12.082311993930487 0.94320763600990165 3.4744654060341418 0.25419144006445904 1.2997584138065574 0.25130527652800072 2.8005552268587053 0.43786624027416099 1.8210903415456412 1.9521029377356169 5.5098055759444824 0.90282951155677327 8.5878063999116403 0.32488542748615146 2.4249656721949577 0.91604818450286973 3.0932145537808537 3.8661566078662863 0.67826944589614591 2.7771824263036242 0.56237518228590566 1.6171289691701511 0.81005053315311659 1.9131268179044125 3.1256793458014731 0.66847252473235119
leaf_count=30823 234 26 39 6636 824 86 43 27 32 26 1539 21 80 462 384 43 216 55 32 2582 24 559 22 32 131 54 36 82 49 54 777 50 55 56 35 56 191 12 29 28 135 2 256 23 20 32 58 52 107 17 17 11 81 56 22 73 16 94 34 71 96 36
internal_value=-0.00119815 0.0258586 -0.0405385 -0.0240388 0.043699 -0.0289066 0.010106 0.000300519 -0.0418143 -0.00951747 -0.0114507 -0.0282684 0.0118181 0.0182606 0.0242238 0.00802705 0.013099 0.0136828 0.0363393 0.0455919 0.0380695 0.0259839 0.0341629 -0.0360575 0.0135965 0.0169261 0.00365877 0.0238731 0.00867954 -0.00552013 -0.0183186 0.0196211 0.000952421 -0.0307123 0.00426169 0.00848092 -0.000498339 0.0305312 0.0242193 -0.0447748 -0.0151102 -0.0236666 -0.031328 0.011924 -0.000983217 -0.0317443 0.0320635 0.020459 0.0293703 -0.0308707 -0.0175701 -0.045969 -0.032407 0.000953306 0.00818888 0.0175533 0.028981 0.0174965 0.0110215 0.0265329 0.0117067 0.0351097
internal_weight=621.328 368.138 253.19 82.6323 172.629 78.9678 195.509 88.7685 45.3983 51.0629 33.5696 14.2496 5.05647 106.74 67.4415 39.2989 34.8541 36.064 31.3775 167.455 67.1032 28.9808 27.0322 2.7962 37.7056 35.3211 18.8233 10.4109 32.258 46.0166 19.9345 4.90851 3.92863 15.026 26.0821 24.3368 19.6705 2.61771 7.58817 43.521 5.04368 4.78949 4.53818 1.73762 4.11371 4.44489 16.4978 10.988 9.81552 1.22771 5.17356 5.04626 4.13021 19.3199 15.4538 12.1523 9.3751 8.81273 8.13446 6.51733 5.70728 3.79415
internal_count=47851 7653 40198 9375 4086 9336 3567 2251 7112 1480 2224 1640 101 1316 982 334 259 488 494 4043 1461 637 613 54 771 537 249 118 433 1361 976 143 117 833 385 350 294 62 103 7080 444 416 414 158 74 75 288 230 176 69 43 119 108 584 528 442 369 353 331 237 203 132
is_linear=0
shrinkage=0.05


Tree=63
num_leaves=63
num_cat=0
split_feature=12 12 1 5 1 5 12 9 10 1 10 4 4 9 9 9 12 7 0 9 10 1 3 10 12 4 5 5 7 1 4 9 1 4 9 1 0 12 10 7 1 5 7 9 9 9 9 1 12 12 9 10 7 1 9 0 0 1 0 12 1 12
split_gain=247.923 40.2271 13.3238 15.5443 7.70312 6.9779 5.74458 4.22681 3.71384 3.52526 2.75597 3.80344 3.36529 3.69046 3.6464 2.70225 2.59738 2.94536 9.61085 5.75243 6.77036 2.45554 2.72811 2.66184 4.07215 4.03294 2.31344 3.81221 4.08943 2.18554 3.021 2.29099 2.14402 3.03911 2.74164 3.01744 3.63649 3.62135 3.21405 2.13425 3.49968 3.27648 3.03672 2.73044 2.03115 2.41919 4.23188 2.01146 1.99919 2.25784 1.98512 1.93421 1.86369 2.50247 2.27085 3.54466 2.13676 2.05482 1.89333 2.20802 2.87832 1.8595
threshold=0.41623381558328693 0.72553614411503753 0.68410526315789488 1.0000000180025095e-35 0.51835016835016845 0.44949494949494956 0.53841480580355372 0.15470085470085473 0.026671408250355622 0.90064102564102566 0.3874259381171824 0.55086231884057979 0.7079038695124068 0.065942028985507259 0.32529069767441871 0.1856158484065461 0.85051083766261704 0.81666666666666676 0.99333333333333351 0.25962962962962971 0.18441295546558709 0.95040983606557383 0.51649148242116716 0.12933094384707292 0.65576731082107542 0.97801932367149769 0.58571428571428574 0.31666666666666671 0.095454545454545472 0.51835016835016845 0.71669952126161662 0.13840996168582378 0.87090053763440867 0.88548009367681513 0.18834459459459463 0.30068493150684938 0.14907407407407405 0.42618899527413706 0.2561121049493143 0.38750000000000007 0.48626649905719682 0.095454545454545472 0.31666666666666671 0.5865817091454274 0.23606811145510839 0.267479674796748 0.29679679679679688 0.53479313380281701 0.37672433340361039 0.37885717983644052 0.42724867724867727 0.24283374283374287 0.34848484848484856 0.93361581920903958 0.033908045977011504 0.92422502870264067 0.7927781392322707 0.96178188899707895 0.83935483870967753 0.44506849620047589 0.74439032055311138 0.564035962815011
decision_type=2 2 2 2 2 2 2 2 2 2 2 2 2 2 2 2 2 2 2 2 2 2 2 2 2 2 2 2 2 2 2 2 2 2 2 2 2 2 2 2 2 2 2 2 2 2 2 2 2 2 2 2 2 2 2 2 2 2 2 2 2 2
left_child=2 6 -1 -4 -3 9 7 8 -2 48 11 -7 13 -13 -15 -9 17 -6 -19 -20 -21 23 -23 25 26 39 27 28 47 -10 31 52 33 34 -17 36 -36 -38 -39 40 43 -42 -43 -8 -34 -46 -47 51 -5 -50 -48 -25 56 54 -54 58 -31 -55 59 60 -56 -41
right_child=1 4 3 5 16 10 21 15 29 -11 -12 12 -14 14 -16 32 -18 18 19 20 -22 22 -24 24 -26 -27 -28 -29 -30 30 -32 -33 44 -35 35 -37 37 38 -40 61 41 42 -44 -45 45 46 50 -49 49 -51 -52 -53 53 57 55 -57 -58 -59 -60 -61 -62 -63
leaf_value=-0.048422349712517118 -0.053721683241561673 -0.016564459583436213 0.077566269076556491 -0.048544337995238267 0.046856357848640978 -0.050301034156828822 -0.039796399939167726 -0.044002278220723938 -0.033165516400006666 0.025302572608163033 -4.0309726410991454e-05 0.14320190897588711 -0.046078748750442003 -0.064167771450759123 0.075358290312611542 0.11898221241678469 0.050446242558920357 -0.07891759283743946 0.041757416704183571 0.025706460517234665 -0.1328018565471317 0.013870206603076468 0.052697683325932811 -0.035545012372504681 0.045408310893257538 0.055582478907528925 -0.00017777032669570386 0.05063192362266207 -0.062708297268998917 -0.015608288362327215 0.051392362599417166 0.060869850256862527 0.037310688731818621 0.021471467901466784 -0.058410992193157908 -0.031160765236893175 0.1440681151868787 -0.052809615126227887 0.075751069692957515 0.032906163721456043 0.059193499563436371 -0.039691319207676684 0.032244862844476113 0.022870481354063752 -0.052836447173192073 0.07748855681996325 -0.031489487198255346 0.050622139284070944 0.11990195323328035 -0.023168408435855395 0.016736686751621772 0.038048718970144467 -0.052363129123824882 0.044581091372758459 0.11248973170188499 -0.083489467422030478 0.073784305280188062 0.0013499893189849754 0.036332529276115681 -0.05321612999771539 -0.05164615989038799 -0.018200101045129678
leaf_weight=162.59934664657339 1.9739657784812141 5.2092946246266356 3.6300533860921851 36.68816682510078 36.56538039073348 7.973999582231043 4.4516034293919828 5.0094110970385364 2.065369212999939 1.8898563543334592 20.952617460861802 0.69042424578219685 1.7161081531085072 0.90548181487247326 0.96979038184508681 0.34390656277537957 95.782115262001753 2.0492461584508446 23.32692660018802 1.8173178099095815 1.0704990513622759 8.590579032897951 9.5569281503558141 2.0938861542381368 13.459314391016958 3.5423956327140322 16.907573111355305 8.1173086762428266 1.862840926274657 0.98810917977244317 6.1794539601542047 2.2593626524321726 4.5673304479569223 5.0781969083473077 1.1118512032553582 19.507510391063988 0.73079685866832766 0.94207344809547056 1.0045575490221379 2.0019415058195618 5.0174009427428228 2.3669477738440037 3.8588096499443054 2.851648848503828 1.9490919313393522 1.8033111924305547 4.1691285800188762 3.0962949953973293 0.29310699552297492 4.659847432281822 4.3709943322464824 1.5564961200579999 2.8585059270262736 4.7500422429293376 0.59009675960987829 1.0960419699549673 2.0666212383657694 6.5235998425632715 3.8418957446701825 1.7058996674604712 0.48797363415360451 16.045084364712238
leaf_count=30823 56 43 39 6636 824 1420 84 119 200 32 710 14 38 27 15 13 2582 24 559 36 18 60 212 35 218 52 119 87 19 60 86 38 41 59 33 1000 19 54 24 20 71 20 55 26 22 14 40 63 28 416 42 15 46 47 20 13 16 72 40 55 22 160
internal_value=-0.00118237 0.0252054 -0.0401905 -0.0235364 0.0432743 -0.0283189 0.00970928 0.000276969 0.0130255 -0.0414877 -0.0110566 -0.0298901 0.0081211 0.0443736 0.00798764 -0.00914479 0.0452151 0.0374865 0.0253645 0.0335164 -0.0330518 0.0175839 0.0343177 0.0141026 0.0221659 0.00464141 0.0128651 0.0260489 0.00287135 0.0167461 0.0198374 0.0126601 -0.00531372 -0.0136227 -0.0211611 -0.0232299 0.0175986 0.049163 0.013534 -0.000289891 0.0116215 0.0291268 0.00489571 -0.0153273 0.00883966 -0.00173885 0.00788986 0.0209787 -0.044519 -0.0147018 -0.00680643 -0.00416519 0.00828721 0.00317391 -0.0142911 -0.000197579 0.0448686 0.019565 0.0135805 -0.0178175 0.0381959 -0.0125309
internal_weight=602.142 359.173 242.969 80.3695 165.821 76.7394 193.352 87.9751 37.3869 43.531 33.2084 12.2558 4.2818 2.5657 1.87527 50.5882 160.611 64.8294 28.264 26.2147 2.88782 105.377 18.1475 87.2295 47.0937 40.1358 33.6344 16.7268 8.60952 35.413 33.3476 27.1681 45.5787 28.7189 23.6407 23.2968 3.78928 2.67743 1.94663 36.5934 18.5464 11.2432 6.22576 7.30325 16.8599 12.2925 10.3434 6.74668 41.6411 4.95295 8.54012 3.65038 24.9088 21.8541 10.5804 7.72191 3.05473 11.2736 6.62587 2.78397 1.07807 18.047
internal_count=47851 7653 40198 9375 4086 9336 3567 2251 771 7112 2224 1514 94 56 42 1480 4043 1461 637 613 54 1316 272 1044 556 488 338 219 132 715 515 429 1361 1202 1143 1130 130 97 78 436 256 146 75 110 159 118 96 113 7080 444 82 50 391 315 196 150 76 119 137 97 42 180
is_linear=0
shrinkage=0.05


Tree=64
num_leaves=63
num_cat=0
split_feature=12 12 1 5 1 5 12 9 1 10 3 4 9 10 4 4 10 10 12 9 9 9 3 10 2 7 1 4 10 10 10 12 2 1 9 5 4 10 1 7 12 1 4 9 9 12 10 10 6 3 9 9 12 7 1 1 9 12 4 7 1 9
split_gain=232.314 38.9681 13.3195 14.2986 7.42372 6.82279 5.31335 3.85271 3.36503 3.35718 2.66902 4.29813 2.71386 2.6029 3.68249 3.01287 2.59033 3.64735 5.03066 3.55516 7.70149 2.47547 2.38726 5.37449 3.25503 3.9345 2.79814 2.73837 3.01309 3.15624 2.28216 2.20015 2.08078 3.24572 2.43825 3.03296 2.37205 2.12907 2.10023 2.78751 2.03054 2.0021 2.88989 1.99786 1.97524 2.88158 3.40527 3.49141 2.36934 3.75674 1.92295 2.26851 1.8724 1.84738 2.06704 2.59778 1.70423 1.67797 1.92678 1.67124 2.2791 2.12068
threshold=0.41623381558328693 0.72553614411503753 0.68410526315789488 1.0000000180025095e-35 0.51835016835016845 0.44949494949494956 0.53841480580355372 0.15470085470085473 0.90064102564102566 0.026671408250355622 0.94360822556709789 0.93563184374075181 0.098780487804878067 0.3874259381171824 0.55086231884057979 0.7079038695124068 0.12599206349206352 0.16247642991829042 0.81002169842174443 0.25962962962962971 0.3504385964912281 0.1856158484065461 0.76980056980056988 0.21913109756097562 0.77871939736346529 0.58571428571428574 0.95040983606557383 0.97801932367149769 1.0000000180025095e-35 0.053101503759398504 0.079473684210526321 0.65576731082107542 0.72871572871572876 0.30068493150684938 0.51389961389961403 0.27922077922077926 0.86453119786453125 0.033908045977011504 0.87090053763440867 0.64583333333333337 0.37672433340361039 0.51835016835016845 0.71669952126161662 0.13840996168582378 0.15075757575757578 0.68182276075382453 0.18441295546558709 0.14017543859649126 0.54195804195804198 0.85028735632183927 0.20761494252873566 0.42724867724867727 0.37885717983644052 0.87301587301587313 0.82402885682574922 0.80759615384615391 0.12660256410256412 0.70516999243656409 0.90521114106019784 0.34848484848484856 0.93361581920903958 0.033908045977011504
decision_type=2 2 2 2 2 2 2 2 2 2 2 2 2 2 2 2 2 2 2 2 2 2 2 2 2 2 2 2 2 2 2 2 2 2 2 2 2 2 2 2 2 2 2 2 2 2 2 2 2 2 2 2 2 2 2 2 2 2 2 2 2 2
left_child=2 6 -1 -4 -3 8 7 9 40 -2 11 12 -6 14 -7 30 56 18 -18 -19 -21 -9 24 26 -8 -26 27 28 31 -30 -16 -24 33 37 35 -34 -35 -23 -37 -40 -5 -11 43 59 57 46 47 48 49 -46 -41 -52 -42 54 55 -54 -14 58 -31 -43 61 -61
right_child=1 4 3 5 10 13 22 21 -10 41 -12 -13 16 -15 15 -17 17 19 -20 20 -22 32 23 -25 25 -27 -28 -29 29 44 -32 -33 34 36 -36 38 -38 -39 39 50 52 42 -44 -45 45 -47 -48 -49 -50 -51 51 -53 53 -55 -56 -57 -58 -59 -60 60 -62 -63
leaf_value=-0.048307951341871026 -0.050859921699564027 -0.015592908522043827 0.074336191710754493 -0.048420405121434973 0.048635240727332496 -0.050286295370224027 -0.030120935118619532 -0.042384895308295978 0.023880019132748734 -0.032415175607511913 0.049646378865235569 -0.047983151199155936 -0.0059326076551734323 -3.82947624742149e-05 -0.0035860400014849402 -0.044097643393200631 0.021164898822708098 0.045067709781998117 -0.11967031747125279 -0.094307907148787645 0.052773413779880235 -0.054395080359377894 0.011651142377573861 0.052120486855505924 0.050312574939224065 0.0056898738848630637 0.052387176750226 0.054945440089356326 0.047741677762448059 0.04491666152593405 0.090099723265634965 -0.042411034997531002 0.074859224595204388 -0.041317973213733226 -0.053872908769499475 -0.019071969585642189 0.0055146204959168098 0.032393975051406732 0.065764575820866519 0.04760795381797725 0.101058751512213 0.04244882840721971 0.050427694876524577 0.056508413205451573 -0.00037002866223856255 0.034349769387472737 -0.080149924600640229 0.042729513545197786 0.0093055247539861052 -0.093554758921306352 -0.015188519990148579 0.039958652596402439 -0.024263131534238563 0.10830177927219836 -0.058026568551920434 0.11538225231553521 0.051727621760770406 -0.017415056886161347 -0.0080501205241562887 -0.051189973245315282 0.018665272243260356 -0.00023978061977394949
leaf_weight=155.02644819021225 1.9806130658835162 5.2559394575655451 3.5992115791887036 34.985968053340912 28.451967995613813 7.5872701336629671 5.0009343307465306 4.9422853505238882 1.9019946912303556 2.0089684473350635 100.40735230594873 1.4871475398540486 1.4857878834009195 20.952035792637616 1.3531846790574493 1.703864218201488 1.3949781432747834 6.7891436293721181 1.1624711528420446 1.6836307719349863 1.8881628178060053 0.85413849586621182 3.2329835575073949 12.762740244157611 5.8908098749816409 30.601911652833223 4.7088137343525878 3.4077169299125663 5.9751627910882226 7.227274236269297 1.2509831106290219 4.5033682323992252 1.5949201378971398 10.761163183022289 1.6914892317727197 7.0688618128187963 3.6110221738927057 4.0921312081627548 2.2134169563651094 2.222092702984809 0.32931734714656968 3.0663591842167142 5.9876921949908128 2.3106768433935931 2.17628570366651 3.8022365085780612 1.7453849650919426 2.8309851828962564 3.3550765216350555 2.1502190642058849 8.6944463821127993 2.373992107808589 1.261227994225919 0.25541296508163203 2.6174157685600221 0.45252665411680926 9.3198865875601751 2.0640519224107257 2.2519850451499224 2.779831016436221 11.228736094199119 7.6979451519437134
leaf_count=30823 56 43 39 6636 752 1420 93 119 32 200 2759 32 28 710 26 38 19 163 27 29 41 29 39 231 54 242 113 52 87 120 30 33 23 777 35 186 56 114 26 15 28 76 86 38 25 46 19 40 32 19 84 16 135 2 256 23 193 33 38 46 119 150
internal_value=-0.00116367 0.0245864 -0.0398197 -0.0230031 0.0428419 -0.0276962 0.00934778 0.000249887 -0.0410953 0.0124732 0.0448353 0.0358335 0.0382225 -0.0106436 -0.0293235 0.0075961 0.0257346 0.0106242 -0.0428508 0.0238237 -0.0165561 -0.00878858 0.0169973 0.0231941 0.00770889 0.0128931 0.0157256 0.0118656 0.0083123 0.0147935 0.0414185 -0.0198187 -0.00511326 -0.0175281 0.00416143 0.00822323 -0.0295512 0.0174069 0.00351495 0.0138132 -0.0441924 0.016049 0.018993 0.0120434 0.00766146 -0.00367789 -0.0154735 -0.00473539 -0.0222282 -0.0466817 0.0051612 -0.00336039 -0.0141023 -0.0223709 -0.0300767 0.012611 0.0437993 0.0234379 0.0323334 0.00789595 0.00301486 -0.0137572
internal_weight=583.472 350.195 233.277 78.2504 159.326 74.6512 190.869 87.1808 41.8039 37.0608 154.071 53.6632 52.176 32.8473 11.8953 4.30803 23.7241 12.9184 2.55745 10.3609 3.57179 50.12 103.688 62.1943 41.4937 36.4927 49.4315 44.7227 41.315 33.5787 2.60417 7.73635 45.1777 19.3185 25.8592 24.1677 14.3722 4.94627 22.5728 15.5039 39.9019 35.0802 33.0712 27.0835 27.6035 16.0602 12.258 10.5126 7.68158 4.3265 13.2905 11.0684 4.9159 4.58658 4.33117 1.71375 10.8057 11.5433 9.47926 24.7729 21.7065 10.4778
internal_count=47851 7653 40198 9375 4086 9336 3567 2251 7112 771 4043 1284 1252 2224 1514 94 500 279 46 233 70 1480 1316 927 389 296 696 583 531 459 56 72 1361 976 385 350 833 143 327 141 7080 715 515 429 372 181 135 116 76 44 115 100 444 416 414 158 221 191 158 391 315 196
is_linear=0
shrinkage=0.05


Tree=65
num_leaves=63
num_cat=0
split_feature=12 12 0 1 4 9 5 9 12 4 3 9 2 1 0 9 9 9 12 9 12 0 4 1 5 9 5 1 4 9 1 12 1 1 3 3 12 9 1 3 10 5 1 6 10 3 12 10 6 1 12 9 9 12 1 1 2 2 1 4 6 0
split_gain=225.95 38.9865 14.62 7.36576 5.9735 5.41331 5.87499 4.23953 4.15042 4.06883 3.90255 3.83298 3.70057 4.02505 3.63445 3.55504 3.71976 3.54925 4.86385 4.99802 3.72725 3.50983 5.00284 3.18158 4.36917 2.76609 4.14274 2.89234 2.62645 2.60247 4.84437 2.4985 2.48497 3.09487 2.45623 4.56691 4.14743 2.27158 2.14551 2.52863 2.3987 2.07776 2.34448 1.99376 1.89594 3.70813 1.87176 1.85662 1.80884 2.10187 1.81016 1.90103 5.98091 2.30258 1.80632 1.79296 3.48827 1.73226 2.64739 1.75469 1.71178 1.70428
threshold=0.42618899527413706 0.77970710046493774 0.77058029689608654 0.72211111111111115 0.6401086956521741 1.0000000180025095e-35 0.78888888888888908 0.04819976771196284 0.35089396689023372 0.66645021645021651 0.70632463511720489 0.51754926108374399 0.99333333333333351 0.85995058400718782 0.14119601328903658 0.21525096525096529 0.21352583586626142 0.42724867724867727 0.35667595755897613 0.42997198879551829 0.35234992986299379 0.19433516915814328 0.73076923076923084 0.74046885318071765 0.44949494949494956 0.26598639455782319 0.31666666666666671 0.23606811145510845 0.6906926406926408 0.21132376395534294 0.94804318488529027 0.50040120607370453 0.34556677890011228 0.33166248955722649 0.53390804597701169 1.0000000180025095e-35 0.42115187612069244 0.098780487804878067 0.86552066772655012 0.92564953012714224 0.15831244778613202 0.19090909090909094 0.62715832601697408 0.26969696969696971 0.86956521739130443 0.45199692780337947 0.53841480580355372 0.14729990356798459 0.32291666666666669 0.86552066772655012 0.33088999725441309 0.3504385964912281 0.36899313501144165 0.38132671929059309 0.6503424657534248 0.92296703296703309 0.99333333333333351 0.82842724978973936 0.89442724458204348 0.9417420814479639 0.42261904761904767 0.7927781392322707
decision_type=2 2 2 2 2 2 2 2 2 2 2 2 2 2 2 2 2 2 2 2 2 2 2 2 2 2 2 2 2 2 2 2 2 2 2 2 2 2 2 2 2 2 2 2 2 2 2 2 2 2 2 2 2 2 2 2 2 2 2 2 2 2
left_child=2 3 8 9 11 55 7 12 -1 -2 -10 44 13 -7 -11 16 23 43 20 -20 -19 22 -21 24 -4 26 27 -16 -27 57 38 32 33 -30 35 36 61 60 39 40 -31 42 -29 -12 45 -5 -47 -8 49 -17 -51 -52 -53 -54 -28 56 -6 -9 -59 -60 -36 -25
right_child=1 -3 15 4 5 6 47 29 10 14 17 -13 -14 -15 25 48 -18 18 19 21 -22 -23 -24 34 -26 28 54 41 31 30 -32 -33 -34 -35 37 -37 -38 -39 -40 -41 -42 -43 -44 -45 -46 46 -48 -49 -50 50 51 52 53 -55 -56 -57 -58 58 59 -61 -62 -63
leaf_value=-0.048432424764672105 -0.044826766115155223 0.047298135710112904 -0.050260506219971836 -0.068394574932765032 0.042807605311420666 -0.05645994488619728 -0.078006959610499832 0.054668933849949301 -0.041659542244127191 -0.075511120874990692 0.051606499164635437 -0.055174195604997103 -0.075057875292513787 0.038961328049309081 0.056261930354805235 -0.05110589311851671 0.16585116218118018 0.040575163652368254 0.24435970135963167 0.22744747224466352 0.2920705542968377 -0.028576039958808433 -0.051122531354024531 -0.05097404056874838 0.21695754223241806 0.093337268615420882 0.053721079502145233 -0.051118776386536002 -0.027858533178857697 -0.039122204501423299 -0.032416048973123952 0.018930643439693768 -0.057208508339343558 0.087011611123960886 0.078829297962961634 -0.050574658766636416 -0.079429000239371092 -0.029784155698007266 0.040672085271389331 0.04224001081983747 0.022361060216480814 -0.13164186755401963 0.054356540064210396 -0.03726753820309861 0.011242443607247712 -0.021189365032963536 0.041163094507668779 -0.010075155448446435 0.026021529319893179 -0.051646000736023316 -0.031677363422839021 0.21120984712685595 -0.053896765197137146 0.03201443086913542 -0.0044437861885002275 0.051935241884417387 -0.050834111626065916 0.010046019241252306 0.054291899407295577 0.0010784151924817539 0.0061132964845955267 0.013153539945840577
leaf_weight=154.94281839299947 5.8689657235518089 126.20550763234496 0.26086723478511586 2.2854367927648118 3.9425290562212494 1.6539742499589909 1.8045630976557721 9.0002277307212371 18.74984365794808 1.5328667443245638 0.71019223937764575 2.4342765645124009 1.8778731413185594 3.3305587507784367 0.70323789678513815 9.2569130253978127 0.32398584159091015 0.29797630058601488 0.21453854860737953 0.35334431007504497 0.29138657869771123 2.8082446693442762 0.29634207114577293 1.1230754656717223 0.3698434173129499 0.98536805016920226 2.0748701067641377 5.3620128505863249 1.6353933960199385 3.4187591904774344 4.513319754973053 17.264654319733381 2.4471223494037986 0.91412144759669889 1.9090490299277001 6.1851115548051885 1.4894940461963422 1.3094175620935855 10.42901211977005 3.5115210190415382 2.9597264379262924 0.70319848973304022 0.58425307273864735 5.6626246185041964 66.050563981756568 2.4913950203917921 2.328513577580452 2.2723689116537571 1.3430723012424994 2.8287799870595318 3.3177232225425541 0.36986026819795403 1.2622110717929902 2.0412053153850138 3.7421969315037131 20.158059317618608 1.3300179578363893 10.153438016772272 9.2420230619609338 1.8611250482499588 1.4049705099314449 13.374323146417735
leaf_count=32156 506 3601 52 141 79 20 20 178 3220 27 46 48 13 62 12 1320 18 16 12 21 36 311 28 117 19 41 18 241 56 56 59 204 141 22 33 1133 21 44 148 61 31 10 10 800 567 66 24 36 18 354 160 7 91 40 41 496 15 121 148 31 14 424
internal_value=-0.000836679 0.025318 -0.0387555 0.0121627 0.0169488 0.0255445 0.0179953 0.0218213 -0.0451651 -0.00608333 -0.0279366 0.00654856 -0.015238 0.00729852 -9.15504e-05 -0.0142287 -0.00257679 -0.00374174 0.0315802 0.0101821 0.164917 -0.00434682 0.100383 -0.00456644 0.106434 0.00308306 -0.0152251 -0.0401684 0.0134551 0.0264378 0.0144419 0.00991921 -0.0212176 0.0133278 -0.00717916 -0.014092 2.27046e-05 0.0259716 0.0248501 0.00816581 -0.0105929 -0.0503668 -0.0407553 -0.0273633 0.00860239 -0.0159392 0.00893331 -0.0401437 -0.0300635 -0.0340121 -0.017898 -0.00424255 0.0205367 -0.000811604 0.0163028 0.0451454 0.0191862 0.036283 0.0284983 0.0453722 0.0480015 0.00818574
internal_weight=569.57 337.073 232.497 210.868 167.049 91.4591 66.0285 61.9516 184.327 43.8183 29.3845 75.5902 6.86241 4.98453 37.9493 48.1699 27.7501 10.6346 4.26183 3.67247 0.589363 3.45793 0.649686 27.4262 0.630711 36.4164 13.1698 7.3527 23.2467 55.0892 24.8323 22.2613 4.99664 2.54951 26.7954 22.172 15.9869 4.62344 20.319 9.89001 6.37849 6.64946 5.94627 6.37282 73.1559 7.10535 4.81991 4.07693 20.4198 19.0767 9.81978 6.991 3.67328 3.30342 5.81707 25.4306 5.27255 30.2568 21.2566 11.1031 3.31402 14.4974
internal_count=47861 7350 40511 3749 2420 1574 984 928 36646 1329 4490 846 95 82 823 3865 1875 1270 424 372 52 360 49 1857 71 796 332 273 464 833 355 423 219 78 1786 1695 562 91 296 148 87 261 251 846 798 231 90 56 1990 1972 652 298 138 131 59 590 94 478 300 179 47 541
is_linear=0
shrinkage=0.05


Tree=66
num_leaves=63
num_cat=0
split_feature=12 12 0 1 4 9 5 7 3 1 5 9 7 4 9 0 9 7 12 9 12 4 0 2 2 9 10 10 1 5 5 2 4 3 3 4 3 3 12 12 1 12 2 9 1 7 10 10 1 3 3 10 12 9 4 4 3 12 9 4 10 9
split_gain=211.427 38.0152 14.4235 6.76933 5.68624 5.29584 5.31633 6.64022 4.21185 9.05044 11.174 3.92522 4.99397 3.84347 3.53044 3.38569 3.35707 3.78334 4.21208 3.26496 3.02129 5.03928 6.10609 4.08716 2.66539 2.97407 2.79557 3.03381 2.60706 3.0909 2.50042 2.85514 2.4458 8.68594 2.32985 2.32857 2.24136 4.39895 3.86164 2.19357 2.09851 3.13245 2.07722 2.05813 1.7969 3.93381 1.78685 3.83118 2.63376 1.7258 3.54058 1.72161 1.72138 1.71518 1.7086 2.55678 2.62374 2.80394 2.22577 1.70679 2.75364 1.69823
threshold=0.42618899527413706 0.77970710046493774 0.77058029689608654 0.72211111111111115 0.6401086956521741 1.0000000180025095e-35 0.78888888888888908 0.87301587301587313 0.70632463511720489 0.62715832601697408 1.0000000180025095e-35 0.04819976771196284 0.64583333333333337 0.66645021645021651 0.51754926108374399 0.14119601328903658 0.21525096525096529 0.87301587301587313 0.36013258274054855 0.21352583586626142 0.35521243597791957 0.67681770284510023 0.23166368515205729 0.24828767123287673 0.99333333333333351 0.26598639455782319 0.19399641577060936 0.14729990356798459 0.74046885318071765 0.44949494949494956 0.095454545454545472 0.66228070175438603 0.73076923076923084 0.76239567992145318 0.66369047619047616 0.67561561561561578 0.53390804597701169 1.0000000180025095e-35 0.42115187612069244 0.70516999243656409 0.36754443712969065 0.50040120607370453 0.275185936443543 0.098780487804878067 0.92296703296703309 0.64583333333333337 0.20468236582694418 0.18441295546558709 0.84292763157894746 1.0000000180025095e-35 0.45199692780337947 1.0000000180025095e-35 0.53841480580355372 0.19478319783197837 0.69405416012558885 0.83096903096903107 0.9099909990999101 0.5942586191961361 0.47434210526315795 0.8085106382978724 0.067231638418079109 0.13840996168582378
decision_type=2 2 2 2 2 2 2 2 2 2 2 2 2 2 2 2 2 2 2 2 2 2 2 2 2 2 2 2 2 2 2 2 2 2 2 2 2 2 2 2 2 2 2 2 2 2 2 2 2 2 2 2 2 2 2 2 2 2 2 2 2 2
left_child=2 3 8 13 14 44 11 -8 -1 20 -11 12 39 -2 49 -15 19 34 -19 28 -10 -22 23 32 25 26 27 35 29 -4 -13 -32 33 -23 -18 -17 37 38 -30 -7 54 -42 -43 -38 45 -6 47 51 -48 -5 -51 61 53 -52 -27 -56 58 -58 -57 -37 -61 -33
right_child=1 -3 16 4 5 6 7 -9 9 10 -12 30 -14 15 -16 24 17 18 -20 -21 21 22 -24 -25 -26 40 -28 -29 36 -31 31 46 -34 -35 -36 59 43 -39 -40 -41 41 42 -44 -45 -46 -47 48 -49 -50 50 52 -53 -54 -55 55 56 57 -59 -60 60 -62 -63
leaf_value=-0.048649638337618643 -0.044369379653515229 0.04699369689080285 -0.050247743797356095 0.010677851809606367 0.042708310017967564 0.040143524089094378 -0.11395568100215958 0.014427819329722253 -0.050256857358403496 0.10215481160168237 -0.039517559947362779 0.050204276106166512 -0.076694059608991991 -0.074082730148989792 -0.053754362354597865 0.078637257098670504 -0.047721157903211596 -0.057736546790761359 0.054978809490850988 0.15301780971759724 0.26685693444309033 -0.05088578520697306 -0.05034150518536791 0.20120159123105086 0.081611846868199278 0.11015107741508486 0.027210748791926687 -0.087327175419019687 0.0077442551938183141 0.16984673084366214 -0.037271465622820105 -0.041090523153521047 -0.023517091649607164 0.31867271466283575 0.0064599569867872728 -0.058565568960383924 0.045756977044466352 -0.050550769055098838 -0.078067509757131198 -0.031502493451681816 -0.057385577704886996 -0.027584099419305154 0.023187344291593123 -0.028564455890386975 0.051777455324086598 -0.060158863670641619 -0.0087558819385627172 -0.040560335344550058 0.054852028362313787 -0.068430287537672427 0.012989738650188605 0.029338102397219446 0.039935265300672769 -0.07240795632118889 -0.027209923153178883 0.13206823570870826 -0.014130998961655162 0.054470262658536606 0.030770785898085552 -0.0355779177613278 0.045793533346844363 0.015799004292114244
leaf_weight=142.79900973895565 5.6388413556851438 120.80865030176938 0.24820602964610472 66.065443516243249 3.964999224990609 3.018133138306438 1.6808378845453251 2.5129625350236893 20.750994252040986 2.7037817090749732 2.8682853751815856 8.734469121322034 2.1920115016400814 1.4855176210403431 2.3751630783081046 0.58166621113195827 13.813137580640619 1.2623486043885344 2.4135200586169958 0.33336294582113524 0.15762408031150599 0.39929043082520399 4.8682299382053316 0.37070445250719775 1.0454003801569332 0.58731909049675124 2.5466216141358009 1.9536101799458263 14.544479053467516 0.44642701465636492 2.0100172138772896 1.787337820976975 1.1909965449012814 0.26420355960726738 2.3169445041567078 2.5101716532371938 3.3030873220413914 5.8861706266179672 1.4409340759739286 1.6536956541240213 2.1785480147227636 2.8095623860135657 7.119754608720541 1.2973778960295019 19.231905352324247 1.2139407843351362 2.0370170734822741 2.5706629343330851 8.0929395817220193 2.1728704040870062 1.5087484526447954 23.704809418879449 2.2813194468617439 0.963429620489478 2.0673063006252042 1.1004529050551339 3.1835514837875962 2.7992003709077835 1.0691160247661171 2.9889630530960858 1.5942275458946822 4.930618554353714
leaf_count=30887 506 3601 52 567 81 54 16 40 4358 31 312 197 16 27 48 13 1794 124 45 18 27 49 871 14 11 20 81 27 541 19 40 16 88 9 27 120 47 1133 21 25 130 30 91 44 496 13 27 37 141 141 27 320 24 39 90 22 34 25 20 47 35 55
internal_value=-0.000826941 0.0246865 -0.0383275 0.0117279 0.0163511 0.0248842 0.0174196 -0.0370271 -0.0449031 -0.0289682 0.0292273 0.0211794 -0.0144309 -0.00587394 0.00623635 -0.000104026 -0.0138114 -0.0295064 0.0162707 -0.00250768 -0.0405484 -0.0127647 -0.0189782 0.0496378 0.00293721 0.000593347 -0.0193764 -0.0316979 -0.00441613 0.0912027 0.0257169 0.0209779 0.0193409 0.0962726 -0.0399385 -0.017538 -0.00692519 -0.0135978 9.13473e-06 0.0147829 0.0112038 -0.00309124 0.00882125 0.0247976 0.0447378 0.0185963 0.023693 0.0180534 0.0420612 0.00818846 -0.015556 0.0230061 0.00861332 -0.0202905 0.0272197 0.0224536 0.0350475 0.017966 0.0821511 -0.0254245 -0.00727349 0.000663329
internal_weight=552.451 328.772 223.679 207.963 164.703 89.3364 64.9255 4.1938 176.373 33.5741 5.57207 60.7317 6.86384 43.2598 75.367 37.621 47.306 19.806 3.67587 27.5 28.002 7.25105 7.09342 2.22519 36.1355 35.0901 12.1753 9.62864 27.1667 0.694633 53.8679 45.1334 1.85449 0.663494 16.1301 7.67503 26.472 21.8716 15.9854 4.67183 22.9148 12.1079 9.92932 4.60047 24.4108 5.17894 43.1234 32.9934 10.13 72.9918 6.92637 30.4228 4.7535 2.47218 10.8069 10.2196 8.15232 5.98275 2.16957 7.09336 4.58319 6.71796
internal_count=47861 7350 40511 3749 2420 1574 984 56 36646 5759 343 928 95 1329 846 823 3865 1990 169 1875 5416 1058 1031 160 796 785 323 242 1857 71 833 636 146 58 1821 215 1786 1695 562 79 462 251 121 91 590 94 596 428 168 798 231 391 90 66 211 191 101 59 42 202 82 71
is_linear=0
shrinkage=0.05


Tree=67
num_leaves=63
num_cat=0
split_feature=12 12 0 1 12 1 5 4 3 9 6 3 4 9 12 1 9 7 12 6 0 9 9 9 0 4 6 4 4 10 5 9 5 1 1 5 12 1 1 10 10 6 6 3 3 12 12 10 5 10 10 10 1 1 10 9 3 5 9 7 9 1
split_gain=197.974 37.0344 14.3034 6.39628 4.2223 3.97285 5.90044 3.62944 3.59216 3.60781 3.58252 3.53293 3.73371 3.65094 4.4936 3.44392 3.17071 3.58383 3.80642 3.58104 3.15059 3.09026 3.05428 2.84303 2.62364 2.4778 2.61526 3.49014 3.71602 3.00437 3.03433 2.3069 3.67199 2.64994 2.17881 2.32443 2.07442 2.24122 2.06512 3.04455 2.71245 2.0636 2.04826 2.04817 4.23781 3.59695 1.97168 1.94333 2.20184 1.92342 2.30465 2.23153 2.47646 1.8681 1.83755 3.20122 2.90561 2.46624 2.47101 3.953 1.89531 2.03235
threshold=0.42618899527413706 0.77970710046493774 0.77058029689608654 0.95040983606557383 0.35089396689023372 0.72211111111111115 0.095454545454545472 0.66645021645021651 0.94791101465002725 0.51389961389961403 0.17914438502673799 0.70632463511720489 0.67561561561561578 0.48749218261413391 0.35667595755897613 0.25047169811320763 0.21525096525096529 0.87301587301587313 0.36013258274054855 0.32291666666666669 0.14119601328903658 0.37965517241379315 0.21132376395534294 0.21352583586626142 0.83457711442786076 0.93194682675814755 0.29285714285714287 0.86037735849056607 0.87681770284510019 0.12599206349206352 0.58571428571428574 0.26598639455782319 0.31666666666666671 0.23606811145510845 0.74046885318071765 0.44949494949494956 0.53841480580355372 0.36754443712969065 0.94804318488529027 0.18795289855072467 0.077677224736048281 0.78888888888888908 0.26969696969696971 0.53390804597701169 1.0000000180025095e-35 0.42115187612069244 0.53841480580355372 0.037386443046820407 0.5634920634920636 0.033908045977011504 0.28989813242784385 0.24509048902579902 0.33166248955722649 0.99333333333333351 0.86956521739130443 0.056079664570230614 0.62316372152437738 0.76388888888888895 0.14434523809523811 0.78888888888888908 0.033908045977011504 0.80759615384615391
decision_type=2 2 2 2 2 2 2 2 2 2 2 2 2 2 2 2 2 2 2 2 2 2 2 2 2 2 2 2 2 2 2 2 2 2 2 2 2 2 2 2 2 2 2 2 2 2 2 2 2 2 2 2 2 2 2 2 2 2 2 2 2 2
left_child=2 3 4 5 -1 7 -7 -2 9 21 53 -6 -13 42 -15 -16 23 19 -19 -18 -9 22 25 34 -24 26 54 -28 -29 30 -30 32 33 -22 35 -4 37 49 46 40 -40 -38 -14 44 45 -36 -26 -45 -49 -33 51 52 -51 -5 55 -8 -57 58 59 60 -56 -62
right_child=1 -3 16 10 11 6 8 20 -10 -11 -12 12 13 14 15 -17 17 18 -20 -21 31 -23 24 -25 38 -27 27 28 29 -31 -32 36 -34 -35 43 -37 41 -39 39 -41 -42 -43 -44 47 -46 -47 -48 48 -50 50 -52 -53 -54 -55 57 56 -58 -59 -60 -61 61 -63
leaf_value=-0.048228632652336387 -0.043903933557943128 0.046685069104427983 -0.050235607897624546 0.050410174925798829 -0.040720751264724409 0.05021838873824741 -0.062210619514933334 -0.072593987819184025 0.034834564800421138 -0.035813051508540777 0.049770187981776869 0.21817436976877655 0.045917565189069337 0.16052555921876419 0.21469440675521467 -0.0072980734519208631 -0.046138069023578171 -0.057481105811078251 0.050824658416946278 0.047152662648496102 0.055009693791317385 0.031616282323965857 -0.056203519466888285 0.14003668892163029 -0.018303891709130042 -0.051016789721185986 0.035591909483745791 -0.05127120173124966 -0.05522114094524147 0.053328210159636839 0.032581174836473527 -0.05331153133057312 0.015605869890970896 -0.048304314720896413 0.0073220114023583339 0.13918504880433705 0.034585257354272446 -0.035686212881732716 -0.0033362495821787352 -2.7461818706575299e-05 -0.083261613666450351 -0.011051137656315673 -0.038495907132178778 -0.039689054936312473 -0.050527741947314866 -0.076749621246567978 0.03482420555433792 0.01521049083503451 0.10078695340524797 -0.034472384039317787 -0.027173044240912433 0.12885480964770787 0.071736937800202114 0.0073356962062003572 -0.02110944926913479 -0.04896476773768918 0.048507840937595692 0.046238777578557044 0.020905917763935244 -0.057879233205446759 -0.028832754036071551 0.030643324932306495
leaf_weight=140.90487043745816 5.4192715170793226 115.65743127092719 0.23615647479892388 3.1292988532222816 17.190669236239049 9.3257588110864145 2.7265171133913091 1.4413199545815576 12.083368312567471 4.902094022370874 15.012388883158563 0.18612147681414981 0.81514079216867497 0.59022036567330394 0.18781171040609512 2.5043119080364704 14.412626615725459 1.2059853635728353 2.4784911945462227 1.1077220058068622 0.68737485818564703 12.303784023039041 2.755195029545578 0.34573187446221609 2.6755944206379363 1.6058337949216355 19.129536341875795 2.6798615269362909 1.9827271699905398 3.246525626629591 1.9534556455910204 0.86032652668655085 5.7111974032595754 6.3954313835129142 14.612273764796562 0.51546995248645544 10.890922477468846 3.8023535697720945 1.8035000269301225 9.5248421668075025 2.580265287309885 3.2063704878091803 6.0691694524139166 0.95341877080500026 5.6015861998312166 1.3935981867834932 5.0281870998442173 2.5349686131812637 1.0684673455543814 0.92945959186181504 1.2937498800456522 0.72786239441484202 1.3402539482340214 12.866294814739376 5.1284930435940721 1.2363779228180649 2.0034988988190889 3.7149213403463355 11.369282972998915 3.3496174961328498 1.8433618359267692 6.5048271119594574
leaf_count=32156 506 3601 52 25 3220 220 51 27 226 89 401 25 50 39 14 254 1804 124 45 17 12 184 71 18 64 15 308 36 18 64 23 32 59 261 541 19 115 169 19 71 34 31 888 20 1133 21 51 54 17 39 29 7 42 100 42 67 19 23 86 18 45 50
internal_value=-0.000817598 0.0240591 -0.037954 0.0113046 -0.0447287 0.00757949 0.0118837 -0.00566976 0.00895654 0.00611512 0.0322272 -0.0268241 -0.00374885 -0.00781161 0.0355816 0.00818888 -0.0133944 -0.0289558 0.0153745 -0.0394797 -0.000112768 0.00806988 0.00494943 -0.00243197 -0.0102529 0.0103594 0.0118333 0.0231355 -0.00102518 0.0177216 -0.0116465 0.00280166 -0.0142244 -0.0382779 -0.00426196 0.0796702 0.0122515 -0.00656895 -0.00439501 -0.0158977 -0.05038 0.0242054 -0.0285009 -0.0066731 -0.0130974 2.06812e-06 0.0163723 0.0237895 0.0405851 0.014922 0.0286015 0.0526738 0.0282437 0.0157626 0.00318226 -0.0222868 0.0113111 0.00794428 0.00289878 -0.00926839 0.0028138 0.0175104
internal_weight=535.744 320.829 214.915 205.171 168.448 174.163 131.457 42.7059 122.132 110.048 31.008 27.5434 10.3528 10.1667 3.28234 2.69212 46.4665 19.2048 3.68448 15.5203 37.2866 105.146 92.8424 27.2617 24.3676 68.4748 66.869 28.9921 9.86257 7.18271 3.93618 35.8453 12.794 7.08281 26.9159 0.751626 23.0513 8.95401 21.6124 13.9086 4.38377 14.0973 6.88431 26.1643 21.6075 16.0059 7.70378 4.55685 3.60344 5.15165 4.29133 2.99758 2.26971 15.9956 37.8769 5.96639 3.23988 31.9105 28.1956 16.8263 13.4767 8.34819
internal_count=47861 7350 40511 3749 36646 3223 1894 1329 1674 1448 526 4490 1270 1245 307 268 3865 1990 169 1821 823 1359 1175 1875 310 865 850 449 141 105 41 796 332 273 1857 71 464 318 239 124 53 146 938 1786 1695 562 115 91 71 149 117 88 81 125 401 137 86 264 241 155 137 95
is_linear=0
shrinkage=0.05


Tree=68
num_leaves=63
num_cat=0
split_feature=12 12 0 1 12 0 6 10 4 6 0 6 1 12 12 9 9 7 12 6 4 4 4 9 12 10 1 9 9 1 5 9 4 5 10 12 7 1 12 7 9 4 2 5 5 2 12 7 1 12 9 1 1 5 2 5 12 10 1 0 6 9
split_gain=185.082 36.043 14.1052 5.99986 4.2728 3.65769 3.6412 5.39292 4.19454 3.9385 5.83882 3.56822 3.18617 4.99052 4.80076 3.62222 2.99802 3.39791 3.45115 3.36374 2.87781 2.72784 4.08476 2.83785 3.68935 5.6986 3.67227 2.66064 3.25185 2.49038 3.83829 2.4603 2.36622 2.50431 2.32753 2.09872 2.45949 3.00764 2.09519 2.84146 2.02227 2.32433 1.90911 1.9733 1.90824 1.97792 1.87864 1.8674 2.73568 2.23469 3.50626 2.78914 2.62334 2.95405 2.70724 2.00468 2.28392 2.45686 1.76162 1.65649 1.61256 1.57951
threshold=0.42618899527413706 0.77970710046493774 0.77058029689608654 0.95040983606557383 0.35089396689023372 0.14119601328903658 0.5634920634920636 1.0000000180025095e-35 0.94957627118644072 0.75961538461538469 0.47538337368845851 0.17914438502673799 0.80759615384615391 0.72553614411503753 0.48506832767546765 0.5300120048019209 0.21525096525096529 0.87301587301587313 0.36013258274054855 0.32291666666666669 0.67430607651912988 0.67115270350564471 0.67430607651912988 0.48749218261413391 0.35667595755897613 0.16345083487940634 0.22828571428571431 0.37965517241379315 0.23606811145510839 0.94804318488529027 0.44949494949494956 0.21352583586626142 0.6906926406926408 0.37980769230769235 0.24106002554278419 0.564035962815011 0.16025641025641027 0.44954545454545464 0.70516999243656409 0.41428571428571431 0.26975051975051983 0.76028169014084523 0.48212005108556838 0.080128205128205135 0.84523809523809534 0.78319623971797903 0.53841480580355372 0.73214285714285732 0.96178188899707895 0.38896276472216856 0.15075757575757578 0.78827901658090338 0.91503452605147528 0.64583333333333337 0.95311355311355328 0.73214285714285732 0.42115187612069244 0.3874259381171824 0.99333333333333351 0.15831244778613199 0.59166666666666679 0.19098277608915909
decision_type=2 2 2 2 2 2 2 2 2 2 2 2 2 2 2 2 2 2 2 2 2 2 2 2 2 2 2 2 2 2 2 2 2 2 2 2 2 2 2 2 2 2 2 2 2 2 2 2 2 2 2 2 2 2 2 2 2 2 2 2 2 2
left_child=2 3 4 5 -1 -2 12 8 38 60 -11 58 13 14 59 27 31 19 -19 -18 -16 -6 -23 42 25 -25 -26 28 44 30 -30 47 -22 34 35 36 37 -34 39 -8 41 -31 -24 -44 45 -14 -32 48 49 52 51 -51 53 -4 -54 -49 57 -57 -5 -7 -9 -47
right_child=1 -3 16 11 21 6 7 9 -10 10 -12 -13 15 -15 20 -17 17 18 -20 -21 32 22 23 24 26 -27 -28 -29 29 40 46 -33 33 -35 -36 -37 -38 -39 -40 -41 -42 -43 43 -45 -46 61 -48 55 -50 50 -52 -53 54 -55 -56 56 -58 -59 -60 -61 -62 -63
leaf_value=-0.048082704059090715 -0.069006104216940367 0.046371743565175372 -0.024104074088803853 0.049317035703909946 -0.040550754930302996 0.077900850590270077 -0.023897241277966767 0.064010291372148087 0.016533075322436763 -0.095625162606267355 0.052200025429442631 0.049504468348129334 0.058853070509632135 -0.11130435034874674 -0.023391513933457297 -0.037661159719957912 -0.045763396793980317 -0.057228785024730416 0.047116665982722294 0.044749924802156976 0.079139040606649863 0.22848583577144976 -0.043485030861792458 0.0067399892990494511 0.21535293536741273 0.30049138414417881 -0.013259323731947079 0.032408084728022167 -0.063254555549093899 -0.022445161242987004 -0.01492654928124551 0.12733877452500272 -0.053258294068997507 0.047847216358377201 0.036585562263917057 0.010961163799520453 -0.09686546545290646 0.049892707019557288 0.0062925862210634663 -0.11598868006879036 -0.0057708622192907009 -0.090455386695873941 0.059853525522384758 -0.036850113355299086 0.04551634907512539 0.0049011579975125463 0.046985145797498712 -0.060032466007167377 0.1534379820169568 0.080696430306935837 0.12701848369982893 -0.012111452986760911 0.063179351725475161 0.15256347683552063 -0.02976594083694574 -0.041596259469236764 -0.096756779015180761 0.043236984060101041 0.0069903068496605077 -0.037734656487049038 0.032920337291373759 0.028025690686938099
leaf_weight=134.42954393336549 1.5567436558194447 110.7415204141289 10.898394252639275 3.0409882282838234 14.842109369579704 0.31969485711306234 1.9398969695903354 5.257077226880944 8.1553296502679569 1.3869499005377286 1.2886153850704429 14.354957200586794 2.0414235312491646 1.1563447080552567 5.795489234384152 4.0555516351014367 13.819152403622867 1.152099629864096 2.5382533925585449 1.1088087926618744 1.4216292365454162 0.17914529796689649 5.9096156130544824 0.39606936182826702 0.18693134794011745 0.28311731526628137 2.9135679318569601 12.155765783507375 1.3784173801541335 3.399060882627964 1.7163752377964554 0.36080047255381842 1.8261190867051467 3.6845090799033633 3.2899965979158869 4.5145613285712898 1.2517018094658849 1.152778703253716 1.5592896603047846 1.4741076454520223 6.2377380961552262 1.9928369857370851 1.0641868868842723 1.0460874210111795 4.1948991748504332 44.835606929846108 4.2824750542640686 2.7100574458017936 0.30032224673777719 1.0951772215776134 0.78826444689184416 3.1039504716172814 2.1859692088328293 0.24186717136763114 1.2210904564708474 1.4002141354139896 0.58093325654044736 2.1857462013140321 12.827921675518155 9.9103360623121244 20.184061168693006 8.8404532484710199
leaf_count=32156 42 3601 1075 25 2899 10 44 102 110 17 33 401 42 12 182 73 1804 124 45 17 14 20 1069 27 10 22 334 192 48 27 37 18 90 45 42 64 6 16 12 8 48 21 24 85 70 528 42 176 6 48 29 78 24 18 55 295 6 47 100 771 383 92
internal_value=-0.000805465 0.0234372 -0.0374985 0.0108937 -0.0444472 0.00728841 0.0079842 0.0209216 -0.00553701 0.033276 -0.0244291 0.0314413 0.00386221 -0.00919689 -0.00563697 0.00857395 -0.0129757 -0.0284199 0.0145408 -0.0390403 0.00706718 -0.0262256 -0.00847609 -0.0120737 0.0236443 0.12919 0.000523875 0.0106328 0.00727878 -0.0107409 0.011983 -0.00235444 0.0173653 0.0117787 0.000736493 -0.0127502 -0.0380531 -0.0133408 -0.0417281 -0.0636607 -0.0251558 -0.0475816 -0.0289072 0.0119164 0.0129954 0.010547 0.0292711 -0.00410621 0.00367804 0.00137567 0.0302578 0.0120938 -0.00852627 -0.0202684 0.0298678 -0.0265582 -0.00478722 0.010112 0.0151015 -0.034121 0.0393447 0.00870977
internal_weight=520.163 313.221 206.941 202.48 161.25 172.256 170.699 41.2453 13.1286 28.1167 2.67557 30.2239 129.454 34.3232 33.1668 95.1306 45.6911 18.6183 3.69035 14.928 22.9368 26.8208 11.9787 11.7996 3.77969 0.679187 3.1005 91.0751 78.9193 19.0069 7.37727 27.0728 17.1413 15.7197 12.0352 8.74516 4.2306 2.9789 4.97329 3.414 11.6296 5.3919 8.01989 2.11027 59.9124 55.7175 5.99885 26.712 19.835 19.5347 4.98739 4.19913 14.5473 11.1403 3.40706 6.87695 4.16689 3.58596 15.8689 10.23 25.4411 53.6761
internal_count=47861 7350 40511 3749 36646 3223 3181 709 174 535 50 526 2472 1252 1240 1220 3865 1990 169 1821 459 4490 1591 1571 393 49 344 1147 955 223 127 1875 277 263 218 176 112 106 64 52 96 48 1178 109 732 662 79 1857 1333 1327 155 126 1172 1093 79 524 348 342 125 781 485 620
is_linear=0
shrinkage=0.05


Tree=69
num_leaves=63
num_cat=0
split_feature=12 12 1 5 0 1 3 2 5 6 5 7 0 0 10 12 12 1 7 2 10 10 3 4 12 6 3 6 0 7 2 2 1 12 4 4 5 4 10 4 4 1 1 1 0 12 12 12 1 1 7 1 1 2 1 12 0 4 4 12 12 2
split_gain=172.98 35.0775 13.9994 16.7425 7.83233 5.6283 3.55913 4.15363 3.65758 3.54691 2.82536 7.36267 2.32474 2.50685 2.21565 2.57869 2.07537 2.03565 3.16518 3.06774 2.79373 2.7085 2.6526 2.98757 2.5431 1.98397 4.56444 1.97699 2.74302 6.59003 3.74992 3.39527 3.23937 2.33855 1.91044 3.18516 1.85028 1.81999 2.56633 3.79056 2.91714 2.99549 2.32788 1.66054 1.60484 1.56379 3.70139 2.16195 2.74027 2.92105 1.70052 1.51774 3.15182 2.2009 2.4347 2.25667 3.38627 1.53643 1.50518 1.50213 1.48153 1.41243
threshold=0.42618899527413706 0.77970710046493774 0.64051282051282066 1.0000000180025095e-35 0.77058029689608654 0.95040983606557383 0.75123762376237635 0.32305502846299822 0.31666666666666671 0.17914438502673799 0.78888888888888908 0.87301587301587313 0.3128765060240965 0.14119601328903658 0.22540322580645164 0.51711730126736499 0.42115187612069244 0.71339285714285727 0.19090909090909094 0.34002408671216383 0.16247642991829042 0.067231638418079109 0.97332859174964448 0.83883535819019694 0.62790203878499784 0.5634920634920636 0.80735492577597856 0.48076923076923084 0.92907444668008055 0.73214285714285732 0.9104278074866311 0.82972848596410509 0.94804318488529027 0.70516999243656409 0.67890835579514841 0.6866570760654559 0.81666666666666676 0.87681770284510019 0.50362318840579723 0.55086231884057979 0.70614630467571649 0.90064102564102566 0.74046885318071765 0.99333333333333351 0.21778656126482213 0.30837436894229048 0.33493757097548921 0.33088999725441309 0.77190241228070178 0.93361581920903958 0.87301587301587313 0.64693366708385491 0.74439032055311138 0.79118217054263573 0.80759615384615391 0.50040120607370453 0.81016731016731025 0.69847105508870222 0.97801932367149769 0.87579263542427721 0.26180976732917122 0.74133811230585434
decision_type=2 2 2 2 2 2 2 2 2 2 2 2 2 2 2 2 2 2 2 2 2 2 2 2 2 2 2 2 2 2 2 2 2 2 2 2 2 2 2 2 2 2 2 2 2 2 2 2 2 2 2 2 2 2 2 2 2 2 2 2 2 2
left_child=2 5 16 -4 -5 6 8 12 34 43 14 -12 13 -8 17 -16 25 19 -19 -9 21 -21 23 24 -20 -1 -27 33 29 30 31 -29 -30 -25 -2 -36 -13 38 39 -6 -41 -42 60 -7 -18 -44 47 48 -47 -50 -48 -10 -53 55 -55 56 -54 -56 -28 -3 -40 -37
right_child=1 59 3 4 37 9 7 10 51 -11 11 36 -14 -15 15 -17 44 18 22 20 -22 -23 -24 27 -26 26 58 28 32 -31 -32 -33 -34 -35 35 61 -38 -39 42 40 41 -43 45 -45 -46 46 50 -49 49 -51 -52 52 53 54 57 -57 -58 -59 -60 -61 -62 -63
leaf_value=-0.049135170854527448 -0.049544259947684556 0.03853821665066981 0.077958851637794396 -0.045793096261338456 -0.050259015899368535 0.048244218385731161 -0.071976064102381485 0.063804715611821869 0.052709886566476308 0.049236770249127412 -0.097927774125671746 -0.021099850497620823 -0.064925328107553026 0.0032078126948493452 -0.0061190139848818683 0.049876011166949424 0.059265407834018784 0.052090260941621697 0.0066487922044145414 -0.026344262841047152 -0.068985580339607069 0.035924940812284915 0.053317784467823627 0.045611082489226129 0.053605665403505323 0.26450974203563299 -0.050549811425751184 0.030451262152821415 0.044296816302498841 -0.1148715762517605 0.055017888522291863 -0.053373644507652668 -0.023305317479465317 -0.020301591428467585 0.088055315501260834 -0.040405790831969032 0.053155310794516047 0.060543289455261599 -0.052248482081385064 0.029533196699414191 -0.06526285223579896 0.039107643181045641 -0.033303247507333031 0.006660312881645921 -0.050502398961294187 0.11478363407088954 -0.021137568784250445 0.098619328187416727 -0.051948265614102422 0.063258371208280664 0.013079857002397461 -0.046911961930913362 -0.053490429707912429 -0.04509071919483261 0.0062888854525289476 0.0881909233934179 0.075476430693523805 -0.028561286475459254 0.088468201303480085 0.050765208472802595 0.1216777921249175 0.053885908869132353
leaf_weight=117.97262711985968 5.41082143364474 40.869436088949442 4.0827658697962752 29.968033538898453 9.4968021363019961 2.9553723195567736 1.1975686820223987 1.4813310229219485 1.5073086563497771 13.727240176871417 1.8214721679687489 1.3368770182132723 1.6357527771033336 14.942914232611654 2.5224253572523585 11.121147787198423 0.79792930558323749 7.1792597444728008 5.3567520771175605 4.0862965164706093 1.8297163541428743 3.049582167994231 4.2204892560839644 4.2444514185190227 6.2448259741067886 0.1579217417165627 0.93745553027838446 1.7698768451809899 4.0455798618495455 1.7166293412446973 1.8725534602999685 3.80516367405653 3.1532857790589333 1.9704272560775278 0.76244973437860641 2.6142294891178612 2.252317413687706 0.83160063251852889 0.15635515702888625 3.6060625943355253 2.3901560595259075 0.96503760945051897 4.692835069261494 12.791284292936325 0.57145859999582171 0.58594629261642994 12.677186094690116 1.1784911598078904 1.389644484035671 0.91082900576293457 5.0884236386045805 3.1422192906029514 1.0675891223363576 2.612559813540428 54.293743363581598 1.5388527680188415 0.97276142612099636 3.3582155760377637 0.2457522451877594 65.181502820923924 0.56444710679352283 0.46829866617918003
leaf_count=29740 562 1311 67 6594 2156 25 19 30 27 401 16 23 67 258 37 238 13 181 65 61 35 78 97 50 115 14 140 28 59 9 29 42 47 26 18 157 49 7 9 99 92 25 453 100 87 45 708 40 127 15 33 105 37 73 518 14 9 39 1 2290 46 5
internal_value=-0.000794476 0.0228058 -0.037051 -0.0206277 -0.0260303 0.0104836 0.00699799 0.0136062 -0.000894323 0.0306596 0.0187518 -0.0160531 -0.0081268 -0.00237057 0.0214548 0.0395236 -0.0477453 0.0170547 0.0216175 -0.00285276 -0.0138662 0.000267043 0.0159203 0.0113025 0.0319244 -0.0484477 0.0120234 0.000706031 -0.00841225 -0.0265564 -0.00620019 -0.0267622 0.0146854 0.0247135 -0.0303953 -0.00344802 0.0254973 -0.0127314 -0.0141258 -0.0297149 -0.00168784 -0.0352433 -0.00470843 0.0144649 0.0134583 -0.00711783 -0.00148884 0.0415524 0.0182527 -0.00633437 -0.011337 0.00309228 0.00197579 0.00438191 0.00211949 0.0424753 0.00799606 0.00425887 -0.0216758 0.0460532 0.08395 -0.026081
internal_weight=505.398 306.131 199.268 78.5846 74.5019 200.08 170.606 92.8567 77.749 29.4739 75.0805 5.41067 17.7762 16.1405 69.6698 13.6436 120.683 56.0262 45.5793 10.4469 8.9656 7.13588 38.4 34.1795 11.6016 119.314 1.34113 22.578 16.3631 9.16422 7.44759 5.57504 7.19887 6.21488 9.2558 3.84498 3.58919 44.5338 43.7022 16.4581 6.96126 3.35519 27.2442 15.7467 1.36939 26.5234 21.8305 4.06491 2.88642 2.30047 17.7656 68.4933 66.9859 63.8437 60.2645 3.5792 2.04035 57.652 1.18321 106.051 0.720802 3.08253
internal_count=47861 7350 40511 10516 10449 3749 3223 1659 1564 526 1315 88 344 277 1227 275 29995 952 748 204 174 139 567 470 180 29895 155 290 214 108 99 70 106 76 742 180 72 3855 3848 2372 216 117 1476 125 100 1421 968 227 187 142 741 822 795 690 630 60 46 557 141 3601 55 162
is_linear=0
shrinkage=0.05


Tree=70
num_leaves=63
num_cat=0
split_feature=12 12 1 5 3 2 5 3 0 2 6 1 7 0 2 3 3 3 7 7 7 0 9 1 2 9 9 5 4 6 9 12 9 3 3 3 2 3 9 0 12 9 12 2 9 9 3 4 3 4 3 12 9 9 2 1 9 9 12 4 5 7
split_gain=156.916 35.5729 14.9437 17.8858 7.07595 7.91843 5.1821 4.63462 5.35015 4.86493 3.52452 5.09452 2.86734 2.73584 2.56143 2.27469 3.01296 2.84705 2.77776 2.68873 2.22935 3.97847 3.49908 4.66466 3.63376 2.72425 3.90347 3.00592 2.69822 2.32163 2.20094 2.16208 2.74956 2.1387 5.05881 2.77828 2.11586 7.73475 2.10277 2.73412 2.17363 2.03612 1.87341 1.80179 1.78659 4.93677 3.0548 18.408 1.676 1.6718 2.19314 1.66152 1.74745 1.63283 2.095 1.87615 1.58528 1.55692 1.5433 3.7403 2.40528 3.90403
threshold=0.43844543990564816 0.77970710046493774 0.68410526315789488 1.0000000180025095e-35 0.75123762376237635 0.43288288288288296 0.31666666666666671 0.86706827309236967 0.23166368515205729 0.22048611111111119 0.5634920634920636 0.22828571428571431 0.22649572649572652 0.34525329927628784 0.32856266612144763 0.80735492577597856 0.87112743532417769 0.85867895545314898 0.19090909090909094 0.27922077922077926 0.5277777777777779 0.95040983606557383 0.063164893617021281 0.80759615384615391 0.94804318488529027 0.47114317425083246 0.43804824561403516 0.44949494949494956 0.65926216640502355 0.13809523809523813 0.68469785575048747 0.62790203878499784 0.15707236842105265 1.0000000180025095e-35 0.53390804597701169 0.55291153415453542 0.99333333333333351 0.44327485380116965 0.12372448979591838 0.90070422535211281 0.65576731082107542 0.033908045977011504 0.86349185765345748 0.13446327683615822 0.084523809523809543 0.10435571687840291 0.90521114106019773 0.86453119786453125 0.84660633484162906 0.87681770284510019 0.97937925170068041 0.29911203534269953 0.38379705400982006 0.067424242424242428 0.74543037554004665 0.83847248576850097 0.22086720867208673 0.28232998885172805 0.68182276075382453 0.93194682675814755 0.5634920634920636 0.38750000000000007
decision_type=2 2 2 2 2 2 2 2 2 2 2 2 2 2 2 2 2 2 2 2 2 2 2 2 2 2 2 2 2 2 2 2 2 2 2 2 2 2 2 2 2 2 2 2 2 2 2 2 2 2 2 2 2 2 2 2 2 2 2 2 2 2
left_child=2 4 7 -4 12 13 -5 10 9 -9 36 -12 30 14 57 -7 17 31 -18 -20 25 22 24 -24 -22 26 27 28 -14 -23 -2 32 41 -8 -35 -36 -1 -38 39 -19 -40 -17 44 -32 -3 -46 47 -47 51 -21 58 -37 -53 -29 -55 -56 -31 -6 60 -60 61 -51
right_child=1 42 3 6 5 15 33 8 -10 -11 11 -13 20 -15 -16 16 18 38 19 49 21 29 23 -25 -26 -27 -28 53 -30 56 43 -33 -34 34 35 48 37 -39 40 -41 -42 -43 -44 -45 45 46 -48 -49 -50 50 -52 52 -54 54 55 -57 -58 -59 59 -61 -62 -63
leaf_value=-0.048644992462221294 -0.046040289016415492 0.04855869939189536 0.084998054491962169 -0.04375667236136048 -0.04502018633824216 0.052332990020548323 -0.0068928845303835575 -0.0046361647114677362 -0.039479371333552879 0.1686666743059341 0.20441371688160992 -0.051031219085292789 -0.029465704998506939 -0.042388381515448881 0.046779994276114109 -0.011183503438857078 0.055952079119048752 -0.054000868214095249 -0.032060265598105146 0.044953970530841686 -0.011839585337348567 0.00072484461399444414 -0.062669829368859301 0.021185651971273225 -0.082365304581864293 -0.050056390851155486 0.11262293777763602 0.056504074812127637 0.038131749497399656 0.053366818104206494 -0.052017030281888949 0.039842528051500126 -0.030437444200377917 -0.050246523643147779 0.10469837363176034 0.041140942808577823 -0.050269852196138692 0.44623330704556025 -0.0070114546258189031 0.054104904516782598 -0.083258748109863223 0.057550695824650083 0.051509189235851606 0.080725999824956207 -0.072770578821211324 0.039709917341168632 0.047600746043234193 -0.24052717271544655 0.059082919248205724 0.030216763480711503 0.052111777632162709 -0.04235249310790179 0.034860759365401804 0.065722321514417245 -0.04814742813732345 0.025656689231788033 0.0032559312857881949 0.00043551259813353975 0.044193219990923467 -0.011477374893389998 0.034995734616508491 -0.0628462523409377
leaf_weight=117.64414563425817 5.232483626343309 16.898260727524757 4.027289291843771 21.630239571910352 2.1593072502873936 7.9480506982654324 32.666383788920939 0.85959266126155742 2.5051035941578448 0.76565143093466759 0.33846644312143226 0.46108073159120977 4.7609083158895471 4.2407085590530178 2.7358032120391718 1.8617267366498724 9.1284526158124191 0.91122245043516104 1.9437934830784787 10.617776641622184 3.4482742380350819 44.379167859908193 2.2857639417052251 6.0426727919839323 3.8832226130180061 1.3839130611158896 1.1317494907416392 4.5438224207609874 2.1397045650519431 3.8257344756275407 0.40481193363666512 7.3423460833728313 3.5624852757900953 10.718045440269636 0.62195849721319874 1.0659362806472925 0.35566845466382702 0.10063554253429174 1.9522810140624645 1.6330398824065921 1.793306805193424 2.5576852485537529 66.868698753416538 0.69369939807802439 1.1866783723235155 4.1040951069444409 10.915052257478235 0.68360509164631356 0.86850692331790913 1.880257323384291 4.6890592724084845 3.9040050765033811 0.90207254164852191 1.4450766574591396 1.4997541271150114 2.0220353696495295 2.6866185590624809 14.763037337921558 8.4748725444078428 4.6850673686712971 2.5204344969242811 2.8127824030816555
leaf_count=30757 465 596 45 4933 70 161 1979 45 350 18 2 60 177 127 50 34 226 14 26 219 36 345 50 70 30 31 12 42 19 78 19 165 31 2531 52 50 73 15 16 42 25 36 2449 30 35 127 345 19 9 26 130 97 30 18 26 19 24 227 167 67 42 24
internal_value=-0.000722265 0.0225841 -0.0349254 -0.0175576 0.00996356 0.0191504 -0.0232641 -0.0457112 0.00635655 0.0770067 -0.0475199 0.0571044 -6.42328e-05 -0.00596509 0.00189224 0.0270156 0.0240723 0.00863476 0.0312093 0.0252061 0.00234054 -0.00196565 -0.0240039 -0.00182873 -0.0491944 0.017482 0.0228099 0.0166163 -0.00850545 0.00481579 -0.0325324 0.0202607 0.00224796 -0.0145294 -0.0283264 0.00358414 -0.0482282 0.0592314 -0.0196902 0.015387 -0.043517 0.0285956 0.0466604 0.0318089 0.0370642 0.0255637 0.032995 -0.000303344 -0.00574583 0.0283258 0.0212813 -0.0153344 -0.02786 0.0348437 0.0150282 -0.0057728 0.032694 -0.00536468 0.0141855 0.0243739 -0.00440191 -0.0255607
internal_weight=492.114 292.679 199.435 76.4044 192.023 100.213 72.3771 123.03 4.13035 1.62524 118.9 0.799547 91.8094 23.8989 19.6581 76.3146 68.3666 21.6141 46.7525 37.624 85.4784 66.5515 15.6599 8.32844 7.3315 18.927 17.5431 16.4113 6.90061 50.8915 6.33099 15.3242 7.9819 50.7469 18.0805 7.36248 118.1 0.456304 6.28985 2.54426 3.74559 4.41941 100.656 1.09851 33.7877 16.8894 15.7028 4.7877 6.74052 35.6803 25.0625 5.87201 4.80608 9.51069 4.96687 3.52179 6.51235 16.9223 20.3734 13.1599 7.21347 4.69304
internal_count=48033 6987 41046 9726 3416 1925 9681 31320 413 63 30907 62 1491 474 347 1451 1290 363 927 701 977 633 186 120 66 344 313 301 196 447 514 266 101 4748 2769 238 30845 88 97 56 41 70 3571 49 1122 526 491 146 186 675 456 177 127 105 63 45 102 297 326 234 92 50
is_linear=0
shrinkage=0.05


Tree=71
num_leaves=63
num_cat=0
split_feature=3 5 1 6 3 9 5 1 4 6 10 2 0 2 5 1 5 4 3 7 7 9 7 9 0 2 2 6 7 9 9 10 0 3 5 10 6 2 3 10 3 5 5 1 1 9 7 1 1 3 4 9 9 9 0 3 4 2 10 3 6 9
split_gain=123.124 44.3365 29.2115 5.27713 4.9764 4.62365 5.44707 3.92858 3.79492 5.11411 3.70386 3.66882 3.39871 6.28865 3.49684 2.99787 11.6717 2.84247 6.00472 5.6634 6.63116 3.70491 3.4334 7.03769 2.78423 2.71814 2.69228 2.63647 2.61835 2.44607 2.36146 2.41357 2.74628 2.34512 2.32359 2.28678 4.54007 2.22686 2.06007 6.74322 3.89123 2.10186 2.15644 2.01706 1.92866 1.84301 2.37196 1.84221 3.45573 2.37797 2.08061 4.0058 1.90756 1.85747 2.1376 2.03622 1.79327 1.64929 1.58234 1.4813 1.47132 1.42984
threshold=0.76028169014084523 0.31666666666666671 0.60459830866807618 0.5634920634920636 0.85028735632183927 0.031754032258064523 0.080128205128205135 0.89932432432432441 0.73413406214039134 0.55050505050505061 0.22540322580645164 0.41324575807334435 0.57338551859099818 0.99333333333333351 0.44949494949494956 0.71930794430794431 1.0000000180025095e-35 0.86037735849056607 0.90521114106019773 0.58571428571428574 0.78888888888888908 0.53390804597701158 0.69047619047619058 0.10435571687840291 0.82972848596410509 0.98213716108452964 0.89039039039039047 0.42261904761904767 0.38750000000000007 0.27622890682318418 0.031754032258064523 0.23582887700534763 0.91734972677595639 0.70859704641350219 0.31666666666666671 0.5747340425531916 0.10818713450292398 0.95311355311355328 0.97937925170068041 1.0000000180025095e-35 0.93046281372323292 0.44949494949494956 0.61250000000000016 0.96178188899707895 0.17519181585677754 0.23861283643892342 0.87301587301587313 0.34295634920634926 0.33166248955722649 0.94360822556709789 0.90325224748810151 0.27842377260981915 0.46470099667774095 0.65419580419580436 0.18350168350168358 0.98437118437118454 0.65926216640502355 0.63702239789196324 0.31455026455026464 0.82426470588235301 0.43650793650793657 0.087595907928388769
decision_type=2 2 2 2 2 2 2 2 2 2 2 2 2 2 2 2 2 2 2 2 2 2 2 2 2 2 2 2 2 2 2 2 2 2 2 2 2 2 2 2 2 2 2 2 2 2 2 2 2 2 2 2 2 2 2 2 2 2 2 2 2 2
left_child=1 15 4 5 8 24 -7 12 9 10 -2 -5 13 -3 56 -1 -17 21 19 -19 -21 22 57 -24 -4 -9 -20 59 -16 34 -30 60 45 35 44 36 -27 -34 39 40 -13 -42 -43 -38 -6 -33 -47 48 53 -50 51 -49 -52 54 -31 -56 -14 -8 -46 -25 -32 -44
right_child=2 7 3 11 29 6 17 25 -10 -11 -12 38 14 -15 28 16 -18 18 26 20 -22 -23 23 27 -26 33 -28 -29 30 47 31 32 37 -35 -36 -37 43 -39 -40 -41 41 42 61 -45 58 46 -48 50 49 -51 52 -53 -54 -55 55 -57 -58 -59 -60 -61 -62 -63
leaf_value=-0.04855703747796497 -0.045840863445993502 -0.005079801394265184 -0.018014172607210614 -0.039005815550858219 0.078171569978569819 0.07316264470835894 -0.012012602272090639 0.027416793505329065 -0.045605935871628617 0.32733253371508536 0.08397944677258401 0.06098926456797648 -0.039035067000416507 0.27265375942166864 0.022440742572988497 0.070685886733617587 -0.04158556592282469 0.016385387921813398 -0.025649945764985541 -0.1369496204347854 -0.0046468239239937691 -0.061921227745674927 -0.11245129929626096 0.023623341263062862 0.05173782428788179 -0.057666255025415836 0.038157472222062623 0.038230613772855998 -0.055815608608298942 0.067648596118388277 -0.04063875653068378 0.01548156589438987 0.023780532921735011 0.03963164337120556 0.057993688996804751 0.00209552390885539 -0.011009474105874871 -0.056738596083636655 0.051569717881512073 0.045778614035900146 0.031842915161996853 -0.052402876388221067 0.051706500762083031 0.050546255962343183 -0.05180848023431664 -0.051964000202876372 0.066647763110616529 0.2007348703560341 0.11031274269100987 0.019992187635242145 -0.029239542276992315 -0.035027221732083863 0.035428150714266131 -0.043252490676220418 -0.023317158841140065 0.061694803149118196 0.0077891171418954745 0.047267908761799787 0.018908072776259041 -0.037342535660121599 0.055190701903238874 -0.027766582228297278
leaf_weight=103.94254353432916 1.3839787759352473 0.67183215660042961 1.5592862963676477 1.3385569071397174 0.3644623681902911 3.8896311726421109 1.2926008966751439 10.14113826677203 11.890177034307269 0.13062328007072199 0.9111404982395469 2.1020143032073957 16.359569790773097 0.29257829277776182 6.3832250603009006 2.6249446272850063 19.599536306690425 2.4463992747478178 2.2512774653732759 2.2305372226983309 1.6459722984582188 1.2837124329525966 1.1485986411571509 1.6573612987995128 17.341331999748945 5.1484739279840124 6.2225949503481388 6.33020936883986 2.8818784130271551 1.6651017908006922 6.2996922077145454 14.845189483137807 1.1658171161543567 3.4946810398250809 0.782902032136917 53.693733571097255 5.6482335852924734 3.2594392052851617 50.879535919055343 45.908536669798195 1.8069466836750505 3.8382893931120634 1.0537120252847674 1.7410549835767595 4.8959870343096554 2.2023132315371181 0.52125716465525318 0.1870415508747082 1.7060279264114799 1.2721424978226421 1.5745332613587377 4.9039365265052766 4.1356074307113886 1.4423667499795554 2.6603050683625047 0.95804172940552224 2.336856448557227 12.713657023385165 0.9434749106876551 2.4981391876935959 0.42773812450468529 1.2226841226220129
leaf_count=27977 304 107 17 26 2 78 108 125 2280 5 58 37 3173 7 349 24 4573 35 26 22 26 59 13 34 582 888 125 135 131 22 465 406 21 77 10 423 136 111 1895 1565 26 39 35 43 316 119 6 1 39 12 25 256 45 21 103 10 122 231 63 33 6 25
internal_value=-0.000705965 -0.0235883 0.027427 0.0365072 -0.0100732 0.0251892 0.0165724 -0.00394979 -0.0339783 0.0230163 0.00569656 0.0432583 -0.0138972 0.0791777 -0.0154807 -0.0449932 -0.0283251 0.0112965 -0.00630821 -0.0431818 -0.0807736 0.0209715 0.0251216 0.00504645 0.0459833 0.00323011 0.0212056 0.0179171 -0.00676818 0.002375 -0.0126678 -0.00833838 -0.000322172 -0.000287654 -0.0231751 -0.00239398 -0.0216206 -0.0355261 0.0442892 0.0376664 0.000512324 -0.0155353 -0.029536 0.00349421 -0.0334182 0.00854508 -0.0292632 0.0110808 0.0268921 0.0717318 -0.00312442 -0.0263654 0.0175965 0.00703726 0.0207662 -0.000808259 -0.0331825 0.0417971 -0.0403829 -0.0130272 -0.0345458 0.0090204
internal_weight=478.151 263.682 214.469 172.662 41.8079 64.5113 45.6107 137.515 14.3159 2.42574 2.29512 108.15 57.6474 0.96441 56.683 126.167 22.2245 41.7211 14.7968 6.32291 3.87651 26.9243 25.6406 11.6343 18.9006 79.8673 8.47387 10.4857 37.9866 27.4919 31.6033 28.7214 21.994 69.7262 6.98683 66.2315 12.5378 4.42526 106.812 55.9322 10.0236 7.92163 6.11469 7.38929 6.20392 17.5688 2.72357 20.5051 9.70399 2.97817 10.8011 5.09098 5.71014 6.72582 5.28345 3.61835 18.6964 14.0063 5.83946 4.1555 6.72743 2.2764
internal_count=48033 39289 8744 5172 3572 1524 925 6715 2647 367 362 3648 5023 114 4909 32574 4597 847 234 83 48 613 554 215 599 1692 151 202 1614 925 1265 1134 663 1567 391 1490 1067 132 3622 1727 162 125 99 179 381 531 125 534 207 51 327 257 70 156 135 113 3295 339 379 67 471 60
is_linear=0
shrinkage=0.05


Tree=72
num_leaves=63
num_cat=0
split_feature=12 12 1 5 3 2 5 3 0 2 6 1 12 0 5 5 10 5 10 9 2 5 10 3 3 10 12 10 2 4 9 9 3 4 3 4 0 12 4 2 2 4 10 0 1 6 3 9 12 4 1 6 10 10 9 12 2 3 12 6 4 0
split_gain=137.778 33.3383 14.5188 15.3334 6.07778 6.95937 4.92193 4.42998 4.64656 5.08443 3.15784 3.787 2.45209 2.44784 2.2705 3.91518 2.8418 2.63112 2.79308 5.64968 2.23442 2.19301 1.99391 4.5383 2.33227 2.82401 1.98706 1.93406 1.92103 6.74652 1.82308 5.39526 2.91786 12.7676 1.74425 2.46573 2.29507 2.13091 2.28044 2.25296 3.9779 2.85693 1.90233 1.73687 2.14662 1.62596 1.55924 2.02965 2.48039 1.52704 1.80504 1.47867 1.40876 3.30065 2.49602 1.96148 1.42249 1.39324 1.38763 1.98883 3.60531 2.69253
threshold=0.43844543990564816 0.77970710046493774 0.68410526315789488 1.0000000180025095e-35 0.75123762376237635 0.43288288288288296 0.31666666666666671 0.86706827309236967 0.23166368515205729 0.23845060412224592 0.5634920634920636 0.22828571428571431 0.43216994598982794 0.34525329927628784 0.86607142857142871 0.78888888888888908 0.20468236582694418 0.095454545454545472 0.18441295546558709 0.15075757575757578 0.32856266612144763 0.31666666666666671 0.50362318840579723 0.53390804597701169 0.55291153415453542 0.12861869313482219 0.86349185765345748 0.16345083487940634 0.99333333333333351 0.48954233052171198 0.084523809523809543 0.10102040816326532 0.90521114106019773 0.86453119786453125 0.97937925170068041 0.86037735849056607 0.73375527426160347 0.72553614411503753 0.93194682675814755 0.89039039039039047 0.96490147783251234 0.90325224748810151 0.15184453227931491 0.20169491525423733 0.85566901408450702 0.39230769230769241 0.84660633484162906 0.51754926108374399 0.29911203534269953 0.93563184374075181 0.59417229729729737 0.54195804195804198 0.24509048902579902 0.28918128654970765 0.28232998885172805 0.50040120607370453 0.15535444947209656 0.86706827309236967 0.40406182188469625 0.36931818181818188 0.73076923076923084 0.27543103448275869
decision_type=2 2 2 2 2 2 2 2 2 2 2 2 2 2 2 2 2 2 2 2 2 2 2 2 2 2 2 2 2 2 2 2 2 2 2 2 2 2 2 2 2 2 2 2 2 2 2 2 2 2 2 2 2 2 2 2 2 2 2 2 2 2
left_child=2 4 7 -4 21 13 -5 10 9 12 28 -12 -9 20 15 16 17 57 27 -20 52 43 23 -8 25 -25 30 34 58 -30 -3 -32 33 -33 35 36 -19 39 -39 51 -41 -42 45 -2 -45 -38 47 48 -26 50 -15 -37 54 -54 -6 -56 -57 -7 -1 -60 61 -61
right_child=1 26 3 6 5 14 22 8 -10 -11 11 -13 -14 49 -16 -17 -18 18 19 -21 -22 -23 -24 24 46 -27 -28 -29 29 -31 31 32 -34 -35 -36 37 42 38 -40 40 41 -43 -44 44 -46 -47 -48 -49 -50 -51 -52 -53 53 -55 55 56 -58 -59 59 60 -62 -63
leaf_value=-0.049697296338365379 0.033647686711116814 0.048146775041749641 0.079203147647187472 -0.043138604756818327 -0.070760234734122227 -0.011454942920960611 -0.050225557709709025 -0.051539117757498559 -0.038617878286835619 0.20199279675623349 0.16763736612847713 -0.050944082941526331 0.096506324795382306 -0.056562596033422334 0.051772700765230717 -0.031337579706751162 0.04570274307522286 -0.021603498880170515 0.053336712269184738 -0.093174376621492069 0.044202137920364072 0.0024412885804686668 -0.0065376126940436645 -0.050847871208873144 0.042108887553123253 0.16444508117548845 0.051368832516871979 0.056909977148221526 -0.050284412575464732 0.38849630168550869 -0.083381423831539625 0.038934491374908127 0.047113838681441179 -0.17027510701105364 0.046171141243233037 -0.013259947820311325 0.012981565057245523 0.046128937808882456 -0.014576137510931619 0.054211685062805395 -0.058952374132949903 0.017133579382687936 -0.023255318020698267 -0.044656534878414957 0.047402557654120603 0.056413900447066567 0.058256459408327313 0.065903741331307983 -0.045088669192289745 -0.083271276999827157 0.024788592357377751 -0.073169512534623379 0.091856109172009981 -0.012217418413298813 -0.053104248683787381 -0.036877367348621459 0.013032475286917592 0.05592745565055695 -0.05084192813579802 0.12759371683940376 -0.051541181193128449 -0.050223801439024142
leaf_weight=102.24499651230872 1.0734026161953796 15.448263859376313 3.9394015837460747 19.986221380531788 1.6023743008263505 0.87308926554396649 9.5911971027962881 0.65188723895698675 2.3778740903362632 0.50901630800217379 0.37453253567218681 0.42078387225046754 0.48988474905490875 1.472381470492109 7.5167298875749102 3.1822565756738177 13.620815875008701 2.0243470398709205 1.1053447872400277 1.6258263103663919 2.6876298589631906 82.717200754210353 32.644622971303761 0.2315594619140019 1.0279363244771955 0.44508980168029666 60.865045918151736 3.0125863067805758 0.38283450598828395 0.11359910108149052 1.0887820813804889 3.8948562033474436 10.132383110001681 0.89726794138550747 4.025305436924099 2.0486877188086527 3.0968546569347364 3.9115282520651808 2.5593101400882006 2.4932347349822521 2.6274046152830124 2.3259700685739517 1.2041272781789292 5.9629618464969099 0.70846520643681277 7.084469037130475 0.80568151548504818 0.66548536741174746 3.9472237308509648 1.3866703193634746 1.2700137477368114 2.0712680593132973 1.168643100652843 2.1885008020326495 1.7454802966676641 1.7277794955298293 8.2181860171258432 6.3214293131604791 2.6811560094356528 0.77441917266696714 1.0570851790253071 0.29359807400032878
leaf_count=30049 54 596 45 4933 60 21 2488 51 350 10 2 60 2 85 256 42 318 19 26 19 50 899 2023 32 46 20 2449 61 79 9 30 129 347 20 104 23 38 59 37 44 21 29 16 529 9 130 9 12 118 18 24 18 12 35 81 18 91 170 478 29 133 68
internal_value=-0.0006917 0.021519 -0.0340679 -0.0167537 0.0093631 0.0181123 -0.0222049 -0.0453596 0.00612324 0.0705705 -0.0472739 0.0519909 0.0119807 -0.00556302 0.0257515 0.0227522 0.025527 0.0198504 0.0149803 -0.0338792 0.00189873 5.91621e-05 -0.0137284 -0.0277729 0.00246004 0.0907686 0.0460951 0.0184477 -0.048008 0.050122 0.0358926 0.0240708 0.0319098 -0.000237504 0.0151812 0.0112144 0.0274523 -0.000857467 0.0221192 -0.0137116 0.00270229 -0.0232245 0.0361744 -0.0253827 -0.0348804 0.0432031 -0.00680941 -0.0161031 -0.0270725 -0.0405103 -0.0188885 -0.0433789 -0.00492946 0.0240112 -0.012238 -0.00421719 0.00436231 0.0477503 -0.0484631 -0.0222071 0.0139203 0.0787117
internal_weight=464.643 278.987 185.656 73.2844 186.66 96.1982 69.345 112.372 4.02866 1.65079 108.343 0.795316 1.14177 23.4677 72.7306 65.2139 62.0316 48.4108 41.2163 2.73117 19.3386 90.462 49.3588 16.7142 7.12298 0.676649 92.3266 38.4851 107.548 0.496434 31.4616 16.0133 14.9245 4.79212 35.4725 31.4472 13.4098 18.0374 6.47084 11.5666 7.44661 4.95337 11.3855 7.74483 6.67143 10.1813 6.44633 5.64065 4.97516 4.12907 2.7424 4.11996 16.651 3.35714 13.2938 11.6914 9.94597 7.19452 107.051 4.80626 2.1251 1.06802
internal_count=48033 6987 41046 9726 3416 1925 9681 31320 413 63 30907 62 53 474 1451 1195 1153 835 644 45 347 1491 4748 2725 237 52 3571 599 30845 88 1122 526 496 149 538 434 203 231 96 135 94 50 184 592 538 168 185 176 164 127 109 41 297 47 250 190 109 191 30757 708 230 97
is_linear=0
shrinkage=0.05


Tree=73
num_leaves=63
num_cat=0
split_feature=12 12 1 5 3 2 5 3 0 2 6 1 7 12 5 5 10 7 10 9 0 7 9 7 0 9 1 2 9 9 5 6 6 12 2 10 3 3 10 3 9 9 3 3 1 6 2 3 3 2 9 7 1 7 9 7 3 9 9 2 1 3
split_gain=128.641 32.3573 14.412 14.0711 5.67447 6.48688 4.77845 4.2839 4.2275 4.11039 2.98582 3.35464 2.39147 2.25685 2.25314 3.59685 2.7508 2.74254 2.81351 5.49116 2.25077 2.23837 2.14168 2.10941 3.56743 3.23714 4.25892 3.3131 2.47867 3.53901 2.54322 2.29131 2.09959 2.03614 2.02725 1.91572 4.39552 1.97946 1.90528 1.98684 1.8205 4.76358 2.82233 7.79819 1.89004 3.1977 1.78825 6.49272 1.6584 1.62155 1.59673 7.78365 3.77438 3.25671 3.24343 1.92095 1.63347 1.53548 1.53165 1.83244 1.74651 1.45799
threshold=0.43844543990564816 0.77970710046493774 0.68410526315789488 1.0000000180025095e-35 0.75123762376237635 0.43288288288288296 0.31666666666666671 0.86706827309236967 0.23166368515205729 0.23845060412224592 0.5634920634920636 0.22828571428571431 0.22649572649572652 0.43216994598982794 0.86607142857142871 0.78888888888888908 0.20468236582694418 0.11805555555555557 0.18441295546558709 0.23466833541927412 0.34525329927628784 0.22649572649572652 0.68469785575048747 0.5277777777777779 0.95040983606557383 0.063164893617021281 0.80759615384615391 0.94804318488529027 0.47114317425083246 0.43804824561403516 0.44949494949494956 0.36931818181818188 0.13809523809523813 0.86349185765345748 0.32856266612144763 0.50362318840579723 0.53390804597701169 0.55291153415453542 0.16035714285714289 0.97937925170068041 0.084523809523809543 0.10102040816326532 0.90521114106019773 0.89009661835748799 0.90064102564102566 0.48076923076923084 0.99333333333333351 0.5430335097001765 0.80735492577597856 0.13446327683615822 0.16823899371069184 0.69047619047619058 0.87090053763440867 0.78888888888888908 0.042572463768115944 0.58571428571428574 0.96511156186612579 0.22086720867208673 0.067424242424242428 0.74543037554004665 0.83847248576850097 0.84660633484162906
decision_type=2 2 2 2 2 2 2 2 2 2 2 2 2 2 2 2 2 2 2 2 2 2 2 2 2 2 2 2 2 2 2 2 2 2 2 2 2 2 2 2 2 2 2 2 2 2 2 2 2 2 2 2 2 2 2 2 2 2 2 2 2 2
left_child=2 4 7 -4 12 20 -5 10 9 13 46 -12 22 -9 15 16 17 -7 21 -20 34 -19 -2 28 25 27 -27 -25 29 30 31 -14 -26 40 -6 36 -8 -38 39 48 -3 -42 43 44 45 -43 -1 -48 -23 -24 51 52 54 55 -50 -52 -54 -34 -32 -60 -61 -39
right_child=1 33 3 6 5 14 35 8 -10 -11 11 -13 23 -15 -16 -17 -18 18 19 -21 -22 38 49 24 32 26 -28 -29 -30 -31 58 -33 57 -35 -36 -37 37 61 -40 -41 41 42 -44 -45 -46 -47 47 -49 50 -51 53 -53 56 -55 -56 -57 -58 -59 59 60 -62 -63
leaf_value=-0.048387774533339263 -0.045531320213961314 0.04793075257566029 0.076192840712904886 -0.042689957136493421 -0.0047487631621013189 0.047487154209422545 -0.050214575897486735 -0.051465796150184429 -0.037887488887734716 0.17968375470491502 0.1562680981315922 -0.050899941975646262 -0.020448084280091709 0.092365615935858708 0.051685157498952507 -0.029142336621087086 0.045125082312879865 -0.034856231412450887 0.02573968038921183 -0.11976462318366797 -0.039188610935752329 0.052404892774879308 -0.051818815368768117 -0.011627192114317855 0.00060153851957354975 -0.06108937526902164 0.020149850799586901 -0.079531928145883224 -0.048640222267753337 0.10725606132035548 0.054197539679266077 0.058718884606150448 0.053141363931057561 0.051301142544059632 0.042167128940016632 -0.0062391533104550175 0.081065631145987305 -0.015493001760906412 0.056331050935789079 0.052871684641868449 -0.073632017087925675 -0.10057483002250707 0.046805575877972183 -0.1486693112241175 0.051851965982346253 0.051610928612504797 -0.050292662870163207 0.37076580252400837 -0.057879180198048268 0.076990524145624142 0.030104656167177852 -0.075354595181925402 0.053080259885870264 0.059707998136608369 0.018897093542888557 -0.022360603650478546 -0.0038043723532944678 0.0029505064518596251 0.060240962889368782 -0.047438141324889507 0.024201196838510301 0.057821767265562818
leaf_weight=101.99330458347686 4.7214088437613091 14.759417079389097 3.8915464514866462 19.206294211558998 16.470214833272628 7.2857395145110777 9.1253738971427101 0.62095547746866875 2.3044128420297056 0.54266946204006661 0.38149572908878226 0.40060036885552108 5.5832731104455986 0.48633721470832825 7.1619397550821295 3.2490799929946652 13.118222542107103 1.9245916479267169 1.5394001249223941 1.1202970556914804 4.0568568957969537 2.3892999272793558 0.37325166026130296 3.3997664768248788 44.236233682371676 2.2034362689591926 6.0233507752418518 3.8085319623351097 1.3320902562700201 1.1406984790228296 4.4413416981697065 1.0928823575377462 3.554227963089942 57.971087587997317 2.6767563479952505 32.499717230908573 0.71699643624015053 5.5767012124415487 3.3607070781290522 3.4090393036603919 1.1690486185252655 0.65297726728021988 9.7001104671508056 0.74571803212165821 2.669428626075387 0.73222756013274193 0.40902849729172785 0.11795818246901035 2.4759609978646058 0.70737090706825256 3.37506255507469 2.8947677016258231 5.4150157384574413 3.9671381302177906 3.095264095813036 3.6116167418658733 1.6455062646418808 2.6674738600850105 1.4890495985746381 1.4713285472244026 2.0171197149902582 0.77200353890657414
leaf_count=30757 465 596 45 4933 297 198 2488 51 350 10 2 60 189 2 256 42 318 22 31 12 127 41 19 36 345 50 70 30 31 12 42 7 78 2449 50 2023 52 176 70 96 30 16 347 20 88 25 84 4 21 30 40 28 125 47 39 41 24 24 18 26 19 9
internal_value=-0.000676412 0.0209304 -0.03361 -0.0162706 0.00901326 0.0175947 -0.0215702 -0.0452156 0.00585765 0.0669541 -0.0471706 0.0501538 5.34886e-05 0.0117068 0.0250918 0.0221102 0.0248568 0.0192604 0.0141477 -0.0355485 -0.00535794 0.0176664 -0.0309982 0.00218658 -0.00200795 -0.0230427 -0.001609 -0.0475049 0.0170721 0.0221508 0.0161191 -0.0074885 0.00442659 0.0458034 0.0018101 -0.0132394 -0.0272906 0.00231577 0.0205027 0.0167724 0.0353295 0.02346 0.0312878 -6.92444e-05 0.0272609 -0.0201285 -0.0479131 0.0439551 0.0125097 0.0324992 0.00890994 -0.00140269 0.0155446 0.0235276 -0.0152238 0.00298384 0.0398229 0.0316227 0.0328524 0.0138064 -0.00601424 -0.00657791
internal_weight=451.951 272.905 179.045 71.7886 184.505 94.2425 67.8971 107.257 3.95437 1.64996 103.302 0.782096 90.2628 1.10729 71.0386 63.8767 60.6276 47.5094 40.2237 2.6597 23.2038 37.564 5.80203 84.4608 65.893 15.4351 8.22679 7.2083 18.5678 17.2357 16.095 6.67616 50.4579 88.4 19.147 48.6908 16.1911 7.0657 35.6394 32.2787 30.4289 15.6695 14.5005 4.80035 4.05463 1.3852 102.52 0.526987 28.8696 1.08062 26.4803 15.5265 12.6317 10.9538 5.57123 6.98668 7.06052 6.2217 9.41884 4.9775 3.48845 6.3487
internal_count=48033 6987 41046 9726 3416 1925 9681 31320 413 63 30907 62 1491 53 1451 1195 1153 835 637 43 474 594 514 977 633 186 120 66 344 313 301 196 447 3571 347 4748 2725 237 572 502 1122 526 496 149 129 41 30845 88 406 49 365 237 209 128 60 81 149 102 105 63 45 185
is_linear=0
shrinkage=0.05


Tree=74
num_leaves=63
num_cat=0
split_feature=12 12 1 5 3 2 0 3 0 2 6 1 5 5 10 7 10 9 7 12 12 7 0 0 10 3 0 9 12 7 0 9 0 2 9 9 5 6 6 10 3 2 9 9 3 3 2 3 3 9 9 7 7 2 3 9 5 1 0 9 9 12
split_gain=120.033 31.3537 14.2916 12.8983 5.27166 6.06434 4.68619 4.14097 3.84976 3.3409 2.82384 2.99385 2.23178 3.30852 2.65618 2.62302 2.53552 4.51182 2.2135 2.08509 2.08393 2.04607 2.04452 2.01599 2.00878 4.29439 2.59912 6.69576 3.74401 1.91294 3.2514 2.95593 3.95482 3.08978 2.2623 3.12411 2.3048 2.07382 1.96042 1.85253 1.92853 1.83643 1.81585 4.2392 2.72859 6.79907 1.67647 5.13847 1.61493 3.29053 1.59996 2.07676 1.90538 2.5296 1.58444 1.50231 1.49008 2.0748 2.89023 1.94708 2.42308 2.14127
threshold=0.43844543990564816 0.77970710046493774 0.68410526315789488 1.0000000180025095e-35 0.75123762376237635 0.43288288288288296 0.73765182186234834 0.86706827309236967 0.23166368515205729 0.23845060412224592 0.5634920634920636 0.22828571428571431 0.86607142857142871 0.78888888888888908 0.20468236582694418 0.11805555555555557 0.18441295546558709 0.23466833541927412 0.22649572649572652 0.86349185765345748 0.43216994598982794 0.22649572649572652 0.34525329927628784 0.20169491525423733 0.50362318840579723 0.53390804597701169 0.74464204286365721 0.3504385964912281 0.26599808556780202 0.5277777777777779 0.95040983606557383 0.063164893617021281 0.85053191489361712 0.94804318488529027 0.47114317425083246 0.43804824561403516 0.44949494949494956 0.36931818181818188 0.13809523809523813 0.16035714285714289 0.97937925170068041 0.32856266612144763 0.084523809523809543 0.10102040816326532 0.90521114106019773 0.88047619047619063 0.99333333333333351 0.67890835579514841 0.55291153415453542 0.069366479550922219 0.16247642991829042 0.87301587301587313 0.73214285714285732 0.90521114106019773 0.80735492577597856 0.22086720867208673 0.44949494949494956 0.82097069597069605 0.84660633484162906 0.053342816500711245 0.042572463768115944 0.28669178355030223
decision_type=2 2 2 2 2 2 2 2 2 2 2 2 2 2 2 2 2 2 2 2 2 2 2 2 2 2 2 2 2 2 2 2 2 2 2 2 2 2 2 2 2 2 2 2 2 2 2 2 2 2 2 2 2 2 2 2 2 2 2 2 2 2
left_child=2 4 7 -4 18 22 -5 10 9 20 46 -12 13 14 15 -7 21 -18 23 42 -9 -17 41 -2 25 -8 27 28 -26 34 31 33 -33 -31 35 36 37 -20 -32 40 54 -6 -3 -44 45 -45 -1 -48 49 -27 52 -52 53 56 -23 -40 -28 58 59 60 -58 -61
right_child=1 19 3 6 5 12 24 8 -10 -11 11 -13 -14 -15 -16 16 17 -19 29 -21 -22 39 -24 -25 26 48 50 -29 -30 30 38 32 -34 -35 -36 -37 -38 -39 55 -41 -42 -43 43 44 -46 -47 47 -49 -50 -51 51 -53 -54 -55 -56 -57 57 -59 -60 61 -62 -63
leaf_value=-0.048280359108556048 0.03083227732652833 0.047711316761478245 0.073227349584690654 -0.04351642214102458 -0.0045152728917972366 0.046860035081692342 -0.050202912288190626 -0.051395892226764273 -0.037139154812981835 0.16082879155164062 0.14666309861731977 -0.05085778040826127 0.051602009651953995 -0.027144615668122041 0.04453614597363701 -0.032821635383362038 0.02495644278372245 -0.10440540237812324 -0.019609015013620123 0.05123685907544473 0.088746703718849351 0.051951345439242715 -0.037450381682293137 -0.044777835268770272 0.21778071876422109 0.15566003263948444 -0.050481981632485046 0.48165740883527297 -0.050513280474173597 -0.011064050712919127 0.00057149590870678743 -0.052693268778593177 0.022124550405191221 -0.076944610720525761 -0.047085965682796625 0.10051712582244632 0.03135422924200694 0.055740462959770899 0.052983539148566808 0.056124881174443177 0.052740946158320624 0.040212273247888182 -0.065616652574648882 0.037375951719990835 0.046492485843808787 -0.094719127862519875 -0.050322185794971164 0.29944388947026473 -0.0075577845138942341 -0.050375859573410675 -0.02966873530315341 0.013734043967915527 -0.036424124737646994 0.037578968652823293 0.0085985583152017996 0.0028071012823437042 -0.0081328646772830648 -0.035314599830499636 0.13315009582017193 0.081460153683390588 0.10233718887058221 -0.051131722241715999
leaf_weight=97.229513598838821 1.0921072182245541 14.102549791336061 3.8478317642584434 17.068545794580132 16.456184158567346 7.0208363477140656 9.2104917140677589 0.59145423420704835 2.2350827439222485 0.57508276402950276 0.38602717220783134 0.38137079682201147 6.8233482632786027 3.3121000137180081 12.63931310456246 1.9412598339840759 1.5091105401515954 1.2180672883987425 5.5324016269296505 55.211243219673634 0.48099160194396973 2.2921174298971954 4.0335162566043428 4.5735543905757368 0.18480710755102236 0.4537724070250978 1.5726395172532699 0.09401548863388598 0.4387362552806735 3.3943116790615013 44.23361181654036 2.5840930780395848 5.580922270193696 3.7414873689413071 1.3078854735940684 1.1559002716094244 9.3740428229793888 1.0936904437839983 3.3907026574015608 3.2082511354237786 3.2506142519414416 2.6668013883754602 1.2441718988120545 3.4511558078229418 9.2876129355281574 1.3572201151400802 0.41060030926018853 0.14108934905380011 7.1856496839318424 0.33822446409612894 11.755186258582397 3.6001560504082581 2.5753957885317496 5.2769899184349915 26.175703097134829 2.6636591143906116 1.0604616873897614 2.2844861131161451 0.52747004758566607 0.37478743540123094 0.93320261407643545 1.6234642621129749
leaf_count=30757 54 596 45 4634 297 198 2648 51 350 10 2 60 256 42 318 22 31 12 189 2449 2 41 127 460 13 6 290 28 85 36 345 56 64 30 31 12 105 7 78 70 96 50 30 114 347 35 85 3 216 58 1302 32 35 83 365 24 38 60 19 18 17 99
internal_value=-0.000659068 0.0203614 -0.0331218 -0.0157797 0.00868269 0.0170551 -0.0209253 -0.0450419 0.00560676 0.0635971 -0.0470374 0.0485019 0.0244489 0.0214877 0.024206 0.0186937 0.0136994 -0.0328218 4.62964e-05 0.0455065 0.011458 0.0171406 -0.00510106 -0.0302033 -0.0131338 -0.0269433 -0.00578566 0.0883115 0.0290043 0.0020853 -0.00191684 -0.0220989 -0.00155406 -0.045607 0.016302 0.0211343 0.0153995 -0.00717197 0.00422383 0.0199176 0.0162553 0.00172222 0.0347608 0.0228551 0.030664 9.05768e-05 -0.0477872 0.0391271 -8.92133e-05 0.0676718 -0.00792345 -0.0194927 0.00302305 0.0104638 0.0120892 0.0309081 -0.00661809 0.00352056 0.0231512 0.00861653 0.0435764 -0.0262631
internal_weight=439.757 266.92 172.838 70.4063 182.266 92.5472 66.5585 102.431 3.88261 1.64753 98.5486 0.767398 69.3907 62.5674 59.2553 46.616 39.5951 2.72718 89.7184 84.654 1.07245 36.8679 23.1565 5.66566 49.4899 17.1881 32.3018 0.717559 0.623543 84.0527 65.5888 15.3008 8.16502 7.1358 18.4639 17.156 16.0001 6.62609 50.288 34.9267 31.7184 19.123 29.4427 15.3402 14.096 4.80838 97.7812 0.55169 7.97765 0.791997 31.5842 15.3553 16.2289 13.6535 28.4678 6.05436 8.37651 6.80387 4.51939 3.99192 1.99366 1.99825
internal_count=48033 6987 41046 9726 3416 1925 9681 31320 413 63 30907 62 1451 1195 1153 835 637 43 1491 3571 53 594 474 514 5047 2928 2119 126 98 977 633 186 120 66 344 313 301 196 447 572 502 347 1122 526 496 149 30845 88 280 64 1993 1334 659 624 406 102 541 251 191 172 55 117
is_linear=0
shrinkage=0.05


Tree=75
num_leaves=63
num_cat=0
split_feature=12 12 1 5 4 0 1 10 5 9 9 4 9 7 5 5 10 4 2 6 10 4 0 12 12 1 7 9 2 0 12 0 0 7 5 1 12 0 10 6 7 5 0 4 1 1 4 7 1 4 2 1 2 4 12 2 12 4 1 7 12 10
split_gain=112.748 34.0351 10.3922 14.2637 4.60932 4.40904 3.98248 3.89029 3.76433 3.63973 4.26328 3.2991 2.73611 2.70131 2.68096 5.81878 3.06295 3.70632 2.67019 2.63655 4.64426 3.61771 3.3989 10.846 6.77031 3.30936 2.30253 3.40415 2.25118 2.7163 2.18839 2.18511 3.48686 3.01939 3.47573 2.69325 2.24136 2.14637 2.03599 3.43491 2.81034 2.7716 2.46405 2.8058 2.8653 3.86228 2.19686 2.02 3.13525 1.97044 3.05663 1.96391 1.88443 1.85527 1.97969 2.49325 1.79535 1.78841 1.71586 1.91908 1.65212 2.53754
threshold=0.40071428090983968 0.7463963349126802 0.62715832601697408 1.0000000180025095e-35 0.67430607651912988 0.73765182186234834 0.51835016835016845 0.12933094384707292 0.31666666666666671 0.53390804597701158 0.59317129629629639 0.97801932367149769 0.68469785575048747 0.41428571428571431 0.84523809523809534 0.78888888888888908 0.1181455633100698 0.83449741315594983 0.82480818414322254 0.19375000000000003 0.21483516483516488 1.0000000180025095e-35 0.75181159420289878 0.36870501766655134 0.25530212759260268 0.89932432432432441 0.44949494949494956 1.0000000180025095e-35 0.67156862745098045 0.82426470588235301 0.41623381558328693 0.90070422535211281 0.88185443668993035 0.69047619047619058 0.58571428571428574 0.87981481481481494 0.65576731082107542 0.85934065934065951 0.021507863089731735 0.54195804195804198 0.44949494949494956 0.43650793650793657 0.21483516483516485 0.72397372742200339 0.82838827838827844 0.81557067271353001 0.67561561561561578 0.64583333333333337 0.93361581920903958 0.87681770284510019 0.99333333333333351 0.82838827838827844 0.64075471698113218 0.73942823108993461 0.5942586191961361 0.2809758771929825 0.87579263542427721 0.86972236773179679 0.82402885682574922 0.64583333333333337 0.29853623390901801 0.025978407557354928
decision_type=2 2 2 2 2 2 2 2 2 2 2 2 2 2 2 2 2 2 2 2 2 2 2 2 2 2 2 2 2 2 2 2 2 2 2 2 2 2 2 2 2 2 2 2 2 2 2 2 2 2 2 2 2 2 2 2 2 2 2 2 2 2
left_child=2 4 26 -4 8 -5 -3 11 -2 30 -11 14 -12 28 15 16 38 -18 -15 21 60 22 23 24 -7 -24 -1 -28 52 -30 -9 32 33 34 37 -33 47 58 40 42 41 51 -40 46 45 57 -44 48 -37 -46 -51 -6 -10 -32 -55 -56 -8 -45 59 -20 -21 -62
right_child=1 6 3 5 7 19 56 9 13 10 12 -13 -14 18 -16 -17 17 -19 31 20 -22 -23 25 -25 -26 -27 27 -29 29 -31 53 35 -34 -35 -36 36 -38 -39 39 -41 -42 -43 43 44 49 -47 -48 -49 -50 50 -52 -53 -54 54 55 -57 -58 -59 -60 -61 61 -63
leaf_value=-0.048238929874417309 -0.040992599885518816 -0.0081587514135147785 0.072925614076910714 -0.046302740770808211 -0.033114882858098264 0.33778497957663012 0.036248263774242902 -0.045132566084812538 0.026190381787346034 -0.06774869719717215 0.048280702355329087 0.04487730157471307 -0.033172425435630024 -0.037716116019376723 0.051964948157616465 -0.10244537448351552 0.027681244568582737 -0.075937495199712435 -0.028785050501844562 0.041609479812035319 0.080567760983348391 -0.048107584189288628 -0.032275057019985141 0.37569565917222558 -0.050891605046898297 0.010315087830190892 0.24584451676468733 -0.050462162756222853 -0.034567380661200915 0.038245653122809628 0.066995071082312341 -0.047890529323267969 0.080274456658927448 -0.05850088686722435 0.083178726083188353 -0.007649279629852521 0.038969630383559578 -0.055847753219342412 0.052144040660794422 0.038101627340361648 0.017294529132676498 -0.10579325906471376 0.060872359715864778 -0.024628587382809805 0.049544775459337928 -0.15018808593155775 -0.065019194982830666 -0.0075177278549854176 0.056319509086232837 0.053159161610589291 -0.045784718653696238 0.042227186200561442 0.14789543883242937 0.013637406475105552 -0.035001186225044077 0.042161483021246976 0.050078928423931357 0.049723604566240295 0.063964635306961115 0.059840260692342218 0.076466712345422211 -0.055419881803507536
leaf_weight=86.361167750088498 6.056317491689696 3.9064636789262286 3.825832169968634 19.112422315403819 4.8251106722746027 0.1283040870912433 45.603830244392157 0.96632472751662035 0.61393187590874621 2.2043926073238245 2.7273609598632902 4.30735611449927 1.6576046156696973 5.149498956045135 2.276029758155345 1.4423815980553616 1.2784433399792754 2.6556260762736201 2.1346620135009275 0.91859482321888153 1.8212418719194827 9.3881841017864627 11.798492080299186 0.23460228787735093 0.88383740768767893 7.4354624943807712 0.16525625996291538 0.23444864666089416 1.8401666108984498 4.2140682095196098 3.2813209027517578 3.3123620413243762 1.9808404680807132 1.4719068678095935 1.6772553883492944 4.4648546874523154 3.2249118741601697 1.2759540104307232 1.9602466439828337 8.4263316993601602 4.5246064141392708 1.1088014952838419 0.39595087105408255 4.023326294962315 3.7248178850859404 0.54171475768089283 2.7768120022956282 50.443993767956272 3.3546506834682077 1.3521506488323212 1.8464724384248257 1.0538507294841108 0.65995130385272205 14.567483274731783 1.1083933562040353 18.858793251216412 48.331542422994971 1.0122385113500056 1.3806910251732913 0.8556724446825682 0.42955297604203257 2.4161740804556757
leaf_count=28979 949 38 64 5855 138 18 1652 92 35 43 47 82 32 189 79 13 48 36 57 56 36 2644 1376 34 186 145 9 42 103 65 94 85 36 21 13 48 49 36 49 195 45 10 8 196 78 3 152 442 28 30 17 22 12 337 9 473 2276 14 25 18 8 99
internal_value=-0.000800814 0.0173693 -0.0367092 -0.0204016 0.00497809 -0.026945 0.0413073 0.0127534 -0.0028627 0.0233306 -0.0110257 0.00306468 0.0174898 -0.000240185 -0.000917678 -0.00372014 -0.000289361 -0.0422648 -0.00287874 -0.0165098 0.0150205 -0.0224061 -0.0106247 0.0693794 -0.00162103 -0.0158106 -0.0476848 0.0720445 0.0288264 0.0161143 0.029168 -0.000505089 0.0203423 0.00684592 0.0199783 -0.00397221 -0.00160634 0.00120658 0.00410573 0.0118418 -0.013406 -0.0332847 -0.0007066 -0.00731651 0.00334128 -0.0233296 -0.0493083 -0.00385224 0.019794 0.0248264 -0.00395827 -0.0196092 0.0892412 0.0310666 0.0276529 0.0378781 0.0433644 -0.00968247 0.0178614 -0.00342527 -0.0166923 -0.035512
internal_weight=432.011 286.857 145.154 58.3927 189.016 54.5669 97.8418 94.9039 94.1117 45.3717 6.58936 49.5323 4.38497 88.0554 45.2249 42.9489 41.5065 3.93407 80.7273 35.4544 5.58556 29.8689 20.4807 1.24674 1.01214 19.234 86.7609 0.399705 7.32812 6.05423 38.7823 75.5778 10.777 8.79614 7.32423 64.8008 61.4884 5.64698 37.5724 26.0601 11.5124 6.98776 17.6337 15.6735 12.5007 5.57728 3.17276 58.2635 7.81951 6.92344 3.19862 5.87896 1.27388 37.816 34.5347 19.9672 93.9354 5.03556 4.37103 2.99033 3.76432 2.84573
internal_count=48070 8519 39551 10521 4553 10457 3966 2342 2211 1127 122 1215 79 1262 1133 1054 1041 84 1047 4602 199 4403 1759 238 204 1521 29030 51 215 168 1005 858 206 170 149 652 567 136 957 742 215 170 547 498 338 213 160 518 76 125 47 160 47 913 819 482 3928 210 100 75 163 107
is_linear=0
shrinkage=0.05


Tree=76
num_leaves=63
num_cat=0
split_feature=12 12 1 5 0 4 1 3 10 5 9 9 3 3 4 0 5 1 5 5 10 4 3 4 9 1 10 10 3 3 9 6 1 12 2 1 1 2 9 5 12 2 3 10 6 9 9 4 0 4 12 2 0 10 4 1 1 3 2 3 4 0
split_gain=105.489 32.5706 10.2589 13.0659 4.31343 4.24252 3.86064 3.67521 3.60109 3.53926 3.37059 3.89361 3.36388 3.19701 3.07341 2.89698 4.54462 2.69821 2.53451 4.96593 2.73709 3.26535 2.52746 3.72895 2.48804 2.35376 4.50947 6.40749 2.23688 3.47497 4.14616 2.43294 2.79457 2.05969 3.43078 2.46749 2.03118 5.23987 2.56379 2.10565 2.01809 1.95708 4.31694 1.85804 3.0798 2.1103 3.35312 2.53994 1.90945 1.74895 1.94313 2.33637 1.73997 3.65918 2.37652 2.75989 3.39189 2.08978 2.91617 1.92801 1.90631 1.69851
threshold=0.40071428090983968 0.7463963349126802 0.62715832601697408 1.0000000180025095e-35 0.73765182186234834 0.67430607651912988 0.51835016835016845 0.64326765188834167 0.12933094384707292 0.31666666666666671 0.53390804597701158 0.59317129629629639 0.66369047619047616 1.0000000180025095e-35 0.97801932367149769 0.74464204286365721 0.37980769230769235 0.89932432432432441 0.84523809523809534 0.78888888888888908 0.1181455633100698 0.83449741315594983 0.94201680672268928 0.93194682675814755 0.68469785575048747 0.86552066772655012 0.15301003344481609 0.19189852700491003 0.86706827309236967 0.87585616438356173 0.3874259381171824 0.5634920634920636 0.22828571428571431 0.42115187612069244 0.68801229508196726 0.751623062015504 0.83847248576850097 0.86425061425061434 0.043961352657004842 0.64583333333333337 0.41623381558328693 0.99333333333333351 0.67890835579514841 1.0000000180025095e-35 0.54195804195804198 0.072299651567944254 0.31072796934865904 0.92084377610693402 0.29217479674796759 0.73942823108993461 0.5942586191961361 0.2809758771929825 0.21483516483516485 0.074537037037037054 0.72397372742200339 0.82838827838827844 0.81557067271353001 0.87585616438356173 0.99333333333333351 0.9099909990999101 0.67561561561561578 0.19836065573770492
decision_type=2 2 2 2 2 2 2 2 2 2 2 2 2 2 2 2 2 2 2 2 2 2 2 2 2 2 2 2 2 2 2 2 2 2 2 2 2 2 2 2 2 2 2 2 2 2 2 2 2 2 2 2 2 2 2 2 2 2 2 2 2 2
left_child=2 5 28 7 -5 9 -3 -4 14 -2 40 -12 13 15 18 16 -6 -17 19 20 43 -22 23 25 -13 26 -8 -28 31 30 -30 41 -33 34 -11 -35 37 38 -36 -38 -10 -1 -43 45 52 -7 -47 -48 61 -42 -51 -52 53 -45 60 56 59 -57 -59 -56 -54 -46
right_child=1 6 3 4 12 8 22 -9 10 33 11 24 -14 -15 -16 17 -18 -19 -20 -21 21 -23 -24 -25 -26 -27 27 -29 29 -31 -32 32 -34 35 36 -37 39 -39 -40 -41 49 42 -44 44 48 46 47 -49 -50 50 51 -53 54 -55 55 57 -58 58 -60 -61 -62 -63
leaf_value=-0.050141764274124159 -0.040447753888493948 -0.0077193192598853586 -0.014451802037449746 -0.046073189234524962 -0.050242585604219028 -0.051905975641457651 0.052423536894517758 0.097943928163733471 -0.043715175774413841 0.15702486276341793 -0.065135851898443661 0.046199455015498242 0.02613586464581738 -0.044464417738468459 0.043971961943000043 -0.028463088460127413 0.20334514075738161 0.009758088920944789 0.051869202542678766 -0.092349827832562015 0.02648842541144731 -0.070694960674968998 0.048864108052806873 -0.052644941006484459 -0.031762486029584792 0.040076398702763118 -0.14571410733291612 0.051548036404189361 -0.050666962362795089 -0.037028107214885357 0.20649936866050017 0.22629624541304039 -0.05021431183522404 -0.045023310120363098 0.074700450446857053 -0.00065071086821906845 -0.053840569326112836 0.1720122305605512 -0.051078402400843964 0.022405601084846113 0.065560104246763423 -0.050427148810661251 0.27476284147579005 -0.051576123835319815 0.041630575590777492 0.038225229872553876 -0.06593392891364358 0.0068490789224440254 0.052390479802758239 0.012998806379647785 -0.032976676449749553 0.041508359959036373 0.059385135322807647 0.087006668812181998 -0.024418463605912301 0.04980364132669713 -0.14064182955076129 0.052834397099933386 -0.045308921078988582 0.055361811902976191 -0.059103182842702599 -0.036111517705930476
leaf_weight=79.591226297430694 5.836604915559291 3.9219917953014365 0.9764967630617315 18.26862461399287 0.32244355604053154 2.6896379233803591 1.7385163661092584 2.8502195291221142 0.94824214302934606 0.46777072851546009 2.1788543730508527 2.708216099999845 4.1574837986845514 10.312883933773263 4.1795135773718348 12.102447809418665 0.3908213940449059 7.4660814511589697 2.1689220666885367 1.5179664120078076 1.2694503450766199 2.7085191416554153 60.191129937767982 1.2729079034179438 1.6449591913260517 25.297065477818251 0.97382898256182648 0.71311226673424244 0.26852120994590167 1.6856111164670435 0.37647554487921298 0.17213071882724662 0.19477027514949441 3.2645458467304698 0.73873437615111492 77.777351496974006 1.4226394044235351 0.66679937113076437 0.89718204317614436 2.4910214368719608 3.1878921475727102 0.32459573750384052 0.14886017143726349 0.70994708803483009 1.3805630579590782 3.2773459996096772 2.2609878645744175 2.5512433401308954 5.7212137463502586 14.520233749644829 1.1173795983195329 18.21420936845243 0.38583328668028061 1.4475121847353873 4.1456624963320774 3.7465546494349837 0.5493483394384383 1.2733864951878786 1.8660464063286781 0.92653280356898893 2.8240112571511418 1.4306439994834361
leaf_count=28553 949 38 19 5855 78 34 51 45 92 25 43 47 48 2795 82 1500 36 145 79 13 48 36 2814 36 32 985 16 26 42 296 24 1 50 150 20 821 87 26 75 58 94 63 1 42 12 76 58 28 155 337 9 473 8 15 204 78 3 31 18 9 153 33
internal_value=-0.000788411 0.0168497 -0.0363177 -0.0199637 -0.0264036 0.00478215 0.0408434 0.0692629 0.0123115 -0.00274624 0.0226064 -0.0105712 -0.0160636 -0.021798 0.00296377 -0.0102726 0.0887065 -0.0138804 -0.000857622 -0.00353695 -0.00026192 -0.0396818 0.0429553 0.0310981 0.0167395 0.0348094 -0.0040876 -0.0623265 -0.0475509 0.000738785 0.0994374 -0.0489502 0.07951 -0.000237873 0.0264392 -0.00243814 0.0166129 0.0538733 0.00571983 -0.00531034 0.0283112 -0.0495388 0.0518165 0.00395496 0.0110956 -0.0135384 -0.000781851 -0.0273474 0.0358102 0.0301552 0.026821 0.0372031 -0.000701758 0.0414037 -0.00648141 0.00336794 -0.0226268 0.0245894 -0.00550097 -0.00984508 -0.0448605 0.00206705
internal_weight=420.832 281.222 139.61 56.8475 53.0208 187.113 94.1086 3.82672 93.5508 93.5626 44.52 6.53203 34.7522 30.5947 49.0308 20.2818 0.713265 19.5685 44.8513 42.6824 41.1644 3.97797 90.1866 29.9954 4.35318 28.7225 3.42546 1.68694 82.7622 2.33061 0.644997 80.4316 0.366901 87.726 6.68415 81.0419 6.21638 2.30272 1.63592 3.91366 37.988 80.0647 0.473456 37.1865 26.4073 10.7792 8.08958 4.81223 8.53242 37.0397 33.8518 19.3316 17.8748 2.15746 15.7174 12.5075 5.62154 6.88599 3.13943 5.0722 3.20984 2.81121
internal_count=48070 8519 39551 10521 10457 4553 3966 64 2342 2211 1127 122 4602 4554 1215 1759 114 1645 1133 1054 1041 84 3928 1114 79 1078 93 42 29030 362 66 28668 51 1262 291 971 266 121 95 145 1005 28617 64 957 761 196 162 86 200 913 819 482 561 57 504 343 216 127 49 213 161 45
is_linear=0
shrinkage=0.05


Tree=77
num_leaves=63
num_cat=0
split_feature=12 12 0 3 6 4 3 0 5 10 3 9 9 4 4 3 10 12 0 9 12 12 0 12 12 7 2 9 6 10 9 10 7 0 3 4 5 9 0 4 6 4 12 0 0 7 9 9 12 10 9 12 4 10 9 6 2 9 12 9 4 4
split_gain=98.6889 31.2126 8.15468 4.11109 4.1621 3.91138 3.85826 3.40046 3.32591 3.32452 3.21173 3.11949 3.55059 2.862 4.09928 4.06246 3.39121 2.854 2.60203 6.56879 29.3411 6.56493 2.59834 2.56082 2.45601 2.39101 2.41629 2.26152 2.16497 2.78102 3.27502 2.15257 6.11538 10.3704 2.27356 5.55857 4.92613 2.24013 2.10132 2.02372 2.13033 1.94267 1.92708 1.88679 2.95404 2.76066 3.13155 2.24538 1.85977 1.78702 3.30149 1.77003 2.19344 1.70818 3.31694 2.57832 2.37903 1.69748 3.00995 2.24552 2.26918 1.64447
threshold=0.40071428090983968 0.7463963349126802 0.73765182186234834 0.76028169014084523 0.30384615384615393 0.67430607651912988 0.66369047619047616 0.20761494252873564 0.31666666666666671 0.12933094384707292 1.0000000180025095e-35 0.53390804597701158 0.59317129629629639 0.93194682675814755 0.86037735849056607 0.88493064312736458 0.028174603174603175 0.34688198539073856 0.75181159420289878 0.35355392156862753 0.36701353510366541 0.25114883661005316 0.80259740259740275 0.87579263542427721 0.3538470469403408 0.41428571428571431 0.82480818414322254 0.68469785575048747 0.5634920634920636 0.063164893617021281 0.62361111111111123 1.0000000180025095e-35 0.81666666666666676 0.99333333333333351 0.9099909990999101 0.86037735849056607 0.64583333333333337 0.15075757575757578 0.91596045197740128 0.90325224748810151 0.48076923076923084 0.89638906961613551 0.36365702537830374 0.90070422535211281 0.88185443668993035 0.69047619047619058 0.12060606060606062 0.29478609625668456 0.41623381558328693 0.29459980713596917 0.14434523809523811 0.42115187612069244 0.61223356009070307 1.0000000180025095e-35 0.072299651567944254 0.75961538461538469 0.34330357142857154 0.54870335230866552 0.35521243597791957 0.55646630236794181 0.72855022831050242 0.73942823108993461
decision_type=2 2 2 2 2 2 2 2 2 2 2 2 2 2 2 2 2 2 2 2 2 2 2 2 2 2 2 2 2 2 2 2 2 2 2 2 2 2 2 2 2 2 2 2 2 2 2 2 2 2 2 2 2 2 2 2 2 2 2 2 2 2
left_child=2 5 3 -1 17 8 10 -3 -2 13 18 48 -13 14 22 -16 -17 -5 19 21 -21 -4 28 31 -19 51 -27 -14 29 -7 -31 32 -9 -34 35 49 -37 -38 -20 40 -18 -42 -40 44 45 46 -28 -48 -11 -33 -51 -10 -53 54 -15 -55 -56 -6 -59 -60 -61 -50
right_child=1 7 6 4 57 9 -8 23 25 11 -12 12 27 53 15 16 39 24 38 20 -22 -23 -24 -25 -26 26 43 -29 -30 30 -32 34 33 -35 -36 36 37 -39 42 -41 41 -43 -44 -45 -46 -47 47 -49 61 50 -52 52 -54 55 56 -57 -58 58 59 60 -62 -63
leaf_value=-0.047087391421233311 -0.039889226890194716 -0.056733793643555866 0.3267199643943543 -0.005546924786388005 -0.040244106052923695 -0.04352694273928475 0.02824600551810599 0.036586373730461259 0.075019302057886872 -0.042310428505171187 -0.04451458657357879 -0.062524686927005482 0.044192346811973565 -0.050090807825111897 -0.087233343431835891 -0.053472921973210297 0.026938843299520693 0.21518448426374751 -0.029791336030649956 -0.050214929265874522 0.98364448813585104 -0.05115731516555011 0.028369876696966848 0.049916089075572538 0.04928498220840577 -0.03664016380351872 0.047720835700517855 -0.03039365866297904 0.039882882970701715 -0.012041429080362973 0.085955081619925836 0.04772259350913164 -0.19043813732935524 0.021391342453628351 0.04937296513842282 -0.11569112242209718 0.051760793410152106 -0.046815060146031352 0.021651074317190239 0.034607400715898851 -0.081542380701928693 0.0070056430760794168 -0.028986211469335887 -0.0037657898868407934 0.07235448548826888 -0.058065802363897745 -0.042605246137517705 0.050399185322068829 0.064072327294100312 0.051593806771078679 -0.092462633005805428 0.00015270104127000262 0.079761304999430988 0.053771302793642221 -0.0084080597250217552 -0.037036943949801941 0.058479576461429483 -0.048577311646160796 0.18159336403632098 0.16656036304758937 -0.018697505863433831 0.025999263815057155
leaf_weight=86.908935424638912 5.6277397621888658 0.8921220637857904 0.13104357570410374 1.1343144278507673 8.173841782147063 4.8352727696765232 4.4822621999774119 6.5554119814187271 1.5231896785553534 0.93118106597103079 10.070803833194075 2.156937619438394 2.6901295811403543 1.9552883738651852 2.2781775863841167 3.6541969734244031 1.635484042111784 0.35854832339100529 10.406731873517858 0.23666178854182351 0.096654416527599096 0.93528505717404187 9.4840432386845333 44.301913026720285 0.59049956779927015 4.9332532102707765 4.0664098965935391 1.6333949374966321 2.052744851447641 3.8064612809102982 1.0986522976309059 10.495656691491602 0.90569944307208072 1.5957907121628523 20.598610144108534 1.1580833271145814 1.3665654901415112 0.9966626651585101 5.3822734004352224 3.2954293573275208 1.5437663369812074 1.0344868898391721 2.8865357039030641 64.561688202666119 2.0787401222623876 1.4086928432807324 2.428939754609019 0.88557469379156817 3.1010603008326134 0.95410150662064441 0.68204129673540592 4.7971748001873493 1.0556687575299291 5.535055176820606 2.5797351161018014 0.91021779924631108 2.7427580654621124 1.2147064935415977 0.29901827126741387 0.21493800450116396 0.71563917445018888 33.201170056359842
leaf_count=31836 949 11 7 229 2361 295 54 219 94 92 2797 43 47 26 26 58 26 10 1318 62 8 161 187 2279 37 189 59 32 42 213 21 395 8 51 851 26 53 22 147 62 38 10 59 652 36 21 62 28 94 36 15 111 10 128 25 14 44 371 2 4 88 819
internal_value=-0.000773351 0.0163283 -0.0359381 -0.0432042 -0.0166336 0.00458488 -0.0150369 0.0404012 -0.00262786 0.0118924 -0.0214725 0.0218895 -0.0101264 0.00287106 -0.00476974 -0.0263857 -0.0139681 0.0479825 -0.00991327 0.055841 0.249582 -0.00471911 0.00888583 0.0413682 0.111961 -0.000237862 -0.00273847 0.0160143 -0.00678325 -0.0166179 0.00990793 0.0330102 0.0112064 -0.0553045 0.0384576 0.0240935 -0.0312112 0.0101876 -0.0148412 0.00525613 -0.0176986 -0.0460138 0.00397424 -0.000521242 0.0187525 0.00607561 0.0183174 -0.0177562 0.0274619 0.0401459 -0.00845746 0.0270067 0.0145116 0.0222019 0.00560099 0.0409471 0.0260601 -0.0293118 0.00724626 0.0623939 0.024092 0.0292516
internal_weight=410.264 276.025 134.239 99.6104 12.7015 185.523 34.6283 90.5027 93.3671 92.1556 30.146 43.7139 6.48046 48.4418 34.7187 13.4415 11.1634 2.08336 20.0752 1.39964 0.333316 1.06633 21.2772 89.6105 0.949048 87.7393 80.3633 4.32352 11.7931 9.74039 4.90511 45.3086 9.0569 2.50149 36.2517 15.6531 3.52131 2.36323 18.6755 7.50917 4.21374 2.57825 8.26881 75.43 10.8684 8.78962 7.38092 3.31451 37.2334 12.1318 1.63614 7.37603 5.85284 13.7231 7.27778 6.44527 5.32249 10.6181 2.4443 1.2296 0.930577 36.3022
internal_count=48070 8519 39551 34938 3102 4553 4613 3966 2211 2342 4559 1127 122 1215 978 220 194 276 1762 238 70 168 758 3955 47 1262 1047 79 571 529 234 1676 278 59 1398 547 101 75 1524 136 74 48 206 858 206 170 149 90 1005 446 51 215 121 237 95 142 69 2826 465 94 92 913
is_linear=0
shrinkage=0.05


Tree=78
num_leaves=63
num_cat=0
split_feature=12 12 1 5 1 4 1 3 5 10 9 9 4 3 4 9 10 10 4 5 5 10 5 3 3 9 7 1 7 3 6 1 10 9 3 2 9 12 7 12 4 3 5 2 12 5 7 6 1 4 12 6 7 9 10 4 12 12 1 2 4 12
split_gain=92.2021 29.932 10.2052 12.026 3.83559 3.59315 3.50413 3.1962 3.12396 3.0455 2.8683 3.23316 2.71416 2.57084 3.39575 2.38948 2.66377 6.46238 5.24515 2.36899 4.26787 2.42626 2.27688 2.17773 2.6911 2.63465 2.13457 2.32945 2.12677 3.15605 2.14391 2.1133 2.99528 2.69908 2.07686 2.71154 2.05478 1.97876 3.05843 1.97858 1.93664 1.84647 1.84288 2.07042 3.28019 1.80567 2.24224 1.70736 2.01563 2.81361 1.70652 1.65363 1.7071 1.64857 3.89433 1.63923 2.23427 1.602 4.62987 2.29911 1.55335 1.98566
threshold=0.40071428090983968 0.7463963349126802 0.62715832601697408 1.0000000180025095e-35 0.51835016835016845 0.67430607651912988 0.89932432432432441 0.64326765188834167 0.31666666666666671 0.12933094384707292 0.53390804597701158 0.59317129629629639 0.97801932367149769 0.94201680672268928 0.93563184374075181 1.0000000180025095e-35 0.12599206349206352 0.16247642991829042 0.86972236773179679 0.84523809523809534 0.78888888888888908 0.11696306429548566 0.44949494949494956 0.86706827309236967 0.87585616438356173 0.3874259381171824 0.41428571428571431 0.7359237536656893 0.44949494949494956 0.67890835579514841 0.5634920634920636 0.85566901408450702 0.067231638418079109 0.60791925465838526 0.87585616438356173 0.96490147783251234 0.68469785575048747 0.79559063107394368 0.81666666666666676 0.68182276075382453 0.83449741315594983 0.77303030303030318 0.5634920634920636 0.95040983606557383 0.33088999725441309 0.5634920634920636 0.34848484848484856 0.55050505050505061 0.52803983228511542 0.84775919732441485 0.41623381558328693 0.21825396825396828 0.38750000000000007 0.68042553191489374 0.067231638418079109 0.62092175066313005 0.42115187612069244 0.26236848596636581 0.74046885318071765 0.75181159420289878 0.73942823108993461 0.5942586191961361
decision_type=2 2 2 2 2 2 2 2 2 2 2 2 2 2 2 2 2 2 2 2 2 2 2 2 2 2 2 2 2 2 2 2 2 2 2 2 2 2 2 2 2 2 2 2 2 2 2 2 2 2 2 2 2 2 2 2 2 2 2 2 2 2
left_child=2 5 23 7 -3 8 22 -4 53 12 50 -12 19 14 15 -6 -17 18 -18 20 21 31 -5 28 25 -25 55 -28 30 -30 -1 32 45 -34 -33 -36 -13 38 -19 -37 -23 -32 43 -8 -45 46 47 -7 49 -49 -11 52 57 -2 -55 56 -10 58 -24 -59 -52 -62
right_child=1 4 3 6 13 9 42 -9 26 10 11 36 -14 -15 -16 16 17 37 -20 -21 -22 40 51 24 -26 -27 27 -29 29 -31 41 34 33 -35 35 39 -38 -39 -40 -41 -42 -43 -44 44 -46 -47 -48 48 -50 -51 60 -53 -54 54 -56 -57 -58 59 -60 -61 61 -63
leaf_value=-0.050129067207554473 -0.048210171741450702 -0.008307656218526532 -0.011843865889583789 -0.041446024810929731 0.051070608270581401 -0.035577975514566006 0.058868674552489231 0.094586799885234593 0.067233128080998031 -0.04092112328714391 -0.059929450523394434 0.042257309447365748 0.042422755594150569 0.048556629650392119 -0.07050027537666724 0.042510293336420632 -0.0089422127761022204 0.052222543823260664 -0.16023932041477157 0.051787718066514554 -0.084127795903659874 0.0079590098832168985 0.18093944914539115 -0.050613171835337027 -0.035652451420248497 0.15156682275121114 -0.057870164987355144 -0.0012981270996809951 -0.050390573789616235 0.22899724222447038 0.16902210270722828 0.043049570572658374 0.0042620694145085658 0.076660283377178132 0.038682781216203506 -0.058943582193417401 -0.029067150130091451 0.051497136600599826 -0.056794448341225705 0.0065962452512785697 -0.059235030154062118 -0.05019666145030563 -0.019776974234429472 -0.051923510153477681 0.04432784296341153 0.059241156118687591 -0.071378098866778747 0.056276952624322321 0.054241587955205686 -0.030318666000293738 0.062536382416276001 0.022860971527499288 -0.038490458957021641 0.2422395868123228 -0.050827596828649457 0.085788654498509115 -0.00064170689390038592 -0.050891331226708317 -0.05236755741575605 0.048649068789748201 0.011157948495551431 0.035969292511183963
leaf_weight=72.387320629088208 4.9169578703586003 3.9282048419117919 0.9440192431211466 25.399852660251781 10.953016722574835 5.245867148274554 2.0600229070987535 2.7908129668794572 1.6144938974175591 0.91507367929443617 2.138322099344804 2.6730963059235364 3.9599996991455546 54.902973568066955 0.81643394008278747 7.6441373247653273 1.4796647205948814 1.2204263359308243 0.93471538648009289 2.042162060737609 1.5741962417960156 1.7017907586414356 0.42566533782519256 0.24676471482962314 1.5859289378859101 0.46434508031234145 1.8628779114224006 78.438485570717603 0.24790604482404788 0.17066946625709534 0.20831024646758933 5.6055063735693675 5.4909897446632376 1.6816159803420303 3.2245610989630222 1.9767309352755544 1.6228181866463272 3.7959924433380365 1.3606044612824917 2.7585651353001595 2.8990866697859019 0.17825205507688224 6.7546220284420997 1.784290597541258 1.7565924078226087 0.71902263723313886 1.9773857975378639 1.1957806318532673 1.4675792548805473 4.3515453685540706 3.0204461922403416 2.3073251589667043 6.7777653369121253 0.16932314564473916 0.34293276118114591 0.97528075706213702 4.8686100705526769 1.6082593209575864 0.42491204175166786 0.90739531209692348 14.389825402991844 18.343152560293674
leaf_count=28566 892 38 19 8200 550 303 21 45 93 92 43 47 82 2814 26 255 30 37 23 79 13 58 36 42 296 24 101 946 50 1 1 106 209 23 80 16 32 159 34 39 39 50 725 217 87 8 16 31 31 82 94 37 870 11 46 9 113 172 41 51 337 482
internal_value=-0.000761868 0.0158089 -0.035483 -0.018874 0.0399716 0.00438956 -0.0253131 0.0676853 -0.00251101 0.011458 0.0210992 -0.00969211 0.00277748 0.0422536 0.0299842 0.0329796 0.0209234 0.00215348 -0.0675161 -0.000797709 -0.00336249 -0.000207329 -0.03286 -0.0473511 0.000586629 0.0814076 -0.000234013 -0.00261052 -0.0488555 0.0635267 -0.0495019 0.00419744 -0.00532774 0.0212358 0.0197363 0.0033186 0.0153139 0.0285308 -0.00524636 -0.0207631 -0.034381 0.0679357 -0.00219301 0.019013 -0.00417429 -0.0180661 -0.0219701 -0.0140017 0.00213341 -0.0116521 0.0265021 -0.015345 -0.0240353 -0.0393171 0.046044 0.0253528 0.0162612 0.00506962 0.0643893 -0.0149872 0.0282278 0.0250619
internal_weight=400.631 271.2 129.431 53.9415 87.0362 184.164 50.2067 3.73483 93.189 90.9751 43.1027 6.43424 47.8724 83.108 28.205 27.3886 16.4355 8.7914 2.41438 43.9124 41.8702 40.296 37.8512 75.4895 2.29704 0.71111 87.7597 80.3014 73.1925 0.418576 72.7739 35.6952 22.1298 7.17261 13.5654 7.95986 4.29591 6.37702 2.58103 4.7353 4.60088 0.386562 12.3555 5.60091 3.54088 14.9572 14.2382 12.2608 7.01491 5.54733 36.6685 12.4513 10.144 5.42921 0.512256 7.45838 6.4831 3.36623 0.850577 2.51565 35.7534 32.733
internal_count=48070 8519 39551 10521 3966 4553 10457 64 2211 2342 1127 122 1215 3928 1114 1088 538 283 53 1133 1054 1041 9407 29030 362 66 1262 1047 28668 51 28617 944 703 232 241 135 79 230 71 55 97 51 1050 325 304 471 463 447 144 113 1005 1207 1170 949 57 215 206 300 77 223 913 819
is_linear=0
shrinkage=0.05


Tree=79
num_leaves=63
num_cat=0
split_feature=12 12 1 3 1 1 3 4 10 6 4 12 1 1 7 12 3 4 10 9 1 10 7 9 1 10 6 1 3 0 3 10 7 3 6 9 9 9 4 10 10 0 0 9 9 0 7 9 12 0 2 7 3 12 3 0 2 1 12 0 2 3
split_gain=86.22 28.6242 10.0835 9.46528 4.76561 3.7133 3.35263 3.91412 3.61997 3.8226 3.43388 3.25497 2.88973 4.82242 2.62845 2.62128 2.60634 3.12734 2.54349 2.45008 2.27829 4.09335 3.40064 2.26802 2.64492 2.21076 3.13249 2.76911 2.1481 2.77795 2.38797 2.07656 1.9909 2.49725 2.01203 1.90116 3.03581 2.19534 1.79569 2.39431 3.15799 5.13064 1.79109 1.78603 16.1712 6.45645 2.1916 1.92797 1.61381 3.48206 11.3018 1.75957 1.54861 1.50741 1.48371 1.79476 4.22241 1.95212 2.28607 5.12349 3.02162 1.71868
threshold=0.40071428090983968 0.7463963349126802 0.62715832601697408 0.64326765188834167 0.85270009643201561 0.51835016835016845 0.86319073083778985 0.86037735849056607 1.0000000180025095e-35 0.75961538461538469 0.92084377610693402 0.30837436894229048 0.81302966101694929 0.81557067271353001 0.31666666666666671 0.51711730126736499 0.94201680672268928 0.93194682675814755 0.048003072196620589 0.35634920634920642 0.86552066772655012 0.15301003344481609 0.58571428571428574 0.072299651567944254 0.42708333333333337 0.19189852700491003 0.19375000000000003 0.85270009643201561 0.86706827309236967 0.23166368515205729 0.87585616438356173 0.040408163265306128 0.44949494949494956 0.67890835579514841 0.5634920634920636 0.12060606060606062 0.12973352033660593 0.13423423423423428 0.93194682675814755 0.12861869313482219 0.094044811320754734 0.86706827309236967 0.44033898305084757 0.3504385964912281 0.36899313501144165 0.73765182186234834 0.38750000000000007 0.12973352033660593 0.35234992986299379 0.65692963752665257 0.62593283582089565 0.87301587301587313 0.77303030303030318 0.33493757097548921 0.84273937856689929 0.21483516483516485 0.22048611111111119 0.70571428571428574 0.40803154743279729 0.88416815742397159 0.81557067271353001 0.68671792552389588
decision_type=2 2 2 2 2 2 2 2 2 2 2 2 2 2 2 2 2 2 2 2 2 2 2 2 2 2 2 2 2 2 2 2 2 2 2 2 2 2 2 2 2 2 2 2 2 2 2 2 2 2 2 2 2 2 2 2 2 2 2 2 2 2
left_child=2 6 28 11 18 -3 7 15 10 38 -8 -4 -13 -14 -6 31 17 20 -5 -11 21 -7 -23 -12 -25 -15 43 -28 32 30 -30 -2 34 -34 -1 -33 -37 -38 39 40 -10 42 -42 46 45 -45 47 -27 -46 50 -50 -51 -36 -48 55 56 -39 -57 59 60 -59 -60
right_child=1 5 3 4 14 16 8 -9 9 19 23 12 13 25 -16 -17 -18 -19 -20 -21 -22 22 -24 24 -26 26 27 -29 29 -31 -32 35 33 -35 52 36 37 54 -40 -41 41 -43 -44 44 48 -47 53 -49 49 51 -52 -53 -54 -55 -56 57 -58 58 61 -61 -62 -63
leaf_value=-0.050122761086955049 -0.042191194024661927 -0.0078593566642254694 -0.043036059097275335 -0.015371851949645127 -0.043873856394632468 0.052207922417969038 -0.058565940384485718 -0.10121738276615154 0.023854956751027206 0.012658067462354339 -0.037304043459806417 -0.043290031929485488 0.27422579076402492 -0.050382092161626882 0.030351572177094645 0.007799273201914543 0.048373909747353033 -0.045218378326949742 0.082590453889958282 -0.085166284105186701 0.038772082436150448 0.0030173684666990057 -0.13945076539465587 -0.012389559258084977 0.055897518591119445 0.064763976590813052 0.19146881485301517 -0.050148096340009919 0.14291942822134193 -0.050315392209140358 -0.0086454903200679552 0.0070032846685745944 -0.050371565710814074 0.19236200344245713 0.1505130047999742 -0.090511593477271002 0.072452152987668758 -0.017008534932968625 0.049628051352782449 0.031651885489559863 -0.028777039814639624 -0.084871219977246767 0.057981075822040679 -0.050162228692135657 -0.050670863803931127 0.33528914350181982 0.0084601721163583346 -0.050747486506504319 -0.050146236180059894 -0.050564654934688619 0.78590648050273548 0.046575865411628392 -0.050187044847386279 -0.043647208276481303 -0.059862781466047468 -0.045469239048734261 0.13372385768917436 0.06001401931887123 -0.013725623414505436 -0.054562613018256781 0.24838554039212873 0.034358491226646935
leaf_weight=68.865395350381732 3.8084465586580327 3.9442333802580825 19.994955794652924 0.80999539489857664 2.4115244382992387 1.5771611556410854 2.7857687280047667 0.94848793558776279 7.1752570746466535 1.2555037606507533 2.1802280573174357 6.6915073173586306 0.15388179197907703 2.4907472778577366 2.3598727167118341 65.3789912678767 52.417665643617511 1.3374053705483664 3.6412649934645742 1.3057551607489584 22.824325306341052 0.95254044234752633 0.74759308435022831 2.7601436490658671 2.9161390475928783 1.2851170171052197 0.38484020531177598 0.17139808856882155 0.47703924076631599 1.2358157089911399 0.57087939511984587 23.58061314560473 0.23590226727537711 0.19236475229263306 0.22184222936630149 1.1658324026502658 0.81770370318554242 1.2846629454288625 6.587404051795601 19.518159355502576 1.0412268631625923 2.1799504440277815 1.3877745177596805 0.13814763049594958 1.8583110582549127 0.50865366193465889 1.8966458700597284 0.5024784062989055 0.12472359975799951 1.0341906212270258 0.059804849093779922 0.84876068704761554 0.16959027224220335 5.1748557405080646 1.4547884897328902 3.6753536832984528 0.72783679794520129 0.59427279140800482 25.195979339070622 0.66323867999017239 0.33171911025419831 2.0063489913009098
leaf_count=28566 342 38 6006 16 550 51 45 13 138 34 29 1537 25 771 25 899 2814 36 77 13 985 27 15 30 50 17 2 61 10 306 46 597 50 1 1 27 21 115 158 463 30 28 21 48 524 42 139 102 44 191 21 9 50 314 43 727 13 39 578 34 20 46
internal_value=-0.000743662 0.0153034 -0.0350942 -0.0184411 0.0275523 0.0394993 0.00420685 -1.26243e-05 0.0150777 0.0219041 -0.0108693 -0.0282332 -0.0155432 -0.00438023 -0.0071629 0.000721897 0.0418385 0.0293536 0.0647643 -0.0372138 0.0331745 -0.00580905 -0.0596296 0.00604297 0.0226923 -0.00698192 0.000746088 0.117017 -0.0472519 0.000465068 0.0603507 -0.0063633 -0.0488157 0.0586571 -0.0494802 -0.00414457 -0.0110773 -0.0085575 0.0259003 0.020907 0.00311023 -0.0291853 0.0207909 -0.00406899 0.0213093 0.252962 -0.0171679 0.0322947 -0.0168571 0.0135357 0.220815 -0.00677751 0.0635586 -0.0296715 -0.0104009 -0.00831398 0.0375051 -0.0111541 -0.00677367 0.0515161 0.127495 -0.0101791
internal_weight=391.039 266.529 124.511 52.5417 9.22266 83.8009 182.728 131.634 51.0933 40.451 10.6423 43.319 23.3241 16.6326 4.7714 130.686 79.8567 27.439 4.45126 2.56126 26.1016 3.27729 1.70013 7.85651 5.67628 16.4787 13.9879 0.556238 71.9688 2.28373 1.04792 65.3068 69.6851 0.428267 69.2568 61.4984 37.9177 36.7519 37.8898 31.3024 11.7842 4.60895 2.429 13.4317 4.57259 0.646801 8.8591 1.7876 3.92579 2.06748 0.184528 1.88295 0.391433 7.0715 35.9342 34.4794 2.0125 32.4669 28.7916 1.58923 0.925992 27.2023
internal_count=48070 8519 39551 10521 668 3966 4553 3514 1039 885 154 9853 3847 2310 575 3501 3928 1114 93 47 1078 93 42 109 80 2285 1514 63 29030 362 56 2602 28668 51 28617 2260 1663 1636 838 680 217 79 51 1451 879 90 572 119 789 265 65 200 51 453 1615 1572 128 1444 717 93 59 624
is_linear=0
shrinkage=0.05


Tree=80
num_leaves=63
num_cat=0
split_feature=12 12 1 5 2 12 0 3 3 9 6 0 7 6 12 2 9 4 9 4 2 6 6 12 7 12 3 1 4 12 4 12 6 4 0 7 9 9 9 9 0 0 12 9 9 4 2 3 9 9 1 2 1 0 9 2 1 9 7 5 9 3
split_gain=84.7875 21.8842 12.8908 11.5228 4.4919 3.38269 3.03564 2.77535 2.23471 2.22147 2.85935 2.48117 8.49132 2.13659 2.07048 2.02626 1.98757 3.56518 2.21307 2.21492 4.01511 1.97094 3.38664 3.15731 3.0498 3.02213 3.55648 3.82683 2.68653 2.42746 2.46922 2.15314 2.18212 1.91733 1.87708 23.8387 1.80811 1.85959 1.75503 2.15906 1.75412 2.19994 1.72531 2.60307 7.09418 3.17679 1.69205 2.26119 1.69103 1.75234 1.59118 1.97435 3.18724 1.63951 3.24798 1.59028 3.94038 1.57087 1.52999 1.92233 1.51008 1.50111
threshold=0.42618899527413706 0.77970710046493774 0.64051282051282066 1.0000000180025095e-35 0.82842724978973936 0.53841480580355372 0.14119601328903658 0.55488621151271766 0.86319073083778985 0.09449404761904763 0.26969696969696971 0.92907444668008055 0.69047619047619058 0.27922077922077926 0.87579263542427721 0.48212005108556838 0.50438596491228083 0.90064102564102566 0.37965517241379315 0.83096903096903107 0.7886762360446572 0.54195804195804198 0.70714285714285718 0.70516999243656409 0.81666666666666676 0.76256394373381442 0.90054945054945057 0.87596153846153857 0.92084377610693402 0.564035962815011 0.67115270350564471 0.7463963349126802 0.42261904761904767 0.85552197802197805 0.96051948051948066 0.81666666666666676 0.29679679679679688 0.31866537717601556 0.20761494252873566 0.14434523809523811 0.92907444668008055 0.95713410900183715 0.40406182188469625 0.42724867724867727 0.45049019607843144 0.58091081593927896 0.99333333333333351 0.67890835579514841 0.55217785843920153 0.56711711711711721 0.51443452380952392 0.73765182186234834 0.80759615384615391 0.78629976580796257 0.23606811145510839 0.82972848596410509 0.81302966101694929 0.36266924564796915 0.81666666666666676 0.64583333333333337 0.11237373737373739 0.86706827309236967
decision_type=2 2 2 2 2 2 2 2 2 2 2 2 2 2 2 2 2 2 2 2 2 2 2 2 2 2 2 2 2 2 2 2 2 2 2 2 2 2 2 2 2 2 2 2 2 2 2 2 2 2 2 2 2 2 2 2 2 2 2 2 2 2
left_child=2 5 8 7 61 16 -7 -4 42 10 40 12 -12 -10 34 -9 18 -18 36 20 -20 23 -23 24 29 26 27 -25 -24 57 -31 32 -29 -21 35 -3 50 -38 39 -26 -8 -42 46 -44 -45 -46 -1 -48 -15 -50 -2 53 -53 54 -52 56 -6 -11 59 -39 -32 -5
right_child=1 14 3 4 55 6 9 15 13 21 11 -13 -14 48 -16 -17 17 -19 19 33 -22 22 28 25 38 -27 -28 31 -30 30 60 -33 -34 -35 -36 -37 37 58 -40 -41 41 -43 43 44 45 -47 47 -49 49 -51 51 52 -54 -55 -56 -57 -58 -59 -60 -61 -62 -63
leaf_value=-0.050117216900292964 -0.039523454193946143 0.037186987357903226 -0.010079674865717149 -0.038295760027751931 -0.050314905968295881 -0.066602043346432924 0.040245835146225269 0.14826997725156355 0.095987809070840965 0.0078237347830159946 0.03398723824463095 0.051708189893560831 -0.090338320868615291 -0.05056434259261551 0.049607982854210503 0.061613318195812367 -0.044765437873088045 0.028576963569951947 -0.056099599042321757 0.094918293739576179 0.031083178697877509 0.038992943635263802 -0.056286160516317942 -0.084821936505973972 0.047972985921194977 -0.091423884061866675 0.054407878570915558 0.019910414510122019 0.011937361576383204 -0.029857801494310346 -0.044244175566047948 0.053700552383016124 -0.063907977667743185 0.017477554609075237 0.04217258466032911 -0.2365585514572135 -0.06552831018065218 -0.014385073752045488 0.05997331787748908 -0.012897791801009334 -0.048076762740859202 0.0081239515295493687 -0.050595736851846818 0.46606187967577895 0.17340037264859429 -0.050859754057208842 -0.050293276414014987 0.16744981489236613 0.15212344717155588 -0.0093855779941168747 0.00055938883704793028 -0.04043111106758554 0.005214850062252932 0.086522618460011913 0.11799777518064469 -0.0090596046882673066 0.29932207699654761 0.058687065766604533 -0.076624922503193707 0.071725651970465362 0.013497581681301347 0.022176542195592577
leaf_weight=67.039897146169096 2.164255916606634 10.039520096033812 0.88396056927740518 25.548225395381454 0.1854286808520581 1.1528547946363676 3.0857882318086896 1.0139045808464291 0.45516323391348068 3.8762125675566521 12.490158741828054 11.414802825078366 1.5430632084608085 1.6774830548092725 38.233696872368455 2.0156077223364264 5.6630199039354903 2.3422991344705224 1.7784104843158255 1.7180508205201479 5.1302240788936615 12.302163537591698 1.7687862785533051 2.0110686309635604 2.8295371364802104 1.3580242954194552 1.6602128203958271 1.4890380240976813 7.8341671545058489 7.6521869350690421 1.2771123684942711 1.2587616238743065 1.622692573815584 1.4946057782508431 16.703972356393933 0.86371522955596525 2.0192383658140889 2.858960695099086 3.896727629005909 3.0026335176080465 2.1307606548070899 9.5259707719087601 1.2225122381933027 0.096777835860848316 0.2197278521489352 0.56135234422981739 0.27682646084576745 0.2094368040561676 0.23572347639128555 0.58407868212088943 3.8050855442415914 4.2554618641734114 37.743210046784952 1.1122059673070905 0.69652573205530632 30.816121014300734 0.14251786237582564 2.4951256075873971 0.6769582089036702 0.83811758086085308 9.985371611081062 1.0691658249124874
leaf_count=29172 351 443 14 7431 46 14 27 18 4 43 314 472 11 377 2254 37 289 20 169 28 65 222 26 21 27 24 34 29 134 61 20 25 26 25 843 26 67 150 42 28 17 97 331 18 31 95 70 1 6 55 122 172 415 5 25 2953 11 30 6 6 153 25
internal_value=3.46762e-05 0.0173721 -0.0319661 -0.0151589 -0.0207843 0.00843406 0.0140973 0.0678706 -0.0462483 0.0149708 0.0242466 0.0343974 0.0203167 -0.00364225 0.0420736 0.0906152 0.000227474 -0.023306 0.00306937 0.0245909 0.00864072 0.0093495 0.0216232 0.00329617 0.0102033 -0.0224334 -0.0107829 -0.0277428 -0.000628859 0.00105015 -0.00794113 -0.00147797 -0.0237989 0.058891 0.0316392 0.0155018 -0.000808612 -0.0258398 0.0339929 0.0166343 0.00672467 -0.00214911 -0.048055 -0.00342739 0.0622596 0.0122275 -0.0494431 0.0434901 -0.0218011 0.0370542 0.00240637 0.00431232 0.000589831 0.0321614 0.0187304 -0.00789405 0.101629 0.0277427 -0.00751793 0.00513599 0.00694994 -0.0358667
internal_weight=382.055 247.801 134.254 61.6749 57.7615 181.96 107.663 3.91347 72.579 106.51 40.1905 25.448 14.0332 2.95245 65.8409 3.02951 74.2966 8.00532 66.2913 10.1213 6.90863 66.3198 21.9051 44.4147 35.0149 9.3998 8.04177 6.38156 9.60295 25.286 18.9147 4.37049 3.11173 3.21266 27.6072 10.9032 56.17 6.39327 9.7289 5.83217 14.7425 11.6567 69.6265 2.10037 0.877858 0.78108 67.5262 0.486263 2.49729 0.819802 49.7767 47.6125 41.9987 5.61382 4.50161 31.1441 0.327947 6.37134 4.37404 3.69708 11.2625 26.6174
internal_count=48073 7378 40695 10535 10466 3812 1897 69 30160 1883 938 797 325 442 3566 55 1915 309 1606 287 234 945 382 563 404 159 135 101 160 307 234 80 55 53 1312 469 1319 229 97 55 141 114 29718 475 144 126 29243 71 438 61 1090 739 587 152 147 3010 57 73 162 156 173 7456
is_linear=0
shrinkage=0.05


Tree=81
num_leaves=63
num_cat=0
split_feature=12 12 1 5 12 0 1 5 9 1 9 0 4 7 9 1 3 3 10 0 0 12 10 7 4 1 9 6 0 7 10 10 6 2 3 3 12 6 6 12 7 12 3 10 4 12 4 12 9 9 2 3 0 0 12 12 5 2 0 7 10 6
split_gain=78.9857 24.73 7.82703 11.8627 5.1394 3.13646 3.52077 6.63429 5.20805 3.12658 2.82739 2.79632 2.63447 2.56575 2.28148 2.13872 2.27017 2.11436 3.40613 2.81786 4.46829 2.10684 3.08271 8.26827 11.1201 2.16833 2.10296 2.75595 2.47878 7.57107 2.04727 2.2661 1.85574 1.83529 1.82964 2.78565 2.26121 1.81831 3.16762 2.82786 2.82334 2.44894 3.27651 3.59844 2.40142 2.18463 2.23501 1.70829 1.66624 2.0094 1.66286 1.86818 1.60758 1.96466 1.59058 7.77418 1.58133 1.99441 1.98216 1.79691 1.48757 2.02652
threshold=0.37672433340361039 0.77970710046493774 0.64051282051282066 1.0000000180025095e-35 0.53841480580355372 0.81016731016731025 0.82402885682574922 0.5634920634920636 0.12372448979591838 0.80759615384615391 0.52041666666666686 0.14119601328903658 0.8085106382978724 0.34848484848484856 0.45260557053009892 0.77190241228070178 0.72438780609695164 0.50242718446601953 0.86956521739130443 0.7593103448275863 0.74464204286365721 0.87579263542427721 1.0000000180025095e-35 0.81666666666666676 0.93563184374075181 0.59417229729729737 0.09449404761904763 0.26969696969696971 0.92907444668008055 0.69047619047619058 0.28464818763326233 0.2561121049493143 0.70714285714285718 0.59870129870129885 0.86706827309236967 0.87585616438356173 0.34688198539073856 0.54195804195804198 0.70714285714285718 0.70516999243656409 0.81666666666666676 0.76256394373381442 0.90054945054945057 0.18795289855072467 0.92084377610693402 0.564035962815011 0.67115270350564471 0.44506849620047589 0.20761494252873566 0.14434523809523811 0.99333333333333351 0.67890835579514841 0.92907444668008055 0.95713410900183715 0.35234992986299379 0.3538470469403408 0.44949494949494956 0.73765182186234834 0.78629976580796257 0.44949494949494956 0.17274535809018571 0.43650793650793657
decision_type=2 2 2 2 2 2 2 2 2 2 2 2 2 2 2 2 2 2 2 2 2 2 2 2 2 2 2 2 2 2 2 2 2 2 2 2 2 2 2 2 2 2 2 2 2 2 2 2 2 2 2 2 2 2 2 2 2 2 2 2 2 2
left_child=2 4 34 14 9 54 7 13 -9 12 17 -6 56 15 -4 -7 -17 18 -11 20 33 22 23 25 -25 -3 27 52 29 -29 31 -14 47 -20 50 36 -36 39 -39 40 45 42 43 -41 -40 -28 -47 -19 49 -42 -1 -52 -13 -54 -5 -56 -2 58 59 -58 -48 -62
right_child=1 21 3 5 11 6 -8 8 -10 10 -12 26 30 -15 -16 16 -18 32 19 -21 -22 -23 -24 24 -26 -27 37 28 -30 -31 -32 -33 -34 -35 35 -37 -38 38 44 41 48 -43 -44 -45 -46 46 60 -49 -50 -51 51 -53 53 -55 55 -57 57 -59 -60 -61 61 -63
leaf_value=-0.050110289971867228 -0.037156321393235686 -0.029219600197618628 0.10176122893783042 -0.04633713487770693 -0.064763989455033061 0.20167516230849888 -0.023575459655899227 0.067022805558767537 0.36130048650090379 -0.052672350115956862 -0.051429473544265671 0.038768137395356277 0.0067076366782661268 -0.050345522823480794 0.019187387251617616 -0.050679573509205406 0.088299362835918382 0.0029377691973513451 0.099355054290020658 0.002142058954266726 0.17512597431456994 0.049499971835039874 0.039587778093819304 0.051220364940448238 -0.26092379083794659 0.050997880341251946 0.02625974094370483 0.033166730130309921 0.051625983166789062 -0.082288505120448913 -0.031560977339966628 0.090829294211999118 -0.050253525981345963 -0.051751027146852237 -0.050298306505876446 -0.050425902751379918 0.14586824923926553 0.037953455690926292 -0.05280821222078648 -0.051645876125012424 0.046884284937554345 -0.080583538248744493 0.054194820684361988 0.028480469542436628 0.011410491453642481 -0.028438773916215573 -0.0062990356201810763 0.041616379997266667 0.058675079262917533 -0.012190989448190708 -0.050283650346598797 0.14934129096252566 -0.045125292811488152 0.0077522309822292274 0.41460378067117731 -0.022983958961375565 -0.057147451550106677 -0.031904376195365111 0.071809834626160959 0.035639125048862512 0.061927677733753655 -0.013017210901169774
leaf_weight=61.030647759325802 12.515330286463724 1.1523478627204919 2.0726900505833323 17.98427620949224 1.1269630212336768 0.19251291756518529 14.242243669228627 0.39764530188404013 0.24175662873312831 2.773954222444444 2.2310496654827139 3.0443148473277661 8.5375816922169143 1.3285454795695839 1.4025725605897603 0.56253298558294751 0.61515189707279205 4.3702705046161983 0.30573949869722017 47.423055525170639 0.61608700454235077 36.446392521262169 21.369394619017839 0.51608436740934827 0.6381189376115799 3.1322002243250608 6.393297822680327 12.167496485402808 10.874950123950837 1.6075389795005328 3.2247173795476547 0.88341481890529472 0.80164807103574354 0.58627282548695803 0.21716162678785511 0.95818705810233951 0.45406157174147666 12.014565427787604 1.7904414683580379 4.3852040730416739 2.7524541132152063 1.4607870820909745 1.5852950066328046 2.0591826010495424 7.7873344141989946 7.6328153719659921 7.4734699395485205 8.2317416979931277 3.7866233736276627 3.0174900759011507 0.24738650443032284 0.22271014750003815 2.1559478454291812 9.4846859388053417 0.10754888271912832 1.8045264293905345 0.99733944330364455 3.9150373949669302 1.209482245147228 1.094312746543437 2.2758498732000589 1.4942063177004459
leaf_count=28090 2547 14 27 6473 14 17 1857 39 20 382 139 27 291 328 28 117 3 179 27 512 10 2254 1081 24 21 172 73 314 472 11 206 13 8 64 51 241 9 222 26 52 27 24 34 49 134 61 105 136 42 28 66 1 17 97 35 475 27 159 7 26 39 29
internal_value=3.2035e-05 0.0143268 -0.0369599 -0.0199359 0.00593324 -0.0281307 -0.0127427 0.0334753 0.178289 -0.00222181 0.00391727 0.0135782 -0.0149902 -0.000834705 0.0684355 0.047171 0.0219147 0.00581381 0.00122622 0.00428178 0.0715665 0.0416739 0.031034 -0.00257448 -0.121353 0.029423 0.0144171 0.023566 0.0337811 0.0196932 0.0028256 0.0145958 0.0235106 4.09676e-05 -0.0480032 0.00429165 0.0824023 0.00895691 0.0208547 0.00315998 0.00975333 -0.021035 -0.0102017 -0.026043 -0.000594366 0.00099845 -0.00755739 0.028203 0.0329031 0.0159899 -0.0493887 0.0442895 0.00641896 -0.00204115 -0.0417275 0.00162913 -0.0264082 -0.00776716 0.0208588 -0.00860327 0.00661821 0.0322244
internal_weight=373.425 269.342 104.082 40.952 206.088 37.4767 17.5804 3.33815 0.639402 99.717 67.3398 106.371 32.3772 2.69874 3.47526 1.3702 1.17768 65.1088 51.7051 48.9312 1.5081 63.2545 26.8081 5.43875 1.1542 4.28455 105.244 39.3349 24.65 13.775 12.6457 9.421 13.4037 0.892012 63.1302 1.62941 0.671223 65.909 21.5923 44.3167 34.8262 9.49047 8.02968 6.44439 9.57778 25.2696 18.8763 12.602 9.55657 5.76994 61.5007 0.470097 14.6849 11.6406 19.8964 1.91208 19.7315 7.21617 3.30113 2.09165 11.2435 3.77006
internal_count=48073 10196 37877 9419 6630 9364 2381 524 59 4733 1457 1897 3276 465 55 137 120 1318 995 613 101 3566 1312 231 45 186 1883 938 797 325 510 304 323 91 28458 301 60 945 382 563 404 159 135 101 160 307 234 315 97 55 28157 67 141 114 6983 510 2766 219 60 53 173 68
is_linear=0
shrinkage=0.05


Tree=82
num_leaves=63
num_cat=0
split_feature=12 12 1 5 12 0 1 5 2 1 9 0 7 9 0 9 6 0 7 3 10 0 0 3 12 10 7 5 3 3 10 10 6 6 12 7 6 12 3 10 9 10 7 3 12 2 12 2 3 12 12 3 0 1 3 3 3 12 2 0 0 1
split_gain=73.9154 23.7017 7.79425 10.9286 4.71925 3.07456 3.1567 4.83589 4.99085 2.86852 2.64119 2.57486 2.38295 2.1908 2.13944 1.98618 2.65268 2.47368 6.77922 1.9363 3.21714 2.43777 3.511 1.85139 1.77986 2.00255 7.77574 3.63857 1.77446 2.52285 1.70931 1.8951 1.68014 1.67489 3.60701 3.76365 2.95958 2.77616 2.2366 2.49727 2.22747 2.75527 2.72382 2.225 1.76012 1.62095 1.59272 1.58049 1.61671 1.55303 4.67745 1.54122 1.71348 1.53626 2.10753 1.52153 1.88613 1.51567 1.56856 3.5061 1.51202 1.48546
threshold=0.37672433340361039 0.77970710046493774 0.64051282051282066 1.0000000180025095e-35 0.53841480580355372 0.81016731016731025 0.82402885682574922 0.5634920634920636 0.82842724978973936 0.80759615384615391 0.52041666666666686 0.14119601328903658 0.34848484848484856 0.45260557053009892 0.17467581998474455 0.09449404761904763 0.26969696969696971 0.92907444668008055 0.69047619047619058 0.50242718446601953 0.86956521739130443 0.7593103448275863 0.74464204286365721 0.84660633484162906 0.87579263542427721 1.0000000180025095e-35 0.81666666666666676 0.78888888888888908 0.86706827309236967 0.87585616438356173 0.28464818763326233 0.2561121049493143 0.70714285714285718 0.54195804195804198 0.76256394373381442 0.84523809523809534 0.70714285714285718 0.564035962815011 0.91545844394527276 0.16152751423149908 0.30116279069767443 0.090230664857530549 0.73214285714285732 0.62316372152437738 0.70516999243656409 0.59870129870129885 0.44506849620047589 0.99333333333333351 0.67890835579514841 0.35234992986299379 0.3538470469403408 0.95101959216313492 0.29459980713596917 0.77190241228070178 0.72438780609695164 0.86319073083778985 0.88047619047619063 0.40406182188469625 0.73765182186234834 0.78629976580796257 0.24828767123287673 0.90064102564102566
decision_type=2 2 2 2 2 2 2 2 2 2 2 2 2 2 2 2 2 2 2 2 2 2 2 2 2 2 2 2 2 2 2 2 2 2 2 2 2 2 2 2 2 2 2 2 2 2 2 2 2 2 2 2 2 2 2 2 2 2 2 2 2 2
left_child=2 4 28 13 9 49 7 12 -9 23 19 -6 53 -4 -3 16 -13 18 -18 20 -11 22 45 57 25 26 -16 -28 47 -30 31 51 46 34 35 37 -35 -17 39 40 42 -42 -39 -41 60 -22 -21 -1 -49 -5 -51 52 -25 -7 -55 -54 -57 -2 59 -59 -38 -8
right_child=1 14 3 5 11 6 61 8 -10 10 -12 15 -14 -15 24 33 17 -19 -20 32 21 -23 -24 30 -26 -27 27 -29 29 -31 -32 -33 -34 36 -36 -37 44 38 -40 43 41 -43 -44 -45 -46 -47 -48 48 -50 50 -52 -53 55 54 -56 56 -58 58 -60 -61 -62 -63
leaf_value=-0.050104898521417765 -0.050378180515211306 -0.076959178343800783 0.099187619762613935 -0.046089835206831339 -0.062939028343751577 0.16523978753211882 -0.03808013095205498 -0.050704140099717666 0.2286062417219788 -0.052571351389682934 -0.050844839876564185 0.006126037243648407 -0.05032874092030596 0.018066400708543717 0.039784803713568129 0.025458387377045651 0.032344719230412204 0.051547720005615333 -0.07538023602633584 0.0027901489888463664 0.088890963158097705 0.0020339064740293334 0.15141993686502203 -0.035294965431031118 0.049391027366949912 0.039031774675004745 -0.18973657976226299 -0.022068473002340105 0.076593872826856216 -0.050405656247580921 -0.037898577266193195 0.083282787259101695 -0.047134199802001071 0.036915309882489811 -0.071738532877869618 0.029537150955726857 0.023571610419813354 -0.03227632457494984 0.035874266529473696 -0.019347073254532748 0.023269257509334448 -0.057654517399396137 -0.1066223610580963 0.025212085582281892 0.02234166714009736 -0.051671731278253169 0.040247909839730596 -0.050269822776932788 0.13556018072113266 0.25853050960107138 -0.022342120602786442 0.038705046214015291 -0.043690341977982002 -0.050647413662874077 0.085674127449966442 0.10298168982519949 0.0072683074317995301 -0.015686055023323348 -0.040027474076295956 0.077340454707788539 -0.037463633962282326 -0.0055060070364877549
leaf_weight=58.060238630045205 4.2122701248154106 0.38024088740348716 2.0214557903818782 17.196678559063006 1.1022947896271933 0.2223175147082691 7.4219476617872697 0.23072194517590094 0.52127789799124002 2.6436087819747618 2.1460310900583854 14.629619348328559 1.2641623180825261 1.4147952888160942 3.8574670488014844 6.5082034394145039 11.860782783245668 10.359882190823553 1.6655331812798984 4.3713880358263824 0.3241321260575194 47.446898042457178 0.67521271854639053 3.1403159468900377 34.743440601043403 20.501812113448977 0.61633183807134606 0.68119563721120358 0.68468383257277199 0.91181260254234076 2.2527186165098092 0.81830704468302506 0.81169852428138334 11.741860998794438 1.5561922602355469 11.969911519438027 1.3998606093227843 4.2422857023775631 2.2725361734628668 6.4757437207736057 2.790681654587388 1.6881254094187168 1.7361699566245077 4.9376659793779254 4.4667733479291201 0.55851421202532947 8.0897322592791152 0.23538442235439916 0.23279702663421631 0.1618213935289522 1.7645792297553269 2.3081719730980694 0.79264836944639716 0.5354291407857088 0.60261878371238708 0.73557029059156809 1.7142827687785027 9.8136418408248556 4.9402838100213549 1.1294323056936253 3.6878370800986886 6.6231215773150325
leaf_count=28090 1331 5 27 6473 14 17 1245 34 25 382 139 141 328 28 182 74 314 472 11 179 27 512 10 107 2254 1080 15 30 60 241 71 13 8 222 24 155 12 58 38 41 39 25 11 98 91 64 136 66 1 35 475 36 27 117 3 22 75 1316 273 5 57 612
internal_value=2.80955e-05 0.0138644 -0.0365715 -0.0194623 0.00569953 -0.0274783 -0.0122838 0.0311242 0.142911 -0.00213847 0.00372964 0.0130776 -0.000905786 0.0657879 0.0412709 0.0138834 0.0228928 0.033162 0.0190802 0.00553365 0.00115624 0.00405463 0.0655988 -0.0144921 0.0420152 0.0320273 0.00416973 -0.101712 -0.0479484 0.00406019 0.00126303 0.0105403 0.0225674 0.00858343 0.00303103 0.00576102 0.0201014 -0.00352397 -0.0113367 -0.0162422 -0.0338933 -0.00723205 -0.0538667 -6.99029e-05 -0.000561794 -5.32256e-05 0.0271076 -0.0493671 0.0421317 -0.0413208 0.00125173 0.00369114 -0.00897068 0.045022 0.0215375 0.016524 0.0360063 -0.0237136 -0.0166422 -0.00608481 -0.02067 -0.0227194
internal_weight=364.903 264.797 100.106 39.9809 204.017 36.5447 17.4216 3.37653 0.752 98.9249 67.0672 105.092 2.62453 3.43625 60.7805 103.99 38.5158 23.8862 13.5263 64.9212 51.6484 49.0048 1.55786 31.8576 60.4002 25.6568 5.15499 1.29753 60.1249 1.5965 11.762 9.5093 13.2728 65.4738 44.1775 42.6213 21.2963 30.6514 24.1432 21.8707 10.4573 4.47881 5.97846 11.4134 9.55447 0.882646 12.4611 58.5284 0.468181 19.1231 1.9264 8.69099 6.38282 1.36037 1.13805 3.2425 2.44985 20.0956 15.8834 10.9431 5.0877 14.0451
internal_count=48073 10196 37877 9419 6630 9364 2381 524 59 4733 1457 1897 465 55 3566 1883 938 797 325 1318 995 613 101 3276 3561 1307 227 45 28458 301 351 280 323 945 563 539 382 384 310 272 133 64 69 139 160 91 315 28157 67 6983 510 267 231 137 120 124 97 2925 1594 1321 69 1857
is_linear=0
shrinkage=0.05


Tree=83
num_leaves=63
num_cat=0
split_feature=1 3 3 3 9 9 5 5 0 9 5 4 3 6 0 0 1 5 1 3 1 1 4 0 1 4 0 9 9 2 2 6 9 4 9 3 10 1 7 1 9 2 1 1 0 7 6 10 0 1 1 10 1 10 0 0 5 1 2 7 2 2
split_gain=51.9499 28.3607 14.0861 7.39227 6.91137 8.39309 6.5283 5.66746 4.90886 5.42848 3.27596 4.58788 3.16812 3.88896 2.53651 2.58856 2.43969 4.59933 2.84414 2.38543 2.31169 2.16199 2.02268 1.95582 1.95292 1.94328 1.91459 3.35073 7.07292 3.98749 5.56504 1.84264 2.27982 2.55864 2.68635 2.70826 3.1704 2.14892 1.77789 1.67883 3.31372 2.18441 2.60398 1.65508 2.28546 1.71361 1.58179 1.55312 2.96796 1.54567 1.52352 2.12353 1.99073 1.84393 1.45846 3.47909 1.45794 1.54407 1.64874 1.47309 1.45579 1.43268
threshold=0.67890835579514841 0.62316372152437738 0.82426470588235301 0.94360822556709789 1.0000000180025095e-35 0.029857397504456332 0.44949494949494956 1.0000000180025095e-35 0.73375527426160347 0.04819976771196284 0.31666666666666671 0.62823920265780742 1.0000000180025095e-35 0.10818713450292398 0.74464204286365721 0.78629976580796257 0.82097069597069605 1.0000000180025095e-35 0.82402885682574922 0.84660633484162906 0.67459677419354847 0.95861872146118743 0.6542714025500912 0.64346246973365628 0.70571428571428574 0.88548009367681513 0.7593103448275863 0.45049019607843144 0.4431524547803618 0.73765182186234834 0.74543037554004665 0.63068181818181823 0.098780487804878067 0.86037735849056607 0.12372448979591838 0.90521114106019773 0.056079664570230614 0.91503452605147528 0.64583333333333337 0.60906480721903211 0.32529069767441871 0.15535444947209656 0.2982733391864209 0.89932432432432441 0.92031746031746042 0.44949494949494956 0.51666666666666672 0.036038961038961044 0.94804318488529027 0.89932432432432441 0.36373307543520317 0.1181455633100698 0.33166248955722649 0.021507863089731735 0.82426470588235301 0.85053191489361712 0.31666666666666671 0.59417229729729737 0.5122242098986286 0.16025641025641027 0.35214626391096987 0.31851119894598162
decision_type=2 2 2 2 2 2 2 2 2 2 2 2 2 2 2 2 2 2 2 2 2 2 2 2 2 2 2 2 2 2 2 2 2 2 2 2 2 2 2 2 2 2 2 2 2 2 2 2 2 2 2 2 2 2 2 2 2 2 2 2 2 2
left_child=2 6 10 4 47 -6 16 -7 25 19 -1 -12 14 -14 24 -16 -2 -18 -19 -10 39 -15 -11 -20 -8 -9 27 28 29 -25 -31 32 -24 46 -35 37 -37 -36 -21 40 56 42 -42 -28 -45 -46 54 48 -3 -32 52 53 -43 -52 -34 -56 57 58 59 -4 -53 -5
right_child=1 3 20 61 5 7 12 8 9 22 11 -13 13 21 15 -17 17 18 23 38 -22 -23 31 26 -26 -27 43 -29 -30 30 49 -33 33 34 35 36 -38 -39 -40 -41 41 50 -44 44 45 -47 -48 -49 -50 -51 51 60 -54 -55 55 -57 -58 -59 -60 -61 -62 -63
leaf_value=-0.045385804658162145 -0.052320051997338461 -0.058182334408135528 -0.034005272831960615 -0.044452135562483522 -0.23560597843009978 0.061819144916246738 0.11696136738021767 -0.049205102160743447 0.011879337697602292 0.05923544546367733 -0.050809144344301366 0.043551987530847776 -0.0518438964640675 -0.0082546837624279858 -0.052306793591711476 0.0040074645532750452 0.11978053563178788 0.14151697902517832 -0.050149253305267198 -0.030294886998719836 -0.098328892164858572 0.075799378656349892 0.040270101352604934 -0.050223685591028015 0.0069475077347983683 0.048699112894597829 -0.051332819536347142 -0.05022690001625444 0.27315240046293249 0.20251908816939279 -0.050615922864552548 0.044136108630473542 0.047563587925702366 -0.092930570088717177 -0.067035906421318667 -0.068597451174352786 0.042289326206237925 0.001219179138087257 -0.10702894110371858 0.043687142170005272 -0.087187009043563912 0.0058668892230885833 0.020494762280488535 0.047170972166091701 0.0007813879043438622 -0.084109615580986299 0.052264406980984696 0.050946165747024465 0.042909008721911251 0.098338851218269796 -0.02319230360674894 -0.061584039939583272 0.050774529875397247 0.036807559360426047 -0.07218908520481214 0.01160028991873073 0.055291868559387294 -0.13366859651665453 0.040025559097840252 -0.16640117475162833 0.02708123804383078 0.043108931149707631
leaf_weight=65.90430569765158 7.3204039109405157 1.0086610345169931 6.2882882754784166 0.4713144563138475 0.3456304743885984 5.1211319556459776 0.86626889626495429 4.7612156455870709 1.4528068276122201 2.6486995476298025 2.5961645430652416 2.5567346519092098 5.98531510774046 3.755935124354437 2.0937458057887843 80.416898043360561 0.58500389754772442 0.25972090195864694 5.403117676498371 1.6206848435103896 0.6105418661609282 0.96070656296797086 5.5620658406987777 1.1757336144801218 0.75495445355772972 0.56722354143857945 3.9513679535593837 1.3958235080353913 0.30195957212708879 0.52742003370076396 0.57447335426695645 4.5995468758046618 2.3196023469790878 1.0085958167910565 2.3403908368200046 0.79060298856347788 3.490677647292614 2.273223290219903 1.4129879502579568 2.0450819423422208 1.2457165345549612 5.3661633520387131 1.0220521716400979 1.3486048211343589 1.4590790108777585 1.003195338649675 2.5086385598406187 15.941364654339848 2.5914111407473683 0.24992866814136505 2.0259632889647019 1.9427987069357189 4.5690552266314626 3.480163783300668 1.3365375818684722 16.954220262356102 0.46930270828306664 0.38061913847923268 0.74651190801523615 0.2173591696191578 0.60777278174646188 53.003387475851923
leaf_count=29875 2054 18 694 4 10 130 28 732 30 46 938 68 1563 255 108 951 3 36 2376 37 8 26 137 450 25 10 944 540 47 35 168 137 48 22 26 14 104 33 13 44 21 165 36 15 83 65 98 792 128 1 54 149 136 98 12 339 9 2 9 6 43 3025
internal_value=2.32644e-05 0.012109 -0.0301122 0.0279214 0.0183637 0.0100874 -0.0055082 0.0114848 0.00685262 0.0116851 -0.0423839 -0.0039896 0.000535997 -0.0250875 0.00379542 0.00257846 -0.0279373 -0.0181491 -0.0227207 -0.040805 -0.00199915 0.00886582 0.0168232 -0.0251735 0.0657313 -0.038783 -0.0139162 0.0131673 0.0444402 0.0171166 0.0756851 0.0142219 0.0106559 0.00566791 -0.0155968 -0.00682793 0.0218124 -0.0334052 -0.0660352 -6.49354e-05 -0.00321977 0.00758818 -0.0386563 -0.028659 -0.00514928 -0.0338054 0.0147771 0.0442475 0.0145854 -0.00545826 0.013417 -0.00274015 0.0265192 0.0147308 0.0102142 0.00547765 -0.0302456 -0.0355049 -0.0303529 -0.0384287 -0.0404561 0.0423372
internal_weight=356.595 254.52 102.075 134.131 80.6559 61.1145 120.39 60.7689 55.6477 50.3193 71.0572 5.1529 94.8338 10.702 84.1319 82.5106 25.5558 18.2354 17.6504 4.48648 31.0174 4.71664 45.8328 17.3907 1.62122 5.32844 11.9876 4.22534 2.82952 2.52756 1.35182 43.1841 38.5846 33.0225 9.90349 8.89489 4.28128 4.61361 3.03367 30.4068 28.3618 20.2597 2.26777 7.76225 3.81088 2.46227 23.119 19.5414 3.60007 0.824402 17.9919 8.0567 9.93522 5.50613 20.6104 18.2908 8.10208 7.63278 7.25216 6.50565 2.55057 53.4747
internal_count=48073 15718 32355 5945 2916 1978 9773 1968 1838 1096 30881 1006 2956 1844 1112 1059 6817 4763 4760 80 1474 281 1016 4724 53 742 2348 1241 701 654 204 970 833 696 199 177 118 59 50 1466 1422 702 57 1107 163 148 497 938 146 169 645 344 301 152 399 351 720 711 709 700 192 3029
is_linear=0
shrinkage=0.05


Tree=84
num_leaves=63
num_cat=0
split_feature=12 12 0 12 12 2 6 2 5 3 3 12 10 7 5 2 6 0 9 9 12 12 9 6 0 7 12 2 10 3 3 4 9 9 0 3 10 0 0 9 10 9 9 9 4 0 9 9 0 0 12 12 0 9 9 12 0 0 7 12 5 4
split_gain=65.1617 21.8222 4.99498 4.13328 4.03532 2.81448 3.04948 2.36715 3.05286 3.01344 2.22104 2.20107 2.81847 5.6681 2.20231 2.18801 2.38378 2.15432 1.97008 7.68337 1.91211 11.813 1.78002 2.46363 2.45402 5.93135 1.77212 1.7422 1.65839 2.151 6.15159 1.83229 1.77284 2.51041 1.63627 1.60196 2.8955 1.79046 2.73753 2.15582 1.71528 2.26153 2.16977 1.96706 1.93405 1.71424 1.58651 2.58992 1.59619 1.74418 2.39272 1.52402 1.62168 1.50768 2.08809 2.39619 1.50211 1.73796 1.45588 4.01492 3.79728 1.3955
threshold=0.37672433340361039 0.77970710046493774 0.81016731016731025 0.33962027708697146 0.53841480580355372 0.97332859174964448 0.21825396825396828 0.41728855721393038 0.087121212121212141 0.86706827309236967 0.87585616438356173 0.87579263542427721 1.0000000180025095e-35 0.81666666666666676 0.78888888888888908 0.45773809523809533 0.42261904761904767 0.14119601328903658 0.35634920634920642 0.36899313501144165 0.3538470469403408 0.35234992986299379 0.09449404761904763 0.26969696969696971 0.92907444668008055 0.69047619047619058 0.36365702537830374 0.99333333333333351 0.026671408250355622 0.74601568429041254 0.71346469622331699 0.90064102564102566 0.46737588652482276 0.39811320754716989 0.51022110972048396 0.50242718446601953 0.86956521739130443 0.71535181236673784 0.75181159420289878 0.23606811145510839 0.03883861236802414 0.084523809523809543 0.13840996168582378 0.19478319783197837 0.65155698234349935 0.7206557377049182 0.21525096525096529 0.2022727272727273 0.81302966101694929 0.91596045197740128 0.36701353510366541 0.29180537469905421 0.94494949494949509 0.050641025641025648 0.033908045977011504 0.70516999243656409 0.92907444668008055 0.95713410900183715 0.84523809523809534 0.76256394373381442 0.78888888888888908 0.80060240963855434
decision_type=2 2 2 2 2 2 2 2 2 2 2 2 2 2 2 2 2 2 2 2 2 2 2 2 2 2 2 2 2 2 2 2 2 2 2 2 2 2 2 2 2 2 2 2 2 2 2 2 2 2 2 2 2 2 2 2 2 2 2 2 2 2
left_child=2 4 3 -1 15 6 46 9 26 -5 -11 12 13 34 -15 16 -2 -6 27 -20 21 -21 23 56 25 53 -9 -10 -18 30 -30 32 33 -31 -3 36 -17 -38 39 45 41 -37 -42 -44 -45 -39 47 48 -4 50 -50 -51 -53 54 -25 -56 -19 -58 60 -60 -24 -7
right_child=1 11 5 7 17 61 -8 8 18 10 -12 -13 -14 14 -16 35 28 22 19 20 -22 -23 58 24 -26 -27 -28 -29 29 31 -32 -33 -34 -35 -36 40 37 38 -40 -41 42 -43 43 44 -46 -47 -48 -49 49 51 -52 52 -54 -55 55 -57 57 -59 59 -61 -62 -63
leaf_value=-0.046287362010135003 -0.042531468388351194 -0.017068652947714782 0.11709965706452566 -0.050115900836644557 -0.058572521744552623 -0.038655591467214589 0.077456405583400556 0.089458895204343497 -0.051507469105519579 0.11880165513977688 -0.050731984304973769 0.049190071439167454 0.038205382323709583 -0.14865877518866735 -0.02337170587414001 -0.052273978441176261 -0.052973650344357914 0.037302876466614836 0.47002582564879003 -0.050121578080193144 -0.05116984126031441 0.68671739626121509 0.0072497350153486202 0.037799638470124373 0.051419527695878708 -0.068466739213728769 -0.045559865369146323 0.067012216331673966 0.45551414992184314 -0.029388631102504992 -0.050420390178888608 0.032803537059024029 -0.044161385986807467 0.055691004233212139 0.050879670303983299 -0.055963123333331047 -0.050818912599079939 0.089551657147609029 -0.00083318707492085705 0.098844599166255945 0.043838104472808434 0.015307988168012605 -0.037150725796529317 -0.051848916162376552 0.030542414734257929 -0.051259180903517443 -0.050236387416311562 0.17808405160278198 -0.048676696991252141 0.08294459190331549 0.091200238269337819 -0.04735779882850092 0.056227737595044042 0.050681885611215817 0.031328876298746644 -0.069637279097151908 -0.042925587115705578 0.0067863967164236722 0.029554679444904766 -0.051759020174302096 -0.050088690553241735 0.027591229589494049
leaf_weight=64.351561957621016 6.3412173141259727 1.3398162620142131 0.28169084456749249 5.0757635493064281 1.0639055650681246 7.6088221196550876 1.3639506178442387 1.3911870202282441 2.4633660047547901 0.50104569317772973 0.31442264234647155 31.793782743625343 19.241851194761693 0.73669294267892815 0.66953929699957371 2.7908219852251923 1.4977849973365653 2.9710598215460751 0.095962221268564241 0.27450281591154635 0.62386917090043426 0.067836673464626074 45.135038591921329 3.6352065117098391 9.4711210047826153 1.7222749553620822 0.29446063749492157 0.35471788002178062 0.098753120750187828 1.9363341757561996 0.15342421876266599 2.8830992910079658 2.8947153002955019 1.5700481662061063 2.6158497761934996 1.8190291654318596 1.6907043992541719 0.33561159973032717 53.706487923394889 1.2594971733633427 6.5406318311579517 2.8678879761137068 2.0534270885400456 0.82337244483642269 5.2784943447913975 0.60718116839416325 1.4794723269296808 0.21509270858950902 2.4864036374492575 0.79791825381107662 0.34859555144794274 0.86722941347397842 0.66955031920224428 5.2672686716541648 1.1004359738435598 1.261033611372113 2.1662372238934031 9.3329995404928923 14.365314669907093 1.6974395532161004 3.0848458111286154 0.88769282260909665
leaf_count=31570 1754 23 19 2488 14 1234 36 86 894 11 68 2254 1081 15 30 462 133 27 21 122 143 12 698 99 472 11 43 30 20 267 43 42 151 50 163 30 354 14 821 48 152 75 46 110 97 64 486 29 455 10 30 41 10 165 33 17 17 97 195 29 23 39
internal_value=1.98211e-05 0.0130402 -0.0358673 -0.0413611 0.0052742 -0.0113778 0.00894677 -0.0136917 0.0096902 -0.0357824 0.053434 0.0405007 0.0292721 -0.00278622 -0.0890067 -0.00202351 -0.0181017 0.0122062 -0.0147165 0.0433146 0.000934398 0.0958876 0.0129502 0.0216988 0.0320656 0.0179503 0.0658729 -0.0365892 -0.00406219 0.00361986 0.147705 -0.000293772 -0.015201 0.00870736 0.027865 0.00147849 -0.00253566 -0.000125728 0.00140726 0.0560441 0.0139852 -0.0123529 0.0223851 0.00517954 0.0194247 -0.0011339 -0.00412969 0.0079084 0.00119386 -0.00512171 -0.0314772 0.0268815 -0.00222724 0.0311636 0.0140194 -0.0225874 0.00561008 -0.00257839 0.00792447 0.0209618 0.00358153 -0.0317343
internal_weight=348.635 255.82 92.8151 75.8087 199.423 17.0064 8.5099 11.4571 5.5659 5.89123 0.815468 56.3975 24.6037 5.3619 1.40623 97.1485 17.3754 102.274 3.88025 1.06217 0.966209 0.342339 101.21 36.9276 22.4573 12.9862 1.68565 2.81808 11.0342 9.53637 0.252177 9.2842 6.4011 3.50638 3.95567 79.7731 60.3903 57.5995 55.9088 2.20229 19.3828 4.68692 14.6959 8.15529 6.10187 0.942793 7.14595 5.66648 5.45139 5.1697 2.835 2.3347 1.53678 11.2639 5.99668 2.36147 14.4703 11.4992 64.2826 16.0628 48.2199 8.49651
internal_count=48073 10196 37877 35488 6630 2389 1116 3918 1351 2567 79 3566 1312 231 45 4733 2460 1897 1222 298 277 134 1883 938 797 325 129 924 706 573 63 510 468 317 186 2273 1763 1301 947 126 510 105 405 253 207 78 1080 594 565 546 485 61 51 314 149 50 141 114 945 224 721 1273
is_linear=0
shrinkage=0.05


Tree=85
num_leaves=63
num_cat=0
split_feature=12 12 1 3 12 5 5 0 10 1 5 12 12 12 2 2 12 12 10 4 3 1 12 3 1 3 3 1 5 0 9 3 1 6 9 5 2 12 9 9 5 9 3 4 10 4 9 3 10 6 9 12 9 5 6 10 10 9 12 9 12 6
split_gain=56.8045 25.2043 8.81754 6.20079 3.93254 3.74941 3.62145 2.7545 2.54832 2.25324 7.27242 2.82851 4.85467 1.99786 2.33291 7.42756 2.07491 3.52875 1.97416 1.83331 3.15445 1.83012 2.76846 1.74194 1.71938 1.65459 1.80484 1.58429 3.67478 2.43995 2.34541 2.31094 1.9644 3.18083 1.56263 1.53591 1.36493 1.3633 1.54166 13.3417 4.16255 1.37437 1.35205 1.25373 3.38285 3.95751 2.73803 2.70599 2.67831 2.50448 2.42892 2.17571 1.51423 3.7293 2.07201 5.28281 2.05765 1.48846 3.06936 1.46558 1.46614 1.251
threshold=0.37461138802301536 0.77970710046493774 0.64051282051282066 0.64326765188834167 0.53841480580355372 1.0000000180025095e-35 0.44949494949494956 0.81302966101694929 0.24509048902579902 0.82402885682574922 0.5634920634920636 0.26236848596636581 0.25010067490003002 0.33962027708697146 0.74133811230585434 0.73765182186234834 0.3538470469403408 0.35234992986299379 0.026671408250355622 0.8938673341677098 0.90054945054945057 0.92296703296703309 0.36013258274054855 0.97332859174964448 0.87981481481481494 0.86706827309236967 0.87585616438356173 0.48626649905719682 0.095454545454545472 0.56966490299823647 0.26975051975051983 0.97937925170068041 0.36017241379310344 0.63961038961038974 0.21352583586626142 0.087121212121212141 0.99333333333333351 0.87579263542427721 1.0000000180025095e-35 0.031754032258064523 0.81666666666666676 0.74443344878772899 0.67890835579514841 0.86037735849056607 0.12933094384707292 0.86972236773179679 0.036375661375661381 0.74862637362637374 0.096464019851116647 0.48076923076923084 0.30860805860805868 0.5942586191961361 0.042572463768115944 0.78888888888888908 0.48076923076923084 0.15301003344481609 0.18624359479700436 0.15075757575757578 0.70516999243656409 0.14434523809523811 0.564035962815011 0.42261904761904767
decision_type=2 2 2 2 2 2 2 2 2 2 2 2 2 2 2 2 2 2 2 2 2 2 2 2 2 2 2 2 2 2 2 2 2 2 2 2 2 2 2 2 2 2 2 2 2 2 2 2 2 2 2 2 2 2 2 2 2 2 2 2 2 2
left_child=2 4 25 6 18 -5 13 -7 -8 10 11 12 -10 -4 15 16 17 35 23 20 61 -11 34 24 -2 36 -27 30 -29 -30 -6 43 -32 -34 -23 -15 -1 38 -3 -40 41 -41 -38 47 46 -46 -45 50 49 -48 51 59 -49 54 -54 -56 -57 -51 -59 60 -31 -20
right_child=1 37 3 5 27 7 8 -9 9 21 -12 -13 -14 14 -16 -17 -18 -19 19 -21 -22 22 -24 -25 -26 26 -28 28 29 31 32 -33 33 -35 -36 -37 42 -39 39 40 -42 -43 -44 44 45 -47 48 52 -50 57 -52 -53 53 -55 55 56 -58 58 -60 -61 -62 -63
leaf_value=-0.050090839265131831 -0.049054357263965509 0.050804834685370795 -0.048000920961515259 0.087461242237783801 -0.044617777482890766 -0.038914955134465794 -0.050288003399193051 0.042058372093426777 -0.051601492589870748 -0.038569148360190569 0.15920881599171285 -0.029918965833143341 0.20573910625065436 0.10973564323122471 -0.05020018352723285 0.4636838883730201 -0.053945974856018819 0.2858568977092581 -0.0044441770303470752 0.028013362146907153 -0.062041018592448552 0.052900174925930278 -0.069983849215096858 -0.18427207687956015 0.040965709048721093 0.05811270543975279 -0.050387629660509581 0.045698168553044427 -0.052976309540949618 -0.023520660115264085 0.024583073324694865 0.051357285075697645 0.026275404461771176 -0.05470246122199262 -0.051162530745922752 -0.050106640553620546 -0.050300001974986255 0.049075637370505638 -0.21749797272655017 0.041454012026453463 -0.08220459368252965 -0.041925453475358365 0.11689308806531516 0.028470801365656734 -0.042054299456786293 0.052623077405712829 0.036607139925872501 0.051300013553025492 -0.070194614052679918 -0.057850714829640465 0.033645850418844762 0.012226784406915671 0.047625078419642829 -0.046331457458190207 0.053968227149490705 -0.11174070055559396 -0.013646790981649511 -0.053367685267530912 0.032785527921610207 -0.03751193523571876 0.016255242609025135 0.014928316853045315
leaf_weight=50.186089240014553 2.7353529481915757 8.2289600865915435 14.137647278606897 1.9453401067294169 2.9621685605961821 2.0036195268621668 2.5618426448199871 2.2072929539717734 0.35024861246347505 3.3396052542375401 0.91114878258667875 2.254180544288829 0.38440595380961895 0.2528563593514257 1.3482097216183317 0.096903969417326041 0.65730027272365987 0.14862621249631047 75.6183509407565 4.756611051503568 2.2693305308930567 2.3182347053661951 0.78100029402412463 0.19771364331245411 0.65804114378988732 0.76058263285085448 0.77263120515272021 7.8316473653540006 1.5185077190399159 4.6103528458625096 6.0513188610784692 3.3954590167850247 2.2169404474552721 2.6770522240549326 0.42723292158916581 0.37049071164801717 0.23896842647809435 30.350814677774906 0.55139768682420509 14.316160636022682 0.74941306933760721 0.51189661491662342 0.24477867782115936 2.9028057977557209 1.4530927976593364 4.5909993601962924 1.9936916120350341 5.2300401749089387 2.6270636171102515 2.4903197474777699 6.092673720791935 14.91946943476796 6.9083143994212133 1.8505989015102375 2.584976714104414 0.85534635744988952 1.4256330188363788 2.0043246820569038 2.1350848730653524 4.826145945582538 4.6567736193537712 9.3656426895176974
leaf_count=27983 336 543 6072 31 69 558 980 21 30 280 30 260 21 2 470 14 199 21 3827 82 76 115 22 1 24 55 228 236 16 32 82 159 33 20 67 181 68 2252 19 723 36 13 1 83 29 149 24 264 32 30 40 174 163 27 53 7 33 17 34 33 38 533
internal_value=-0.00015855 0.0119909 -0.0345554 -0.0157012 0.0036308 0.0300518 -0.0249849 0.00352997 -0.0054684 0.00519668 0.0355474 -0.00215093 0.0830513 -0.0402749 -0.00227427 0.040063 0.0113417 0.0669313 -0.00363435 -0.00221488 -0.00386277 -0.0120428 0.013078 -0.0400035 -0.0315978 -0.0477367 0.00343622 0.0105205 0.013028 0.00979218 -0.005148 0.0110212 0.00553385 -0.0180201 0.0367066 0.0147323 -0.0492852 0.0420048 0.0331942 0.0242092 0.032765 0.0385756 0.0343006 0.00917434 -0.001452 0.0298612 -0.0148241 0.0131518 -0.0259949 -0.0125298 0.00494598 -0.00108099 0.0284299 0.019651 0.0300217 0.0050297 -0.0504311 -0.0273063 -0.00893033 -0.0151689 -0.00353309 -0.00230924
internal_weight=339.82 251.12 88.6992 36.4962 196.412 6.15625 30.3399 4.21091 13.3279 10.7661 3.89998 2.98884 0.734655 17.012 2.87439 1.52618 1.42927 0.771973 95.601 92.0099 87.2533 6.86607 3.52647 3.59111 3.39339 52.2031 1.53321 100.811 86.9033 79.0717 13.9075 77.5532 10.9453 4.89399 2.74547 0.623347 50.6698 54.7086 24.3578 16.1289 15.5775 14.8281 0.483747 74.1577 20.1974 6.04409 14.1533 53.9603 11.2505 8.62342 35.1054 29.0127 18.8549 13.6249 11.7743 4.86596 2.28098 6.62973 4.13941 14.0933 9.26713 84.984
internal_count=48051 10342 37709 9374 6756 610 8764 579 1805 825 341 311 51 6959 887 417 403 204 4879 4518 4436 484 204 361 360 28335 283 1877 1673 1437 204 1421 135 53 182 183 28052 3586 1334 791 772 736 69 1262 398 178 220 864 137 105 317 277 547 283 256 93 40 81 51 103 70 4360
is_linear=0
shrinkage=0.05


Tree=86
num_leaves=63
num_cat=0
split_feature=12 12 1 3 12 5 5 0 10 1 5 12 12 12 2 2 12 9 12 10 4 3 1 12 3 0 5 1 5 0 3 9 1 6 3 9 12 9 9 5 2 9 10 6 1 6 4 12 4 1 2 2 3 12 1 9 5 12 12 1 7 7
split_gain=53.2121 24.0638 8.6364 5.75954 3.60911 3.47416 3.39199 2.53787 2.415 1.98198 5.72916 2.423 3.57562 1.93588 2.11258 4.07855 1.84266 2.67178 9.85515 1.83431 1.78408 2.93003 1.70927 2.56388 1.62255 1.64182 1.49341 1.4601 3.48595 2.23699 2.23311 2.15787 1.77676 2.86533 1.44483 1.42524 1.38984 1.54524 13.1499 3.72719 1.30312 1.29029 1.23187 3.40954 1.77895 1.84232 5.07679 2.48016 1.93111 1.62156 1.76965 2.08328 2.87998 2.06971 1.72152 1.93629 3.32367 2.25966 1.47811 1.50976 1.87286 1.76705
threshold=0.37461138802301536 0.77970710046493774 0.64051282051282066 0.64326765188834167 0.53841480580355372 0.44949494949494956 1.0000000180025095e-35 0.81302966101694929 0.24509048902579902 0.82402885682574922 0.5634920634920636 0.26236848596636581 0.25010067490003002 0.33962027708697146 0.74133811230585434 0.73765182186234834 0.3538470469403408 0.44862772695285019 0.35234992986299379 0.028991596638655467 0.8938673341677098 0.90054945054945057 0.92296703296703309 0.36013258274054855 0.86706827309236967 0.23166368515205729 0.087121212121212141 0.48626649905719682 0.095454545454545472 0.56966490299823647 0.97937925170068041 0.26975051975051983 0.36017241379310344 0.63961038961038974 0.97332859174964448 0.21352583586626142 0.87579263542427721 1.0000000180025095e-35 0.029857397504456332 0.81666666666666676 0.99333333333333351 0.74443344878772899 0.19538706256627789 0.43650793650793657 0.86552066772655012 0.39230769230769241 0.72855022831050242 0.40803154743279729 0.69113355780022456 0.66583333333333361 0.76277056277056288 0.82972848596410509 0.68671792552389588 0.50040120607370453 0.67459677419354847 0.22653958944281527 0.44949494949494956 0.37885717983644052 0.39765987731153579 0.85270009643201561 0.64583333333333337 0.87301587301587313
decision_type=2 2 2 2 2 2 2 2 2 2 2 2 2 2 2 2 2 2 2 2 2 2 2 2 2 2 2 2 2 2 2 2 2 2 2 2 2 2 2 2 2 2 2 2 2 2 2 2 2 2 2 2 2 2 2 2 2 2 2 2 2 2
left_child=2 4 24 5 19 13 -5 -8 -7 10 11 12 -10 -4 15 16 17 26 -19 34 21 42 -11 35 40 -26 -15 31 -29 -30 -31 -6 -33 -34 -2 -24 37 -3 -39 41 -1 -40 44 49 45 -21 47 48 -47 -44 53 52 -52 54 -51 -56 57 -57 59 -53 -61 -62
right_child=1 36 3 6 27 8 7 -9 9 22 -12 -13 -14 14 -16 -17 -18 18 -20 20 -22 -23 23 -25 25 -27 -28 28 29 30 -32 32 33 -35 -36 -37 -38 38 39 -41 -42 -43 43 -45 -46 46 -48 -49 -50 50 51 58 -54 -55 55 56 -58 -59 -60 60 61 -63
leaf_value=-0.05008640000936098 -0.028404294559805213 0.050765031418635878 -0.047803728972389575 0.083696273241236144 -0.043197902134173745 -0.050274344348217384 -0.038149469026092467 0.040407568895396956 -0.051523184615459384 -0.037944689540443992 0.13531612646622834 -0.02924822147361324 0.16383015092428957 0.10740573427576038 -0.050190444374463905 0.28729385849256872 -0.053800884519423012 -0.050113258741241333 0.72579867672448961 -0.046488312963318734 0.028352576991441881 -0.061171265250055756 0.050376480257551814 -0.069109757113838141 0.053804493097268938 -0.050261581941949789 -0.050215301816563002 0.04499750626856306 -0.051111493883129966 0.0088357984825102372 0.051290401792387301 0.023454451130890539 0.024823817433724041 -0.051897041033948432 -0.16167535893901896 -0.051106474937253038 0.048960732065256946 -0.21676589165554866 0.041055055619779873 -0.0720746783947393 0.033098289558227433 -0.038481076006376333 -0.036221162257971194 0.057828420152588079 0.013359925634668562 0.32917186976835577 -0.034210605685675598 0.031687984803331092 0.09947047259816244 0.12922275855124751 -0.05253351598773285 -0.050769802213862791 0.092559248989731835 0.072858105449478197 -0.030667417947080181 0.1328511175580008 0.15598260459772439 -0.029000895545792878 -0.0023747283438181992 0.079240096416638262 -0.052495250771352378 0.039059282630936214
leaf_weight=47.742609120323323 4.2386356083443379 7.8336115721613195 13.502238898072397 1.9315717597492028 2.9079605611041179 2.4375455033732552 1.943182108690962 2.1832231641747057 0.33366038231179196 3.2276954496046528 1.0153963561169801 2.1921742879785597 0.45639579533599317 0.24881143867969446 1.2826993371127171 0.14669373934157182 0.62688717746641487 0.11246286029927433 0.064334727823734283 5.2831904549384472 4.6170943535398683 2.1511376022826871 2.3127979116979995 0.7520689881639554 0.78013808140531071 0.7371140664909035 0.3794622456189245 7.5627784011885515 1.4958049580454815 73.364788729231805 3.2339660553261629 6.0260461524594557 2.2289314190857112 2.680584916844964 0.213618904352188 0.40683104225900013 28.936653111129999 0.54920333810150523 13.885090475901956 0.81028965674340803 0.47549154725856979 0.52935632131993848 3.1724703711224711 2.5277383732609442 4.1859669192926949 0.13140246621333052 4.6354443989694118 1.3517318051308391 0.30131493613589555 0.27497027884237368 3.4298792516347016 0.54620162211358447 0.37988989055156697 1.6967525724321602 2.3081736995372921 0.26379166799597431 0.45123117323964823 1.1816154128173364 47.936504260986112 1.6299848769558591 0.77245519706048082 1.6586963813751936
leaf_count=27983 429 543 6072 31 69 980 558 21 30 280 30 260 21 1 470 14 199 57 3 1191 80 73 115 22 45 238 143 236 16 1262 159 82 33 20 1 67 2252 13 729 36 69 13 855 69 217 29 365 100 35 24 290 57 2 18 116 22 9 171 589 60 46 31
internal_value=-0.00015509 0.0115866 -0.0342114 -0.0153941 0.00348841 -0.0245136 0.0290118 0.00341396 -0.00536096 0.00487352 0.032735 -0.002192 0.0728811 -0.0398869 -0.00252852 0.0361981 0.0104752 0.0605253 0.232233 -0.00346354 -0.00192855 -0.00354916 -0.0117519 0.0126001 -0.0476641 0.00324693 0.0122064 0.0101496 0.0125846 0.00944567 0.0106282 -0.00491667 0.00526299 -0.0170656 -0.0347986 0.0351956 0.0416157 0.0326127 0.023598 0.0322686 -0.0492661 0.0381342 -0.00207562 0.00084426 -0.0146141 -0.0246199 -0.00662344 0.0650394 0.169223 -0.00134806 0.00042123 -0.00236348 -0.0380656 0.0258284 0.00801557 8.9326e-05 0.0375197 0.000537643 0.000225159 0.0272754 0.037772 0.00996946
internal_weight=332.676 247.385 85.2915 35.5561 194.841 29.4982 6.05798 4.12641 13.1346 10.697 3.99763 2.98223 0.790056 16.3636 2.86135 1.57865 1.43196 0.805071 0.176798 95.3399 90.8876 86.2705 6.69939 3.4717 49.7354 1.51725 0.628274 99.5009 85.6573 78.0946 76.5988 13.8435 10.9356 4.90952 4.45225 2.71963 52.5442 23.6076 15.7739 15.2247 48.2181 14.4144 84.1194 68.2304 15.8891 11.7031 6.41989 1.78445 0.432717 65.7026 62.5301 56.3536 3.80977 6.17653 4.47978 4.20481 1.89664 1.44541 52.5438 4.60734 4.06114 2.43115
internal_count=48051 10342 37709 9374 6756 8764 610 579 1805 825 341 311 51 6959 887 417 403 204 60 4879 4449 4369 484 204 28335 283 144 1877 1673 1437 1421 204 135 53 430 182 3586 1334 791 778 28052 742 4296 2359 1937 1720 529 164 64 2290 1435 1075 292 360 342 318 202 193 783 194 137 77
is_linear=0
shrinkage=0.05


Tree=87
num_leaves=63
num_cat=0
split_feature=12 12 1 3 5 12 5 9 10 12 2 2 12 2 5 1 7 10 12 2 2 3 3 4 3 9 12 2 12 9 9 5 1 5 9 7 3 1 6 10 12 9 9 3 10 10 2 6 2 6 9 12 6 9 3 7 9 12 9 12 6 7
split_gain=49.8001 22.989 8.44627 5.34997 3.33718 3.29687 3.06511 2.45486 2.29062 1.86386 1.90743 2.73055 1.77765 1.86642 3.68905 2.77075 2.33066 1.67284 1.61146 1.91796 4.96637 1.59051 1.59143 1.51042 2.76919 1.48427 1.90562 1.9389 1.41324 1.54565 10.4476 3.36001 1.3334 3.31874 1.98401 1.6277 2.05419 1.60684 2.58146 1.3179 2.88295 1.80502 2.69293 1.72262 2.10809 1.84245 1.6706 2.80922 2.09426 3.2897 3.56438 1.66465 2.87806 2.47748 1.93814 3.91697 1.88652 1.97773 2.09774 1.63826 3.9549 2.28463
threshold=0.37461138802301536 0.77970710046493774 0.64051282051282066 0.64326765188834167 0.44949494949494956 0.53841480580355372 1.0000000180025095e-35 0.21525096525096529 0.24509048902579902 0.33962027708697146 0.74133811230585434 0.73765182186234834 0.36870501766655134 0.99333333333333351 0.5634920634920636 0.82402885682574922 0.38750000000000007 0.026671408250355622 0.3538470469403408 0.64611005692599621 0.6167832167832169 0.86706827309236967 0.87585616438356173 0.8938673341677098 0.90054945054945057 0.13680926916221037 0.26236848596636581 0.75181159420289878 0.87579263542427721 1.0000000180025095e-35 0.029857397504456332 0.81666666666666676 0.48626649905719682 0.095454545454545472 0.26975051975051983 0.22649572649572652 0.97937925170068041 0.36017241379310344 0.63961038961038974 0.030536130536130541 0.65576731082107542 0.046536796536796543 0.16823899371069184 0.92084377610693402 0.056079664570230614 0.057417582417582429 0.82097069597069605 0.36038961038961043 0.99333333333333351 0.48076923076923084 0.069366479550922219 0.68182276075382453 0.48076923076923084 0.31072796934865904 0.53633392004023139 0.81666666666666676 0.15470085470085473 0.564035962815011 0.050641025641025648 0.76256394373381442 0.43650793650793657 0.64583333333333337
decision_type=2 2 2 2 2 2 2 2 2 2 2 2 2 2 2 2 2 2 2 2 2 2 2 2 2 2 2 2 2 2 2 2 2 2 2 2 2 2 2 2 2 2 2 2 2 2 2 2 2 2 2 2 2 2 2 2 2 2 2 2 2 2
left_child=2 5 21 4 9 17 -5 -8 -6 -4 11 18 13 14 16 -16 25 -2 19 20 -11 -1 -23 24 -19 26 -10 -28 29 -3 -31 -32 34 -34 -7 -35 39 -36 -39 40 -37 -42 -43 45 -45 -41 47 -47 49 -48 -51 52 53 54 56 -56 57 -50 -59 61 -61 -53
right_child=1 28 3 6 8 32 7 -9 12 10 -12 -13 -14 -15 15 -17 -18 23 -20 -21 -22 22 -24 -25 -26 -27 27 -29 -30 30 31 -33 33 35 37 36 -38 38 -40 43 41 42 -44 44 -46 46 48 -49 51 50 -52 59 -54 -55 55 -57 -58 58 -60 60 -62 -63
leaf_value=-0.049228853864617145 -0.037333748188250547 0.050727222424903511 -0.047599153163845664 0.080016341911647262 -0.050261316336551745 -0.041795512037315435 0.045581274950282392 -0.032572821847535557 0.12467290456464877 0.034816922400879809 -0.050181178220821611 0.21194747818195184 -0.063340729130991008 -0.019045154555636046 0.14350337838120455 0.02821372235278008 -0.051389857461976544 -0.002110786602684744 -0.053658695470440637 -0.050444898718678723 0.41380725176137273 0.052641220701833184 -0.050388259493266856 0.025564127849642678 -0.059886133017503389 -0.050811650699862758 -0.050766220124981665 0.059108638344284606 0.048843683293845142 -0.17320640579469446 0.03758652605040156 -0.063839380161981207 0.044287283357575646 -0.035631072111810283 0.022371573858281969 0.039157950981488381 0.051208942753348009 0.023459475854662494 -0.049240419585333497 0.049803209737567376 0.017828496541833695 -0.08248317642246282 -0.011687400999128336 -0.024129306335176827 0.052322883309434826 -0.065804994539382558 0.049654940359697287 0.012093209932097481 -0.036485845102344906 0.05144585056500145 -0.065789183750790126 -0.043112534397107577 -0.058017709019081723 0.032637203865784691 -0.026874456980116364 0.055058083489645339 -0.041901736725520722 -0.0095985430338275494 0.042883266966689419 -0.088536745006731435 0.052364200524271591 0.039930461004787664
leaf_weight=45.90160580445081 3.4836285880301139 7.4569756872952011 12.897553489892745 1.9197003180161107 2.3192508748033989 2.8565884707495561 1.8572192715946583 2.1890380764380097 0.55381697311531652 0.44614973862189733 1.2203609752468763 0.18756320374086488 0.88309256266802627 3.4143921147333458 0.96126475790515575 1.1382237285142762 1.4527775229653341 84.460076164570637 0.59785398794338107 0.2902832783292979 0.10721452650614083 0.77898715250193962 0.72236560063902289 4.7034138070885083 2.1262067302595815 0.50412773655261833 0.64160979469306756 1.0729502297472207 27.589712337590754 0.64987300522625346 13.908026771619912 0.86747950688004571 7.3064044034108511 1.9871589080430556 6.0024656681343895 2.4768470730632526 2.9367883661761871 2.240331067238003 2.6838609483093023 2.5955713521689168 2.0436718706041574 2.0781633835285902 3.7982539664953947 1.1203034780919541 4.6203945940360427 2.0475625731050959 6.6214330838993174 2.6620917487889528 3.2302329689264395 1.1235035778954627 1.5330283381044862 0.92885510809719196 2.1058815754950038 5.4984348174184552 2.5809703860431901 3.3548798244446516 4.3968792036175719 5.1737112402915937 3.012815997004509 1.0148853668943054 0.9778837002813815 7.6450365465134382
leaf_count=28052 361 543 6072 31 980 69 44 535 23 80 470 14 44 345 25 45 185 4360 199 105 19 55 228 82 76 66 70 22 2252 13 742 36 236 30 82 42 154 33 20 50 53 20 40 23 171 25 131 40 17 48 20 14 29 41 32 89 25 35 21 23 32 232
internal_value=-0.000162758 0.0111732 -0.0338567 -0.0150952 -0.0240541 0.00333184 0.0279852 0.00329966 -0.00524304 -0.0395137 -0.00291612 0.032491 0.0045862 0.0107454 0.0268277 0.0809999 -8.97215e-05 -0.00332821 0.0091407 0.0536437 0.108246 -0.0475725 0.00306929 -0.00203056 -0.00352951 0.0267913 0.0440379 0.0179921 0.0412241 0.0320371 0.0230019 0.0316317 0.00972985 0.0120724 -0.0046945 0.00903784 0.0102123 0.00500493 -0.0161646 0.00855487 -0.00792362 -0.0226474 -0.0367239 0.0113073 0.0374032 0.00865604 0.00667488 -0.0217737 0.0093982 0.0307966 -0.016208 0.00442497 -0.00170094 0.00265155 -0.00492905 0.0194329 -0.0140736 -0.00335634 0.00971588 0.0214425 -0.0193944 0.030934
internal_weight=325.958 243.9 82.0574 34.6544 28.6885 193.428 5.96596 4.04626 12.9415 15.747 2.84943 1.62906 10.6223 9.73916 6.32477 2.09949 4.22528 94.7733 1.4415 0.843648 0.553364 47.403 1.50135 91.2897 86.5863 2.7725 2.26838 1.71456 50.4721 22.8824 15.4254 14.7755 98.6549 84.8716 13.7832 77.5652 75.5781 10.9267 4.92419 72.6413 10.3969 7.92009 5.87642 62.2444 5.7407 56.5037 53.9081 4.70965 49.1984 9.27796 2.65653 39.9205 29.3538 27.2479 21.7495 5.93585 15.8136 11.4168 8.18653 10.5667 1.99277 8.57389
internal_count=48051 10342 37709 9374 8764 6756 610 579 1805 6959 887 417 825 781 436 70 366 4879 403 204 99 28335 283 4518 4436 181 115 92 3586 1334 791 778 1877 1673 204 1437 1407 135 53 1253 155 113 60 1098 194 904 854 65 789 199 68 590 289 260 219 121 98 73 56 301 55 246
is_linear=0
shrinkage=0.05


Tree=88
num_leaves=63
num_cat=0
split_feature=12 12 5 12 3 10 9 9 1 3 2 0 6 5 3 12 9 12 6 10 10 9 6 12 9 9 5 10 1 9 9 6 1 5 0 12 12 9 0 2 9 2 12 1 0 1 1 9 7 1 5 0 3 9 1 6 6 3 0 3 9 7
split_gain=46.8201 23.0626 7.81701 3.63627 2.19531 2.0607 1.93299 3.30452 1.92087 1.64604 1.54612 4.26084 3.57856 3.24444 2.51149 2.77163 2.39481 1.67231 1.66732 1.55846 2.32088 1.94917 1.52981 1.43689 1.54583 8.61969 3.04883 1.3749 1.86094 2.47453 2.73209 2.14966 2.1846 1.3584 1.35175 2.84556 1.89602 1.88363 1.82965 1.50593 3.5881 1.84742 2.42061 1.68893 2.39495 3.73608 1.42643 1.25484 1.25453 1.22985 3.13984 1.95484 2.0952 1.82297 1.45299 2.32598 1.36272 1.26982 1.45357 1.15122 1.1361 1.12457
threshold=0.349530287857372 0.77970710046493774 0.44949494949494956 0.53841480580355372 0.82891986062717782 0.032522474881015347 0.21525096525096529 0.20761494252873566 0.67890835579514841 0.70299970299970316 0.47140522875816998 0.27334993773349942 0.36931818181818188 0.080128205128205135 0.76980056980056988 0.42618899527413706 0.45049019607843144 0.40406182188469625 0.5634920634920636 0.28918128654970765 0.24509048902579902 0.63373983739837414 0.24264705882352944 0.87579263542427721 1.0000000180025095e-35 0.029857397504456332 0.81666666666666676 0.24509048902579902 0.77190241228070178 0.050641025641025648 0.056079664570230614 0.19375000000000003 0.93361581920903958 0.19090909090909094 0.67041198501872667 0.3538470469403408 0.41623381558328693 0.072299651567944254 0.71535181236673784 0.74543037554004665 0.10762548262548265 0.72871572871572876 0.47246239849638577 0.80759615384615391 0.78629976580796257 0.751623062015504 0.85270009643201561 0.74443344878772899 0.73214285714285732 0.48626649905719682 0.095454545454545472 0.56966490299823647 0.97937925170068041 0.26975051975051983 0.36017241379310344 0.63961038961038974 0.48076923076923084 0.85867895545314898 0.20169491525423733 0.58102025506376598 0.13423423423423428 0.5277777777777779
decision_type=2 2 2 2 2 2 2 2 2 2 2 2 2 2 2 2 2 2 2 2 2 2 2 2 2 2 2 2 2 2 2 2 2 2 2 2 2 2 2 2 2 2 2 2 2 2 2 2 2 2 2 2 2 2 2 2 2 2 2 2 2 2
left_child=2 3 4 5 -1 -2 7 27 22 -8 11 12 -7 -12 15 17 -16 18 -14 20 21 -18 -6 24 -3 -26 47 -4 29 -29 -31 32 -30 -15 35 -35 -37 -38 -36 40 -40 42 46 44 45 -41 -42 -27 -34 53 56 -52 61 -5 57 -56 -51 -55 -59 -39 -32 -53
right_child=1 23 6 49 8 10 9 -9 -10 -11 13 -13 14 33 16 -17 19 -19 -20 -21 -22 -23 -24 -25 25 26 -28 28 31 30 60 -33 48 34 38 36 37 59 39 43 41 -43 -44 -45 -46 -47 -48 -49 -50 50 51 52 -54 54 55 -57 -58 58 -60 -61 -62 -63
leaf_value=-0.04625047846600757 -0.031777710739850744 0.050691305452834824 -0.036312274604857746 -0.040412529329348044 0.078304885480667843 -0.050436568308153878 -0.050945800604451724 0.12749699160038774 0.059594688607169481 0.0860994931736178 0.05993438285527089 -0.041816526159002915 -0.050137196977198942 -0.051587227821988893 -0.05291664722885956 -0.002571356770263719 -0.054953605569244668 0.18582367781893125 0.14882199914558369 -0.025641812109975709 0.12085652251608879 0.045947065089218808 -0.050170389882811112 0.048724234882238843 -0.14405239299411071 0.040109978771113164 -0.057013180692339932 -0.050839524619723499 -0.052036977462247662 0.16022997728344945 -0.050560671312800454 0.081441397487317213 0.053333992926234836 0.15006324994781675 -0.047583050948310529 -0.050297571158603054 0.18313028032251646 -0.050304057561597226 -0.029029674961665454 -0.04182374865304353 -0.054547338083869371 0.11052133134112718 0.11611868428218973 0.00048615992333421345 -0.050308766666083971 0.093992698449358925 0.066966443100724526 -0.038408950734118513 -0.053518508234098629 0.0011097508970476478 -0.048784922411851839 0.018513077671343782 0.05117473960575819 -0.018976229543591072 0.022176301330927531 -0.04672389683852432 0.054929816454690722 0.0051179500324551102 0.06193650088723588 0.054439123178209939 0.065981310420257386 0.0043900068047046771
leaf_weight=55.021748761064373 6.2878821251215404 7.098193813115361 1.6160466744331623 2.8078916193917385 0.2744851629249746 2.0741252844454738 2.1882815246935929 0.58989584853406984 0.9014702159911393 0.24348370730876912 2.2445589915150768 8.2712707022437808 0.19943245255853959 1.3065494333859522 1.2492327092913909 0.6429764530621469 0.6432661418803044 0.57723384094424546 0.22309476137161255 1.106960477423854 0.74019566795323033 1.8701134449802337 1.486728874617256 26.306879486888647 0.73967046849429507 12.899911666288967 0.92128387279808599 0.44113732955884222 2.0698652634164323 0.66891342843882717 0.30788193619810045 0.62944107735529531 1.1288301276508717 0.44569720956496839 2.08719649829436 0.79477266408503089 0.21306241210550059 0.37954321946017422 1.7159747584955756 1.1854132428998121 0.73001119017135374 1.1759278316749258 0.5274121956899761 62.299319091485813 3.916487340349704 0.88391794136259694 0.36091531103011221 0.529733703471721 0.3630399229004978 1.4908797359094013 1.4496794175356615 19.205024803057313 2.9447621600702396 1.4726516976952533 2.2511773933656514 2.686910935677588 5.5710964938625693 2.1765870340168476 2.331233236938715 0.84942203364335001 0.65188882406800985 52.974492751061916
leaf_count=32685 870 543 504 69 4 725 561 26 40 1 88 2443 88 341 111 47 48 16 1 23 8 39 650 2252 13 729 36 51 189 11 46 5 20 43 237 337 25 84 57 220 44 35 7 1379 296 31 26 13 78 26 16 400 159 41 33 20 210 21 20 15 33 862
internal_value=-0.000157619 0.00985119 -0.0367674 0.00242967 -0.0441047 -0.00402431 0.00206767 0.0133525 0.000235326 -0.037224 -0.00225648 -0.0156911 0.00747808 0.000658123 0.0240409 0.0784135 0.00811874 0.130497 0.0549134 0.0256045 0.04304 0.0201229 -0.0301475 0.04082 0.0314487 0.0223975 0.0309766 0.00480445 0.0154172 0.0542069 0.0826592 -0.00373912 -0.0187925 -0.00102878 -0.000177149 0.0346972 0.0117097 0.045885 -0.00142644 -0.000103034 0.0278793 0.0628274 0.0281718 -0.00195127 -0.0273196 0.0161905 -0.0143465 0.0370128 0.0273319 0.00939007 0.0116667 0.0087246 0.00983437 -0.00448123 0.0047591 -0.0153137 0.0435677 0.0213332 0.0345018 0.0220911 0.0285962 0.00814778
internal_weight=319.443 250.86 68.5831 202.364 57.6844 105.002 10.8987 8.46694 2.66268 2.43177 98.7141 17.5979 9.32663 81.1162 7.25251 1.64274 5.60977 0.999761 0.422527 4.36054 3.25358 2.51338 1.76121 48.4957 22.1888 15.0906 14.3509 7.87704 6.261 2.06982 1.62868 4.19118 3.56174 78.8716 77.5651 2.6825 2.2368 1.44203 74.8826 72.7954 4.51024 2.79427 1.61834 68.2851 5.98582 2.06933 1.09093 13.4296 1.49187 97.3624 83.6359 76.574 75.1243 13.7265 10.9186 4.93809 7.06198 5.98047 4.50782 1.22897 0.959771 72.1795
internal_count=48051 13147 34904 9561 33379 7684 1525 963 694 562 6814 3549 1106 3265 381 152 229 105 89 118 95 87 654 3586 1334 791 778 937 433 141 90 292 287 3177 2836 504 461 124 2332 2095 169 112 77 1926 547 251 70 742 98 1877 1673 1437 1421 204 135 53 236 82 41 99 79 1262
is_linear=0
shrinkage=0.05


Tree=89
num_leaves=63
num_cat=0
split_feature=12 12 5 12 3 10 9 9 1 3 12 9 9 5 6 4 3 1 0 0 3 5 4 10 9 10 6 10 1 9 9 6 1 9 7 1 5 0 6 1 5 0 3 9 6 1 6 12 4 10 4 3 9 10 9 12 9 6 7 7 7 7
split_gain=43.8643 21.9509 7.49518 3.32331 2.10118 1.88371 1.8078 2.81221 1.76985 1.54447 1.45728 1.54293 7.28719 2.78262 1.42637 1.38149 2.48517 1.6494 3.73274 4.20105 2.8619 2.79986 2.58565 3.29732 1.70929 1.6531 1.28466 1.26637 1.61413 2.13683 2.08977 2.00205 2.06715 1.1761 1.16178 1.15725 5.37459 1.13421 1.12975 1.12086 3.00018 1.78605 2.02775 1.67451 1.34219 1.32416 2.11021 1.21352 1.16224 3.05627 3.66805 2.55602 2.42669 2.41697 2.10951 2.16703 2.43866 2.0335 1.52853 2.86436 1.42 3.62559
threshold=0.349530287857372 0.77970710046493774 0.44949494949494956 0.53841480580355372 0.82891986062717782 0.032522474881015347 0.21525096525096529 0.20761494252873566 0.67890835579514841 0.70299970299970316 0.87579263542427721 1.0000000180025095e-35 0.029857397504456332 0.81666666666666676 0.24264705882352944 0.8938673341677098 0.9099909990999101 0.51443452380952392 0.27334993773349942 0.27072835547411828 0.73375527426160347 1.0000000180025095e-35 0.73076923076923084 0.24509048902579902 0.50438596491228083 0.28232998885172805 0.60769230769230786 0.24509048902579902 0.77190241228070178 0.050641025641025648 0.056079664570230614 0.19375000000000003 0.93361581920903958 0.74443344878772899 0.73214285714285732 0.71930794430794431 1.0000000180025095e-35 0.22903981264637005 0.39230769230769241 0.48626649905719682 0.095454545454545472 0.56966490299823647 0.97937925170068041 0.26975051975051983 0.48076923076923084 0.36017241379310344 0.70714285714285718 0.65576731082107542 0.86037735849056607 0.12933094384707292 0.86972236773179679 0.74862637362637374 0.029857397504456332 0.096464019851116647 0.29099462365591405 0.5942586191961361 0.14434523809523811 0.48076923076923084 0.69047619047619058 0.84523809523809534 0.64583333333333337 0.44949494949494956
decision_type=2 2 2 2 2 2 2 2 2 2 2 2 2 2 2 2 2 2 2 2 2 2 2 2 2 2 2 2 2 2 2 2 2 2 2 2 2 2 2 2 2 2 2 2 2 2 2 2 2 2 2 2 2 2 2 2 2 2 2 2 2 2
left_child=2 3 4 5 35 -2 7 27 14 -8 11 -3 -13 33 -6 16 17 18 19 20 -7 -19 -22 -24 -23 -25 -17 -4 29 -29 -31 32 -30 38 -34 -1 -37 -28 -14 43 44 -42 48 -5 -41 47 -47 -45 51 52 -51 54 -50 57 55 56 -43 -54 -53 -60 61 -59
right_child=1 10 6 39 8 15 9 -9 -10 -11 -12 12 13 -15 -16 26 -18 21 -20 -21 22 24 23 25 -26 -27 37 28 31 30 -32 -33 34 -35 -36 36 -38 -39 -40 40 41 42 -44 45 -46 46 -48 -49 49 50 -52 58 53 -55 -56 -57 -58 60 59 -61 -62 -63
leaf_value=-0.050081307028518145 -0.030574533378461194 0.050657184128073497 -0.035421826301232577 -0.039050725307861189 0.074381636338650581 -0.05033703639548523 -0.050902204377576622 0.11539651392562811 0.057060960621475969 0.083121390057440472 0.048602129709802905 -0.12297004563410319 -0.023766790831289682 -0.051264863205197464 -0.05016210919224106 0.052715748492556218 -0.064858837352016571 0.054207591770834854 -0.050263102006486753 0.25861444376765758 0.086751629350296067 -3.2760708692061522e-05 -0.052519273773940438 0.098991805243242678 -0.041172644802026613 -0.0042175003925710884 0.048789878075540083 -0.050798469746251955 -0.051941013902582114 0.13896353703790945 0.026922037346707242 0.079552484153731617 0.051527620235854832 -0.035364378212341077 -0.05336757289516935 0.04692516992095791 -0.046300512879270422 -0.028732292530543786 0.043192798651529397 0.0010548279888442356 -0.047014315636056292 -0.003977828148064984 0.051116939997334347 0.0032665260449503972 0.054748339556529968 0.013606113881605507 -0.052406212272772958 0.050295900620431891 0.035240717361586862 -0.039310133149549814 0.052390355958495761 0.041994938484895716 0.034664983501202166 -0.065337398066521987 0.02781173647117885 0.010579181008342632 -0.052608692743573965 -0.050712608575087137 -0.032051821234057733 0.03035201644249453 -0.043184408691446519 0.054716943648735306
leaf_weight=40.326369813410565 6.2105802797013885 6.7564441375434425 1.574898885213768 2.7617182414978734 0.27451146813109462 1.9637312570121119 2.0832956510130312 0.61838445567991573 0.89460415509529401 0.23969167470931996 25.085178033448756 0.82081019505858321 0.66559782251715205 0.97196060605347234 1.4144478221423922 2.1621099896728984 1.6187668222701166 2.3303443749900898 5.4338624879019335 0.16059207450598467 1.1481486089760435 75.32921951636672 1.5557339681545275 0.82405466749332823 2.6123678355943403 0.73314655513968319 0.71713278815150294 0.41995339340064708 1.9724626938113945 0.73093022732064106 0.96646863745991141 0.61259686527773727 1.1104597584344444 0.54612882621586401 0.3462863394524901 1.8131748586893071 10.492612365400417 1.3793511032126842 11.75761725194752 1.4901031563058484 1.4295844882726658 9.1484014112502354 2.8042318401858202 3.7308880884665978 5.3165153255686164 2.8424278683960438 2.1088327979668975 2.169166274368763 2.040444987826052 1.4761931691318739 4.1739803841337562 8.7305949078872818 1.8899898864328841 2.7039235252887002 7.1923123113811007 14.511051008477805 3.5893294983543447 1.6598528828471901 2.5655282521620375 6.4919838281348348 4.0734143909066916 1.6029149573296306
leaf_count=27210 870 543 504 69 4 719 561 26 40 1 2252 13 33 36 650 29 64 88 2236 34 63 3040 186 10 249 49 6 51 189 11 79 5 20 13 78 15 5460 41 696 26 16 70 159 54 210 38 15 28 77 29 149 261 24 32 47 174 26 18 37 249 41 28
internal_value=-0.00015902 0.00950024 -0.0364098 0.00232145 -0.0438247 -0.00387127 0.00194208 0.0127931 0.000198911 -0.0370733 0.0404132 0.0308669 0.0218092 0.0303332 -0.0299197 -0.00217846 -0.00344418 -0.00236464 -0.0198032 0.0061176 -0.000396486 0.000203015 0.0226187 -0.00103549 -0.00141165 0.0503998 0.0256738 0.00458931 0.0148202 0.0501848 0.0751691 -0.00370607 -0.0185795 0.0364484 0.0265928 -0.0459857 -0.0325643 -0.00221471 0.0396053 0.00900673 0.0111905 0.00834527 0.00940538 -0.00429011 0.0429938 0.00455665 -0.0145097 0.020557 0.00777742 -0.00259797 0.0284322 0.0116751 -0.0151477 -0.0237658 0.00372593 -0.00263152 -0.0176814 -0.0115823 0.0270662 0.0126762 -0.0234968 0.00108225
internal_weight=313.177 247.286 65.8911 200.683 55.2157 104.179 10.6754 8.35244 2.58356 2.32299 46.6037 21.5186 14.7621 13.9413 1.68896 97.9686 93.71 92.0912 11.8193 6.38541 6.22482 80.2719 4.26108 3.11294 77.9416 1.5572 4.25859 7.73406 6.15916 2.11735 1.6974 4.04181 3.42921 12.9693 1.45675 52.6322 12.3058 2.09648 12.4232 96.5034 82.8904 76.0837 74.6541 13.613 6.80662 10.8513 4.95126 5.90005 71.8499 19.6207 5.65017 52.2292 13.9705 11.9301 34.4411 27.2488 12.7377 9.22617 17.7881 9.05751 7.33618 3.26277
internal_count=48051 13147 34904 9561 33379 7684 1525 963 694 562 3586 1334 791 778 654 6814 6738 6674 3297 1061 1027 3377 308 245 3289 59 76 937 433 141 90 292 287 742 98 32685 5475 47 729 1877 1673 1437 1421 204 236 135 53 82 1262 398 178 864 220 143 317 270 96 111 547 286 87 46
is_linear=0
shrinkage=0.05


Tree=90
num_leaves=63
num_cat=0
split_feature=1 3 3 1 5 5 4 9 3 2 3 4 5 5 7 9 7 0 9 5 9 1 3 10 6 7 3 6 10 1 9 9 3 4 2 10 2 6 9 1 9 7 0 1 9 9 5 5 3 9 3 10 7 6 0 1 1 3 4 9 3 4
split_gain=32.4295 16.6987 11.1831 6.8364 3.93672 7.28639 3.52308 3.50172 3.4714 3.44069 3.00883 2.9196 2.64854 2.55051 2.59716 3.85219 4.94875 3.23253 3.27892 2.82726 2.5579 2.51694 2.4542 9.3863 2.34709 2.2345 2.21514 2.05137 1.93998 1.80395 1.75458 1.66343 1.64565 1.89604 2.19509 2.53306 3.28297 1.90983 1.6783 2.49397 2.44851 1.63882 2.10617 1.63458 1.60987 6.44266 3.80688 4.86942 4.31017 2.37152 2.97537 1.78374 1.55536 2.81483 2.85254 5.08024 1.97917 2.49411 2.29096 2.08904 1.86184 1.52912
threshold=0.64051282051282066 0.94360822556709789 0.70632463511720489 0.95040983606557383 1.0000000180025095e-35 0.44949494949494956 0.51054302953318531 0.36266924564796915 0.50926243567753005 0.41324575807334435 0.71148775894538618 0.93563184374075181 0.31666666666666671 0.86607142857142871 0.69047619047619058 0.072299651567944254 0.87301587301587313 0.90521114106019773 0.42724867724867727 0.5277777777777779 0.3133928571428572 0.90889328063241115 0.97937925170068041 1.0000000180025095e-35 0.5634920634920636 0.64583333333333337 0.93046281372323292 0.42261904761904767 0.86956521739130443 0.88912529550827435 1.0000000180025095e-35 0.74443344878772899 0.76569477278697151 0.73076923076923084 0.17192118226600986 0.133974358974359 0.14907407407407405 0.94444444444444453 0.47655677655677658 0.42783450704225351 0.77346041055718484 0.87301587301587313 0.92031746031746042 0.17519181585677754 0.12372448979591838 0.12660256410256412 0.78888888888888908 0.69047619047619058 0.82891986062717782 0.27622890682318418 0.8166139695314748 0.077677224736048281 0.41428571428571431 0.36038961038961043 0.86576576576576592 0.82402885682574922 0.82402885682574922 0.90521114106019773 0.84409722222222239 0.36451048951048953 0.83096903096903107 0.84775919732441485
decision_type=2 2 2 2 2 2 2 2 2 2 2 2 2 2 2 2 2 2 2 2 2 2 2 2 2 2 2 2 2 2 2 2 2 2 2 2 2 2 2 2 2 2 2 2 2 2 2 2 2 2 2 2 2 2 2 2 2 2 2 2 2 2
left_child=2 3 -1 4 6 21 -2 12 28 -3 27 13 43 14 24 41 19 -18 20 -17 26 52 23 25 -7 29 44 31 -5 -11 -27 -9 -12 -34 35 36 37 -35 39 -36 61 42 -16 -4 -19 -46 47 49 -48 50 51 -47 53 54 -6 -56 -55 58 59 -58 -54 -40
right_child=1 9 7 8 5 11 -8 10 -10 22 32 -13 -14 -15 15 16 17 18 -20 -21 -22 -23 -24 -25 -26 30 -28 -29 -30 -31 -32 -33 33 34 38 -37 -38 -39 40 -41 -42 -43 -44 -45 45 46 48 -49 -50 -51 -52 -53 60 56 55 -57 57 -59 -60 -61 -62 -63
leaf_value=-0.047821296437921788 -0.06103930886760274 -0.069448079791594119 0.05606767619235991 -0.055493257172560095 -0.039969754665647658 0.0069358311133158289 0.054100404568110064 -0.050350315936727202 0.04745136541062081 -0.036778897144271933 -0.036645608754373178 -0.10447110222462992 0.033942573831800445 0.038837606234862307 -0.084072359245610767 -0.11718276821695722 0.059596467713545404 0.054518395776153562 0.059990325940028157 -0.021283128947703386 -0.041541205451414029 0.027964510485899825 0.050841037468178946 0.047362846267900736 0.052038937633689546 0.0022718379326292248 -0.065807515090989185 0.27306456636539583 0.015587964499835381 0.053701161142909154 -0.09023095269872479 0.15051486805463987 0.074811046956413968 -0.071041970612975402 0.044333244201345198 0.019535503652383587 -0.18480978668106923 0.055355611341244372 -0.050507808534084368 -0.071881741419093703 0.061474278053811907 -0.082596941220962103 0.02945119298712864 -0.0377472993260431 -0.10160356574763195 0.029879756746404001 0.0081892388262079074 0.048021764118028026 -0.15213974529300797 0.055728462375864755 0.033666130202542263 -0.044043141675696791 -0.032504159886949678 0.033340662482859093 0.25161961046458642 -0.0042754942969083281 0.04743931391782194 -0.063181672422569626 0.058179398487035072 -0.049849733114546949 -0.091517966720201113 -0.00085933381311413992
leaf_weight=37.891479357727803 0.76485200459137459 0.73548955284058948 0.48045842559076746 1.0224715088261334 14.832872143248101 56.720907022827305 5.0572740570642054 0.18984125740826385 10.957695273682473 1.2542418120428949 2.7262054187012863 0.62645245064049859 1.5639394735917438 4.9597032387973732 0.69207203900441461 0.81541153299622138 2.8386324853636316 1.7161605893634391 2.379458710551261 13.372634514118543 3.4355171686038366 2.298883292824029 22.298363786190748 13.694565803743897 3.0389443868771187 0.70266592316329513 1.0654401769861568 0.15262115036603063 15.686863409355283 0.98234257660806168 1.8954430175945161 0.22550275921821594 0.92159735481255012 1.0377661148086219 4.5803372317459425 1.2308724474860353 0.48509983380790789 0.41972280293703068 1.9547706482699121 0.51338721835054446 1.3241966125788156 2.189984890865162 0.99735173711087555 13.809316452010533 1.3472940122010211 0.96531674044672922 0.99121644184924551 7.7666493069846174 0.726377516053617 1.392149080405942 2.3236104901880026 5.2772550786612555 5.7861060558352611 3.2481922999722865 0.21819454629439761 1.7458769935183225 0.78700794558972154 1.859465831890702 1.4114607156952841 1.8460011262213809 1.7379626426845787 7.5052681509405375
leaf_count=25358 12 13 21 227 6740 2087 155 82 707 21 1010 14 35 196 21 33 40 46 50 388 69 67 1899 1028 150 29 40 14 106 22 33 7 76 65 380 59 34 5 468 78 29 59 30 3601 17 37 47 195 22 31 73 106 1220 53 8 218 56 26 31 203 16 199
internal_value=-0.000433044 0.00909844 -0.0284613 0.00266122 -0.00137175 -0.00292317 0.0389745 -0.00970981 0.0255808 0.0377354 0.00263829 0.00317737 -0.0278321 0.00376372 0.00218305 -0.00618979 -0.00218911 0.00864421 0.00372239 -0.0267946 -0.00123511 -0.0226441 0.0396662 0.0262183 0.00922944 -0.0336749 0.00463946 0.116307 0.0112384 0.00296135 -0.0652133 0.0587054 -0.00020586 0.00476796 0.00137968 -0.0365835 -0.0721419 -0.0346424 0.00896723 0.0326201 -0.00220476 -0.0540539 -0.0170537 -0.034593 0.00797444 0.00413233 0.0114594 0.0183467 -0.0596145 -0.00479741 -0.0146339 -0.0326121 -0.0261198 -0.0203162 -0.0324719 0.0241527 0.00199332 -0.0152532 0.0067822 -0.02077 -0.0461356 -0.0111184
internal_weight=303.475 226.463 77.0124 184.9 157.233 151.411 5.82213 39.1209 27.667 41.5631 23.2672 115.639 15.8537 115.012 110.052 50.2925 46.4131 32.2251 29.3864 14.188 27.007 35.772 40.8276 18.5293 59.7599 4.83469 23.5715 0.567965 16.7093 2.23658 2.59811 0.415344 22.6992 19.973 19.0514 3.17346 1.94259 1.45749 15.878 5.09372 10.7842 3.87941 1.68942 14.2898 22.506 20.7899 19.4426 17.725 1.71759 9.95833 8.56618 6.24257 33.4731 25.9491 16.7969 1.96407 9.15213 5.90394 4.04447 2.63301 7.52407 9.46004
internal_count=48162 16641 31521 13596 12556 12389 167 6163 1040 3045 2506 3751 3657 3737 3541 1304 1194 773 733 421 683 8638 3032 1133 2237 105 614 103 333 43 62 89 2403 1393 1317 163 104 70 1154 458 696 110 51 3622 574 528 511 442 69 247 216 143 8571 7335 6966 226 369 316 290 259 1236 667
is_linear=0
shrinkage=0.05


Tree=91
num_leaves=63
num_cat=0
split_feature=12 12 1 0 12 0 9 9 5 5 12 1 5 9 9 0 5 1 12 4 1 10 9 6 6 2 9 9 7 1 12 9 2 12 12 9 9 4 12 4 9 5 6 7 6 12 9 2 12 6 1 12 1 6 9 4 5 4 9 1 2 9
split_gain=42.5204 18.2339 5.59601 3.57516 3.18909 3.04378 4.11116 3.88559 2.55736 5.73118 2.43095 2.34521 5.37467 4.75677 2.66994 2.49447 2.36703 2.24059 2.218 2.12299 2.05882 2.98042 2.25696 1.98758 1.9404 1.93176 1.87697 1.73958 7.83854 4.53903 2.6028 2.40306 1.67534 2.00021 1.67142 1.73351 1.84244 1.68153 1.61329 1.58881 1.57067 1.55321 1.9988 1.65482 1.81149 3.21255 1.509 3.0789 1.49402 1.81959 2.1935 1.62089 1.61161 1.49273 1.44057 1.40668 1.40223 1.33263 2.17665 1.95375 2.56608 4.33555
threshold=0.33005851445960371 0.8381423536083954 0.95040983606557383 0.24828767123287673 0.564035962815011 0.74133811230585434 0.13680926916221037 0.13423423423423428 0.86607142857142871 0.84523809523809534 0.38896276472216856 0.62054890921886008 1.0000000180025095e-35 0.36266924564796915 0.5803225806451614 0.53907203907203916 0.31666666666666671 0.70571428571428574 0.33381607699057447 0.97801932367149769 0.36654761904761912 0.11696306429548566 0.76833631484794285 0.42261904761904767 0.82575757575757591 0.83935483870967753 0.084523809523809543 0.056079664570230614 0.87301587301587313 0.90889328063241115 0.47246239849638577 0.059714795008912663 0.67156862745098045 0.36013258274054855 0.30837436894229048 0.050641025641025648 0.053342816500711245 0.62268230638778987 0.3091633363960426 0.80060240963855434 0.074537037037037054 0.58571428571428574 0.36038961038961043 0.58571428571428574 0.55050505050505061 0.51711730126736499 0.77346041055718484 0.24068965517241384 0.79559063107394368 0.43650793650793657 0.48873015873015879 0.72553614411503753 0.23606811145510845 0.43650793650793657 0.74443344878772899 0.92084377610693402 0.58571428571428574 0.82343137254901966 0.46737588652482276 0.30068493150684938 0.24828767123287673 0.68042553191489374
decision_type=2 2 2 2 2 2 2 2 2 2 2 2 2 2 2 2 2 2 2 2 2 2 2 2 2 2 2 2 2 2 2 2 2 2 2 2 2 2 2 2 2 2 2 2 2 2 2 2 2 2 2 2 2 2 2 2 2 2 2 2 2 2
left_child=5 2 8 -3 10 -1 7 17 9 11 -4 13 14 16 -13 -14 48 -7 25 27 22 23 54 -22 -23 -17 -18 28 29 41 -31 -29 40 39 37 -36 -37 -19 -38 -34 -33 43 -43 44 45 -20 47 -25 49 51 52 -2 -51 -49 57 -46 -27 59 -59 60 -15 -62
right_child=1 3 4 -5 -6 6 -8 -9 -10 -11 -12 12 15 20 -16 18 26 34 19 -21 21 24 -24 46 -26 56 -28 31 -30 30 -32 32 33 -35 35 36 38 -39 -40 -41 -42 42 -44 -45 55 -47 -48 53 -50 50 -52 -53 -54 -55 -56 -57 -58 58 -60 -61 61 -63
leaf_value=-0.047946626702911561 -0.049772801072522008 -0.14237159846455549 0.071348997184072838 0.045807297210740672 0.041654280742792517 0.16273025770876465 -0.050755869541774093 0.25055782813720812 0.037533214689038495 -0.18890415782863015 -0.00091587220535815483 0.050446602909676785 -0.056272363468332635 0.008068804552800294 -0.057017684258447901 -0.010194882969792148 0.065400094320382671 -0.041391897404326167 -0.034269062302579721 0.05277619510623608 -0.051055875259786179 -0.042487092299058345 -0.065766537791364488 -0.064952410075860972 -0.21061494514083387 0.16892221184880848 -0.052844874380707008 0.068071650514529708 -0.10362509469103137 -0.020087834344190189 0.042570761217842409 0.13377317951302867 -0.052672081436883934 0.0013934517001700797 -0.018702092931318155 0.15713014031488193 0.12267958061875249 0.046521825036966169 -0.04341907689222689 0.043538619441338633 0.02302552748915794 -0.021209359911315083 0.053639840589368437 -0.079757334662262744 -0.10080204187953717 0.052886515616168001 0.063751472771949355 0.10132092040694014 -0.17103085193805223 0.024692630307073329 0.031135967484120997 -0.19830773851919797 -0.044948383849387007 0.012739362173546721 0.088801098140630919 -0.016848470116451953 0.050172121337624553 0.062905235529368761 0.0090509234152230354 -0.044566451745930505 -0.050318196455871739 0.41609884742450298
leaf_weight=40.862565828487277 7.0780830840812996 0.25451029837131756 1.2989559138659412 30.481572736985981 13.523674909025429 0.21449121565092166 5.007764583453536 0.16514891560655076 4.4549808079609639 0.4040652911644419 11.180741412797941 7.4796079089865071 1.9254662947496388 1.8572632074356077 0.62638286524452258 0.62596926628611882 1.0464401473291207 2.6520923621719708 3.4496545410947927 1.9019118901342142 1.2493501886492575 3.2954415192361926 0.79307631310075599 1.1704139792127533 0.18104127049446095 0.43806849454995223 0.49405869853217144 1.3686650571180496 2.1574266406241795 2.2906960162799788 5.9945778679102659 0.34856175829190661 2.8196985321119423 98.60805136046838 0.81962417333852489 0.43449491867795564 0.24224904377479106 0.68424874823540438 0.3686797603731975 0.50612957077100862 3.9278658771654591 2.7400552630424491 1.3224094863981006 1.6273241675226016 1.1282398933544757 1.5245815515518186 1.3935767523944376 0.60092126659583334 0.20687936246395189 1.0006699151126666 1.714385067229159 0.18856213986873616 4.892374673159793 2.2803414245136082 0.74147046334110278 0.89455088786780823 0.57475976273417473 2.9376525571569783 5.1928226536838338 1.8355360802961511 0.094125909265130647 0.10585698788054287
leaf_count=28817 3518 4 79 2801 624 5 2059 20 135 7 144 313 404 247 20 141 34 585 243 105 499 768 86 38 1 42 73 38 37 38 209 14 730 2589 121 3 2 30 96 30 439 54 47 37 26 43 20 45 1 25 32 1 560 96 31 21 25 69 131 663 43 4
internal_value=-0.000416479 0.00822169 0.00308306 0.0442491 0.0248336 -0.0417559 -0.0178658 0.0116458 9.82669e-05 -0.000803032 0.00660586 -0.000391373 0.00258871 -0.0110472 0.0421424 0.000234219 -0.0315592 0.00436059 0.00104466 0.000330219 0.00332082 -0.0136832 0.0160773 0.00582121 -0.0512425 0.058857 0.0274773 -0.000432912 -0.0128729 -0.00353712 0.025247 0.00224169 0.00139338 0.000107151 -0.00217015 0.0357389 0.0784213 -0.0233617 0.0224433 -0.0380306 0.0320523 -0.0223349 0.00315548 -0.0343421 -0.0237797 -0.00755626 0.018871 0.00343433 -0.0375897 -0.0357337 -0.0186418 -0.0536271 -0.033123 0.0312141 0.0211622 -0.0636748 0.101534 0.016991 0.0285092 -0.00706608 0.0263929 0.19657
internal_weight=297.681 246.229 215.493 30.7361 26.0034 51.4514 10.5888 5.58103 189.49 185.035 12.4797 184.631 144.281 40.3503 8.10599 136.175 16.6215 5.41588 134.249 132.61 23.7289 10.1711 13.5578 6.6946 3.47648 1.6388 1.5405 130.708 23.1295 20.9721 8.28527 107.579 106.21 101.934 5.20139 1.86505 1.04542 3.33634 0.610929 3.32583 4.27643 12.6868 4.06246 8.62435 6.99703 4.97424 5.44525 4.05168 15.081 14.8741 7.60743 7.26665 5.89304 2.88126 12.7647 2.02279 1.01283 12.0233 8.13048 3.89278 2.05725 0.199983
internal_count=48162 16424 13619 2805 847 31738 2921 862 12772 12637 223 12630 5645 6985 333 5312 4244 842 4908 4700 2741 1467 1274 698 769 208 107 4595 755 718 247 3840 3802 3349 837 222 101 615 98 760 453 471 101 370 333 286 199 179 4137 4136 617 3519 585 141 1188 47 67 1157 200 957 294 47
is_linear=0
shrinkage=0.05


Tree=92
num_leaves=63
num_cat=0
split_feature=12 12 1 1 3 0 9 9 5 5 1 5 9 3 9 5 3 3 12 1 1 9 9 9 4 12 3 1 3 9 3 10 5 0 9 7 0 6 9 12 12 12 3 9 9 12 12 4 12 6 12 1 6 9 3 3 7 7 9 9 9 10
split_gain=39.9818 17.3826 5.15967 3.10275 3.07975 2.99221 3.91245 2.79493 2.3591 4.55786 2.15754 5.03276 4.43778 3.41347 2.48403 2.20434 2.16669 2.9951 1.96362 1.88913 1.85841 2.61484 2.95444 2.12463 1.99476 1.84698 1.79142 2.84211 2.66945 1.74073 1.67778 1.83341 1.65685 1.60294 1.67975 6.68625 3.21288 2.54122 2.17898 2.10632 1.55253 1.521 1.9143 1.53183 1.49508 1.46638 1.43657 1.43598 2.00336 1.4296 2.08338 2.63051 1.84768 1.41527 1.47554 1.59104 1.47529 4.55065 2.79633 2.94436 2.11931 2.47554
threshold=0.33005851445960371 0.8381423536083954 0.95040983606557383 0.35921690921690924 0.50926243567753005 0.74133811230585434 0.13680926916221037 0.13423423423423428 0.86607142857142871 0.84523809523809534 0.62054890921886008 1.0000000180025095e-35 0.36266924564796915 0.97937925170068041 0.5803225806451614 0.31666666666666671 0.70632463511720489 0.71148775894538618 0.33381607699057447 0.70571428571428574 0.34295634920634926 0.76393188854489169 0.74443344878772899 0.75893997445721595 0.85552197802197805 0.564035962815011 0.96051948051948066 0.88912529550827435 0.94791101465002725 0.084523809523809543 0.90054945054945057 0.032522474881015347 0.44949494949494956 0.53907203907203916 0.056079664570230614 0.87301587301587313 0.93419913419913436 0.36038961038961043 0.059714795008912663 0.82397133745578044 0.5942586191961361 0.30837436894229048 0.62316372152437738 0.050641025641025648 0.053342816500711245 0.42115187612069244 0.3091633363960426 0.85251155947877277 0.564035962815011 0.43650793650793657 0.7463963349126802 0.48873015873015879 0.86607142857142871 0.6195238095238097 0.94201680672268928 0.92564953012714224 0.84523809523809534 0.69047619047619058 0.22335600907029482 0.15470085470085473 0.42724867724867727 0.087977296181630568
decision_type=2 2 2 2 2 2 2 2 2 2 2 2 2 2 2 2 2 2 2 2 2 2 2 2 2 2 2 2 2 2 2 2 2 2 2 2 2 2 2 2 2 2 2 2 2 2 2 2 2 2 2 2 2 2 2 2 2 2 2 2 2 2
left_child=5 2 8 -3 25 -1 7 19 9 10 12 14 15 18 -12 49 -14 -18 32 -7 23 22 24 30 -22 45 28 -28 33 -17 31 -19 -13 -20 35 36 37 47 -36 53 -32 42 -21 -43 -45 -4 -46 48 -35 -2 51 52 -51 54 55 56 57 -40 59 -59 61 -58
right_child=1 3 4 -5 -6 6 -8 -9 -10 -11 11 13 16 -15 -16 29 17 20 26 41 21 -23 -24 -25 -26 -27 27 -29 -30 -31 40 -33 -34 34 38 -37 -38 -39 39 -41 -42 43 -44 44 46 -47 -48 -49 -50 50 -52 -53 -54 -55 -56 -57 60 58 -60 -61 -62 -63
leaf_value=-0.047793473032156801 -0.053209026361949997 -0.12085869358875963 0.038526188550551704 0.045541749835268153 0.046881864760368749 0.14475747960683974 -0.050726418923539289 0.19372220818244329 0.036429196923540644 -0.15880697268607269 0.049788133371825471 -0.05016706113600361 -0.03501723522077365 0.043553472394178443 -0.053086129587569933 0.064023292447580926 0.12796391842503307 -0.052448261035641035 -0.053154796068386405 -0.040955573168926451 -0.044316168858354585 0.046709131690270772 -0.11896833639002971 -0.068518284903860083 0.0091415445874259271 0.035000619382477949 -0.10189210144618095 -0.0047611131601742532 0.051823995566538543 -0.050939265088448565 -0.018146217334621264 0.057466098649355882 0.075136255488984616 -0.035629450559743911 0.065632533735377807 -0.10550763679222529 0.04214452496727808 0.011378408805750535 0.0039015749949190613 -0.083594170526517797 0.040360592615743207 -0.017900035139142779 0.058824238778303041 0.14138647692416226 0.11411582333632407 -0.0095176099877924206 -0.042803808215821117 -0.10724527501576078 0.030439049695824713 -0.036186876692638342 -0.079575336949338937 0.049545144148588453 0.079152494771692852 -0.042749786187283943 -0.0518935685406045 0.042598752153145958 0.046081214719443875 -0.020534362616161685 -0.0059976086423364416 -0.088224424824389996 0.059821781878051476 0.0013061073003886728
leaf_weight=38.991142820566893 6.9634380978532153 0.28285945206880825 1.9317273404449284 29.157260295003653 9.3557780999690277 0.22866076882928421 4.7662291154265404 0.20177178166341025 4.3628750881180158 0.4551109247840931 7.2065692192409179 0.32466581161133845 3.2093916194280636 4.3974936725571743 0.63880607136525203 1.016269517247564 0.51727623317856597 0.41561567550525058 1.5117007500957687 2.6529244456905876 2.8895370292011631 1.7042850687867019 0.70863732614088792 0.62030936987139362 4.4058476311620325 5.3126960275694719 1.1461386755108827 2.1962976017966866 2.3487808695062986 0.48709600581787516 2.7734742513857782 4.3533594850450754 1.4075578836491329 7.5908788964152372 1.297646561404689 1.8360677913296957 2.9734187303110948 5.82076955679804 52.411378789343871 0.74046237673610349 1.9180384073406456 0.81368807703256596 0.58705927315168072 0.45806146645918466 0.24726478429511189 8.9314114181324822 0.35561427276115865 0.57370528613682914 1.3517006514593957 4.572918456280604 1.3016648106276987 1.4308294653892515 0.37575626373291005 1.8111476599005971 1.2605108879506577 2.418546298518776 3.5517866482259768 3.3970163431949896 6.4606851354474202 3.0479059028439224 2.0555923370411611 23.590308795566671
leaf_count=28817 3519 3 108 2802 610 5 2059 20 135 7 313 173 1693 272 20 34 35 48 377 608 505 39 17 27 83 54 21 45 115 73 39 231 60 331 33 35 98 145 2603 39 24 121 7 3 2 75 96 9 15 578 8 30 2 99 32 52 98 70 163 54 30 343
internal_value=-0.000407764 0.0079273 0.00295823 0.043943 0.0240478 -0.0414591 -0.0175061 0.0110483 9.18202e-05 -0.000772197 -0.000379241 0.0024761 -0.0107001 0.000222125 0.0414116 -0.0308827 0.00315902 0.00919272 -0.00123107 0.00415016 0.00608811 -0.00952552 -0.0214995 0.0211248 -0.0120318 0.0108411 -0.00193902 -0.0380678 -0.000981 0.026775 0.0270026 0.0478871 0.051651 -0.00198364 -0.00135056 -0.0145442 -0.00542297 -0.014645 0.0012543 0.000425076 0.00577321 -0.00213602 -0.0228763 0.0337101 0.0732924 -0.000974267 0.0215552 -0.0305625 -0.025643 -0.0368016 -0.0219273 -0.0101649 -0.0274291 0.00104718 0.001855 0.00255394 0.00152923 -0.00264735 -0.0292434 -0.0525461 0.0108725 0.00716533
internal_weight=292.123 242.821 213.381 29.4401 25.5316 49.3024 10.3113 5.54504 187.849 183.486 183.031 143.368 39.6637 135.522 7.84538 16.148 23.5158 20.3064 131.125 5.34327 19.7891 9.70831 8.00402 10.0808 7.29538 16.1758 129.392 3.34244 126.05 1.50337 9.46049 4.76898 1.73222 123.701 122.19 20.1465 18.3105 15.3371 102.043 100.745 4.69151 5.11461 3.23998 1.87463 1.06094 10.8631 0.602879 9.51628 8.94258 14.6446 7.68117 6.3795 4.94867 100.005 98.1937 96.9332 94.5147 65.317 12.9056 6.44492 29.1977 27.1421
internal_count=48162 16424 13619 2805 847 31738 2921 862 12772 12637 12630 5645 6985 5312 333 4244 2741 1048 5040 842 1013 644 605 369 588 237 4807 66 4741 107 342 279 233 4626 4249 633 598 500 3616 3583 63 837 615 222 101 183 98 355 346 4137 618 610 580 3544 3445 3413 3361 2890 287 124 471 441
is_linear=0
shrinkage=0.05


Tree=93
num_leaves=63
num_cat=0
split_feature=12 12 1 0 3 1 9 5 7 9 12 1 3 12 9 9 5 6 5 9 9 7 3 12 2 9 5 9 9 5 7 4 12 3 3 2 3 0 6 1 2 2 2 2 2 2 2 9 12 1 3 6 9 7 0 6 2 3 1 9 12 1
split_gain=37.6039 16.5586 4.76048 3.43175 2.99888 2.95437 3.71655 2.33184 2.21412 2.79941 2.18529 2.60504 3.69613 2.42079 2.13274 1.98193 1.97312 1.87152 1.82341 5.25059 4.4712 1.77019 2.06767 1.719 2.14359 1.40453 1.3946 1.37006 4.02218 1.92219 1.39225 1.44171 1.31626 1.31283 4.17131 1.27467 1.25256 3.75445 3.15837 2.6546 1.51822 1.48627 1.24723 1.73831 1.54405 2.06064 1.39759 1.16747 1.16525 1.67263 1.89585 1.1528 1.14289 6.87658 2.83458 2.28967 2.25535 1.81493 2.17889 1.75113 2.55228 1.54026
threshold=0.33005851445960371 0.8381423536083954 0.95040983606557383 0.21164613661814111 0.50926243567753005 0.70196414950419539 0.13680926916221037 1.0000000180025095e-35 0.34848484848484856 0.13423423423423428 0.40071428090983968 0.79166666666666674 0.76569477278697151 0.33381607699057447 0.37394067796610175 0.54870335230866552 0.86607142857142871 0.30384615384615393 0.78888888888888908 0.14434523809523811 0.15849282296650721 0.58571428571428574 1.0000000180025095e-35 0.564035962815011 0.99333333333333351 0.21352583586626142 1.0000000180025095e-35 0.3504385964912281 0.35781671159029654 0.78888888888888908 0.64583333333333337 0.80060240963855434 0.42115187612069244 0.25158227848101272 0.62988330796549985 0.99333333333333351 0.97937925170068041 0.5131670131670133 0.78888888888888908 0.36373307543520317 0.227922077922078 0.41324575807334435 0.82842724978973936 0.83484848484848495 0.90070422535211281 0.9104278074866311 0.92637759710930456 0.55646630236794181 0.30837436894229048 0.70571428571428574 0.62316372152437738 0.5634920634920636 0.050641025641025648 0.87301587301587313 0.93419913419913436 0.36038961038961043 0.89512961508248245 0.92084377610693402 0.82838827838827844 0.04083333333333334 0.564035962815011 0.22263285024154592
decision_type=2 2 2 2 2 2 2 2 2 2 2 2 2 2 2 2 2 2 2 2 2 2 2 2 2 2 2 2 2 2 2 2 2 2 2 2 2 2 2 2 2 2 2 2 2 2 2 2 2 2 2 2 2 2 2 2 2 2 2 2 2 2
left_child=5 2 10 -3 23 -1 8 -8 9 48 11 12 35 14 25 17 18 -14 36 -20 -21 -10 -23 24 -4 -13 -15 30 -29 -30 42 -32 -26 -18 -35 -2 38 39 52 -38 -41 -42 -28 -44 -45 -46 -47 -17 49 -7 -51 -49 53 54 55 59 57 -57 -59 60 -12 -54
right_child=1 3 4 -5 -6 6 7 -9 21 -11 16 13 15 26 -16 47 33 -19 19 20 -22 22 -24 -25 32 -27 27 28 29 -31 31 -33 -34 34 -36 -37 37 -39 -40 40 41 -43 43 44 45 46 -48 51 -50 50 -52 -53 61 -55 -56 56 -58 58 -60 -61 -62 -63
leaf_value=-0.050067364178348062 -0.050398915302791884 -0.13770091528035952 0.059768121235649986 0.045309461145405822 0.046445818715402785 0.12713387247243682 0.026643569216166431 -0.050208063934547256 -0.055597419798894314 0.23477613805953546 -0.0288820232813497 0.050207507879014734 0.055850404233465357 0.07277772696698194 -0.051531205421028736 0.12427464159897078 0.064441196930623543 -0.041342550996873319 0.033016637487009497 -0.12543427874074375 -0.0219271758420789 0.09589538505983547 -0.042051497594365515 0.034044618442287407 0.032443899215873588 0.17144121218811428 -0.055194933352576914 0.15180182126105027 -0.010008871303580785 0.13822387772064199 -0.056262536842985544 0.050714369345553234 -0.017303597067911649 -0.10415174891559043 0.051311654004899988 0.03954831473512712 0.029008327211641108 0.051527693458580527 -0.099200584750644083 0.023793417975000144 -0.080378376308287189 -0.0081586673877917602 0.12632648007105116 -0.051308087234060606 0.11076738246057237 -0.068118934698708014 0.029082343131634388 -0.047274700228751354 0.074939476314652129 -0.051840669746852433 0.05879567252547923 0.075114592744232489 -0.061546396389246638 -0.10626423731671419 0.045264921717666426 0.020269519830917765 0.052190781529092858 -0.099419402774124324 0.00038367000704940627 -0.067648990518885607 0.065271651702300065 0.0042544145841316959
leaf_weight=31.353437596349977 8.7606965091545135 0.25852596014738338 1.2833138196729166 27.944179876707494 8.9809570079669339 0.24498500849585969 1.1081732176244248 9.0294719467638043 1.6893423562869432 0.17125497059896577 4.3763284735614487 0.54503881454002001 0.69149555405601848 0.55614436557516356 0.28832153452094644 0.48412022797856458 2.0720084160566321 1.7456521949497981 2.7613720924127838 1.4905396818649022 3.4774448450189084 0.53771696262992896 0.5489676259458065 5.1918979715555897 1.5945965661667294 0.42534126457758248 0.89332846296019663 0.46956305124331255 4.1446487312205136 0.23088195919990528 3.0409328440437098 0.35133464820682991 8.0026212898083013 0.59383014822378788 1.5781748741865156 0.41242197609972286 3.0821761121042055 4.9406776749528944 0.77741228137165208 0.89283379912376437 1.7305312769021841 1.2108847061172126 0.29886901983991299 0.9981564459158111 0.51878958148881826 0.55519600631669153 1.1074959888355804 0.32176124828401953 0.86068933480419207 1.0930592917138708 0.59962664428167034 0.47856678150128573 0.89631817291956295 1.6740525171626348 2.8679426582530132 2.5969636932713911 2.2677942654117942 0.93530679936520789 1.3168199928477404 2.0772684812545776 0.86145030986517657 114.37586512754206
leaf_count=25373 5229 3 15 2802 610 9 12 5363 391 12 137 20 54 9 88 7 13 690 68 22 56 8 243 54 102 33 129 36 833 1 293 8 66 16 92 45 42 335 6 7 26 34 9 134 12 39 80 117 56 263 8 13 34 17 101 96 91 18 38 47 11 3586
internal_value=-0.00039676 0.00764684 0.00284216 0.0436319 0.0233041 -0.0411674 -0.0235989 -0.0418072 0.00852806 0.0385379 8.85807e-05 -0.0129742 -0.0293041 0.00162436 0.0678703 0.0127232 0.00233504 -0.0137658 0.00141179 -0.0222585 -0.0529823 -0.0235745 0.0262078 0.0103729 -0.00092256 0.103347 -0.00470924 -0.0081269 0.0127367 -0.00218713 -0.0211466 -0.045183 -0.00903795 0.035969 0.00880768 -0.0463549 0.0026574 0.0182387 0.00128913 -0.00554104 -0.0333137 -0.0506479 -0.00249585 0.011038 0.000201496 0.0237702 -0.00337452 0.0629843 0.0265284 0.00502481 -0.0126482 0.0259096 0.00187106 -0.00950009 -0.000136539 -0.00915881 0.0110322 -0.00821664 -0.0410645 -0.0288028 -0.0133967 0.00374277
internal_weight=286.666 239.429 211.226 28.2027 25.0534 47.2367 15.8833 10.1376 5.74564 2.96962 186.173 27.3188 12.8947 14.424 1.2587 3.7216 158.854 2.43715 154.61 7.72936 4.96798 2.77603 1.08668 16.0724 10.8805 0.97038 13.1653 12.6092 4.84509 4.37553 7.7641 3.39227 9.59722 4.24401 2.17201 9.17312 146.881 11.8571 135.024 6.91643 3.83425 2.94142 4.37184 3.47851 3.17964 2.18148 1.66269 1.28445 2.79836 1.93767 1.69269 0.800328 134.246 18.9739 17.2999 14.4319 7.11688 4.84909 2.25213 7.31505 5.23778 115.272
internal_count=48162 16424 13619 2805 847 31738 6365 5375 990 348 12772 7879 6155 1724 141 881 4893 744 4772 146 78 642 251 237 183 53 1583 1574 870 834 704 301 168 121 108 5274 4626 444 4182 109 67 60 403 274 265 131 119 137 336 280 271 130 4176 556 539 438 243 152 56 195 148 3620
is_linear=0
shrinkage=0.05


Tree=94
num_leaves=63
num_cat=0
split_feature=12 12 1 0 3 1 9 3 4 5 5 7 9 12 1 3 12 9 6 7 3 12 2 3 0 6 1 10 6 12 9 7 3 4 1 12 1 5 5 2 12 12 10 6 10 12 9 12 4 10 1 4 2 2 7 2 5 5 0 0 9 9
split_gain=35.4384 15.7701 4.39851 2.99561 2.90909 2.90322 3.52338 2.34931 6.65508 2.04943 3.78604 2.03116 2.00726 1.89317 2.48144 3.52836 2.11642 1.79216 1.73043 1.6747 1.84976 1.59702 2.00284 1.32382 3.63807 2.78811 2.3978 1.84435 2.57013 2.65294 4.29025 2.3675 1.82975 1.69712 2.56305 1.73684 2.00464 1.67777 2.71468 1.86993 1.45417 1.48304 2.36071 1.95097 1.7704 1.72383 1.78626 1.57541 1.86523 1.45103 1.42396 1.41332 1.35379 1.31192 1.30423 1.59667 1.29845 1.29691 2.2541 4.22318 1.4253 3.48693
threshold=0.33005851445960371 0.8381423536083954 0.95040983606557383 0.21164613661814111 0.50926243567753005 0.70196414950419539 0.13680926916221037 0.64326765188834167 0.61223356009070307 0.86607142857142871 0.84523809523809534 0.34848484848484856 0.13423423423423428 0.40071428090983968 0.79166666666666674 0.76569477278697151 0.33381607699057447 0.54870335230866552 0.30384615384615393 0.58571428571428574 1.0000000180025095e-35 0.564035962815011 0.99333333333333351 0.97937925170068041 0.5131670131670133 0.78888888888888908 0.36373307543520317 1.0000000180025095e-35 0.5634920634920636 0.81002169842174443 0.34549071618037142 0.87301587301587313 0.90054945054945057 0.8938673341677098 0.79166666666666674 0.65576731082107542 0.85270009643201561 0.27922077922077926 0.19090909090909094 0.32305502846299822 0.77970710046493774 0.70516999243656409 0.18795289855072467 0.39230769230769241 0.13921188630490958 0.65576731082107542 0.13840996168582378 0.72553614411503753 0.86037735849056607 0.13136324417601383 0.88410184442662398 0.9417420814479639 0.227922077922078 0.41324575807334435 0.64583333333333337 0.83935483870967753 1.0000000180025095e-35 0.22649572649572652 0.65692963752665257 0.64346246973365628 0.3504385964912281 0.35781671159029654
decision_type=2 2 2 2 2 2 2 2 2 2 2 2 2 2 2 2 2 2 2 2 2 2 2 2 2 2 2 2 2 2 2 2 2 2 2 2 2 2 2 2 2 2 2 2 2 2 2 2 2 2 2 2 2 2 2 2 2 2 2 2 2 2
left_child=5 2 9 -3 21 -1 11 -8 -9 10 13 12 -7 14 15 -2 54 18 -17 -13 -21 22 -4 25 26 27 -25 33 29 40 32 37 -31 34 -15 36 -35 38 39 -30 41 45 44 -44 47 -29 -47 -43 -49 -48 -46 -37 -28 -54 55 -16 -18 -58 59 -59 -60 -62
right_child=1 3 4 -5 -6 6 7 8 -10 -11 -12 19 -14 23 16 17 56 -19 -20 20 -22 -23 -24 24 -26 -27 52 28 31 30 -32 -33 -34 35 -36 51 -38 -39 -40 -41 -42 42 43 -45 50 46 49 48 -50 -51 -52 -53 53 -55 -56 -57 57 58 60 -61 61 -63
leaf_value=-0.050064083707076379 -0.04620495238227252 -0.11709086957674603 0.059099924962579237 0.045038702560908327 0.045993418049049162 0.025777539927644751 -0.050827041764042714 0.39162844234867505 -0.01370079503452116 0.035042817635886611 -0.1389088346974767 -0.055450994303061579 0.1896924672871329 -0.050070161728699207 -0.050525023936731799 0.053728829686838148 0.071602312434392371 0.059926322857229389 -0.040559836515934235 0.089732793758686785 -0.041406769881277984 0.033101234790858733 -0.0085521810455987859 0.027856198900991221 0.051445365833683566 -0.093688876671153651 0.02284976525481091 0.00026446282784225295 0.0011924541257695468 0.051018417085183398 -0.21400511335146191 -0.035976521382831229 -0.10197014942039025 -0.039474308387488416 0.046370740730871628 -0.075045176086310533 0.056400283579685177 0.052043289372381264 -0.063522502890846697 0.050341814574243249 0.051283947836646582 -0.041272658803617357 -0.029300408328180979 0.05212144172733351 -0.097090840515460769 0.054895139544562668 -0.024984938997649767 0.052974825964356459 -0.033909756196761641 0.033256279803099489 -0.029458050480863793 -0.020242998850896234 -0.075320507804957595 -0.0077232959783467142 -0.052477009290559075 0.11176346057901992 -0.053031987486810997 -0.050140434123466041 -0.018429492392774152 0.36020756438855289 0.14618000528383102 0.00097367169273966713
leaf_weight=29.826218190370128 8.7545530953211728 0.28797443956136959 1.2341785619501031 26.737138114869595 8.6248827464878541 2.7333841108484189 8.494837931939399 0.11151464527938415 1.1022551540518177 4.0988688010256729 0.49423718056641419 1.6110894329613077 0.20046798232942808 1.0752248938661053 0.18210080615244695 0.68307866191025812 0.53748454735614259 1.2816095709567887 1.6917559140129013 0.54569345060735919 0.53012189932633191 5.0758634945377699 9.6329846100416034 3.0500120478682202 4.7914188853465021 0.78186648711562057 0.88346494734287295 94.812372451880947 3.9401160292327351 0.49152284860610851 0.3756820522248745 1.5826713358983404 0.32444838900119066 1.22034751274623 1.9175751737784592 2.6083713192492723 0.98551759123802174 4.8991268947720537 0.96693788561969984 3.8031896457541734 1.4090602444484819 2.4476974625140411 1.2124378634616726 1.8711171448230741 1.4483213722705841 3.0233990000560871 2.0989367747679353 1.4167277887463572 1.0952672511339185 2.1803665831685066 1.6821887027472258 2.1431233836337924 1.7537883669137957 1.2150761764496563 0.20673715509474266 0.90361871954519302 1.4038994581205759 0.13115616794675489 7.1244933946290967 0.12013188004493713 0.47630764276254955 3.1323821101104841
leaf_count=25373 5274 3 15 2802 610 336 4979 4 392 135 7 391 12 128 82 54 9 137 690 8 243 54 168 42 342 6 7 3003 73 29 13 48 17 33 49 25 16 234 14 152 75 32 29 65 12 79 26 34 20 47 28 28 26 34 32 27 487 59 630 2 20 361
internal_value=-0.000388542 0.00736656 0.0027253 0.0433111 0.0226011 -0.0409751 -0.0232906 -0.0415298 0.0235387 8.1944e-05 -0.000711387 0.0082136 0.0369777 -0.000332217 -0.0126391 -0.0289757 0.00162097 0.0122758 -0.0134394 -0.0231942 0.0251121 0.0099463 -0.000868963 0.00180269 0.0179724 0.000469359 -0.00526371 0.000991363 0.00256671 3.1803e-05 -0.074187 0.0219038 -0.00981325 -0.019762 0.0117224 -0.0333054 0.00335972 0.0286348 0.0154686 0.0253326 0.000802899 0.000175028 -0.0171191 0.0201068 -0.0313076 0.00206741 0.0254754 -0.012725 0.0150919 0.0046898 -0.0607482 -0.0503271 -0.0314858 -0.0476548 0.0626264 0.0845438 -0.00447897 -0.00777985 -0.00199628 0.146032 -0.00546196 0.0201393
internal_weight=281.478 236.323 209.298 27.0251 24.5679 45.1556 15.3294 9.70861 1.21377 184.73 180.631 5.62076 2.93385 180.137 26.6293 12.411 14.2183 3.65644 2.37483 2.6869 1.07582 15.943 10.8672 153.507 11.6938 141.814 6.90234 141.032 131.082 115.89 1.19165 15.192 0.815971 9.95016 2.9928 6.95736 2.20587 13.6094 8.71024 7.74331 114.698 113.289 11.1738 3.08356 8.0902 102.115 7.3027 4.95969 2.512 4.2793 3.13051 4.75149 3.85233 2.96886 1.29246 1.08572 12.9259 12.3884 10.9845 0.251288 10.7332 3.60869
internal_count=48162 16424 13619 2805 847 31738 6365 5375 396 12772 12637 990 348 12630 7864 6155 1709 881 744 642 251 237 183 4766 451 4315 109 4309 4030 3509 59 521 46 279 177 102 49 473 239 225 3450 3375 220 94 126 3155 152 86 54 73 40 53 67 60 141 109 1568 1559 1072 61 1011 381
is_linear=0
shrinkage=0.05


Tree=95
num_leaves=63
num_cat=0
split_feature=12 12 1 5 3 10 5 2 9 9 12 3 7 9 0 1 7 0 1 9 2 12 12 3 12 1 10 6 1 2 12 0 1 2 5 3 7 6 7 7 12 1 5 0 9 6 7 3 7 12 9 0 6 0 1 1 7 5 5 12 12 2
split_gain=35.2758 13.1761 4.55144 5.67352 2.81784 3.07806 3.54942 2.93426 2.50152 2.93149 3.08205 2.34711 2.23298 2.02703 3.95421 1.86414 3.10552 2.60784 2.61444 2.5207 2.32667 2.28382 2.30883 2.24869 2.13627 1.85927 2.00294 1.73125 1.72356 2.28995 1.70601 1.6675 3.65522 2.89432 2.36685 1.61336 2.63858 1.91442 1.80045 1.97297 1.60603 1.60476 2.72264 2.47861 1.50098 1.43315 2.79374 1.35065 1.39507 1.34572 1.30963 1.50215 1.27945 1.24701 1.2325 2.29764 7.32999 1.22174 1.54048 1.21385 1.19435 1.17223
threshold=0.37461138802301536 0.86349185765345748 0.64051282051282066 1.0000000180025095e-35 0.87112743532417769 1.0000000180025095e-35 0.69047619047619058 0.22048611111111119 0.35781671159029654 0.3504385964912281 0.36013258274054855 0.84660633484162906 0.87301587301587313 0.61620294599018022 0.17467581998474455 0.85566901408450702 0.58571428571428574 0.21483516483516485 0.38494256756756756 0.55217785843920153 0.24828767123287673 0.39765987731153579 0.4529637053611924 0.86706827309236967 0.7463963349126802 0.38706690561529278 0.12220009955201594 0.43650793650793657 0.91503452605147528 0.95311355311355328 0.72553614411503753 0.95040983606557383 0.87090053763440867 0.94804318488529027 0.61250000000000016 0.62316372152437738 0.87301587301587313 0.40833333333333338 0.73214285714285732 0.81666666666666676 0.53841480580355372 0.88912529550827435 0.27922077922077926 0.41728855721393038 0.34549071618037142 0.70714285714285718 0.87301587301587313 0.86706827309236967 0.44949494949494956 0.48506832767546765 0.46470099667774095 0.14119601328903658 0.51666666666666672 0.23166368515205729 0.92797619047619062 0.90064102564102566 0.87301587301587313 0.58571428571428574 0.78888888888888908 0.70516999243656409 0.43844543990564816 0.79118217054263573
decision_type=2 2 2 2 2 2 2 2 2 2 2 2 2 2 2 2 2 2 2 2 2 2 2 2 2 2 2 2 2 2 2 2 2 2 2 2 2 2 2 2 2 2 2 2 2 2 2 2 2 2 2 2 2 2 2 2 2 2 2 2 2 2
left_child=2 4 47 -4 15 6 13 52 9 11 -11 28 -8 14 -6 17 19 20 -19 49 50 57 -23 24 31 -20 27 59 -5 -30 41 32 -24 -34 -35 38 37 -37 -33 -40 -29 42 43 -16 -26 -32 -47 48 -1 60 -2 -52 -7 -49 55 -9 -57 -18 -59 -27 -17 -28
right_child=1 -3 3 8 5 7 12 54 -10 10 -12 -13 -14 -15 30 16 21 18 25 -21 -22 22 23 -25 44 26 61 40 29 -31 45 35 33 34 -36 36 -38 -39 39 -41 -42 -43 -44 -45 -46 46 -48 53 -50 -51 51 -53 -54 -55 -56 56 -58 58 -60 -61 -62 -63
leaf_value=-0.050056836614693789 -0.051282960033857954 0.045981116360716286 0.050305624007104005 -0.034899881803250453 -0.20902168411092018 0.020500002067776437 -0.14595474653616125 0.023515447933627757 -0.050685155940352306 -0.050144709315875127 0.16939149948605448 0.071179567402080382 -0.019245165509757686 0.050098919116358165 -0.046439257039707554 0.039610415169920782 0.072410947164301895 -0.051201711236715887 0.12067475848647345 -0.037255217666942127 0.13374346448208016 -0.021101361000618823 0.051282646758957419 -0.057698948168000634 0.051304062851273535 -0.035816362883319193 0.0090625671671162502 -0.045887818902054789 0.050115264482611416 -0.023399748321165093 0.05954424439240761 0.024102821173647176 0.013114216228749776 -0.031153839849237797 -0.1129298136889577 0.022128966810199643 0.045486927540786315 -0.044864284944006932 -0.027819339846386959 0.0023026741657921142 0.026035859398445368 0.012503046821055106 -0.094607692912851829 0.054618041745826997 -0.036184719397610615 0.022704118387772174 -0.098267817400380486 0.049419135524319605 0.045233948567285326 0.052526635716149045 -0.051856175791150975 0.044987539850659945 -0.032903779037336447 -0.050199014929590863 0.038783601841787335 0.023997562513874197 -0.18225652920968297 -0.019489480171715673 0.078592784730704857 -0.10828992855171887 -0.016390083663307953 -0.010661960455860495
leaf_weight=31.196059191250246 0.58691862842533682 21.544674070551991 2.6459615278290611 11.260596935753723 0.23444813489913841 1.6688938548322756 0.68730214145034441 26.328511756495576 7.5697580595733589 0.25837626354768772 0.41932970890775323 0.67175800120457907 0.70369480084627867 1.886721797287463 1.5872951243072737 2.1559251735452549 1.652679639286361 3.6446228709537527 0.28323448437731613 1.2507951755542297 0.48456914327107359 11.245120265171861 1.3974029719829548 1.4689088556915511 3.6111071873456231 5.6369592567207274 13.993863395764494 1.1912774991942572 1.5829988970654074 3.2018501573475078 1.5948736062273381 7.0787093392573288 1.7676078728400169 2.1490695818793033 1.5041156469378618 2.544779713265596 5.7900377232581377 1.8355873832479117 6.752957282587885 27.878390752477571 2.2273358807433397 2.5529579855501652 1.3933836501091716 0.98221270530484606 0.56725253164768208 2.7884139148518448 0.57581862807273854 0.6859287682455022 0.38887952617369492 6.161765624769032 0.47265754838008467 2.6197849824093282 3.4197317480575293 0.57959109568037093 11.447115293703972 1.6737415753304952 0.58004620112478722 1.2107537060510365 0.59807765891309816 0.64373835176229466 1.7051493120379744 16.313872041529976
leaf_count=28066 94 2445 49 4258 3 26 9 874 4303 160 10 8 31 43 53 57 26 1195 44 25 14 202 17 26 222 581 1227 101 21 539 30 44 25 33 16 43 215 29 47 223 46 29 8 29 20 140 5 42 57 160 51 155 36 261 773 92 4 83 41 6 31 587
internal_value=-0.000450447 0.00884279 -0.0342773 -0.0193136 0.00481251 0.0138525 -0.00577973 0.0203738 -0.0266924 -0.0162515 0.085693 -0.0203843 -0.0818533 0.00200323 -0.00574636 0.000887298 0.00512141 -0.00706406 -0.0106482 0.0296717 0.0307538 0.00162031 -0.000198307 0.00345472 0.00488337 -0.00697981 -0.00788356 -0.0276597 -0.0242177 0.000921643 -0.00159319 0.00242447 -0.0208219 -0.0394095 -0.0648232 0.00547954 0.0233356 -0.00594447 0.0011256 -0.00357098 0.000972756 -0.0184122 -0.0383283 -0.00780938 0.0394266 0.0205056 0.00199868 -0.0468542 -0.0488836 0.0380238 0.0171901 0.0301857 -0.0153892 0.00379536 0.0249201 0.0193678 -0.029085 0.0413345 0.0129407 -0.0432445 0.0148792 -0.00155464
internal_weight=280.536 220.075 60.4611 27.6106 198.53 60.1052 14.9871 45.118 24.9647 17.3949 0.677706 16.7172 1.391 13.5961 11.7094 138.425 90.3262 48.0988 43.9349 11.2736 4.16393 79.0526 75.591 64.3459 62.877 40.2903 40.007 9.69931 16.0454 4.78485 11.475 58.6987 6.8182 5.42079 3.65319 51.8805 10.1704 4.38037 41.7101 34.6313 3.41861 6.51585 3.96289 2.56951 4.17836 4.95911 3.36423 32.8505 31.5849 10.0228 3.67936 3.09244 5.08863 1.26552 40.0294 28.5823 2.25379 3.46151 1.80883 6.2807 3.86107 30.3077
internal_count=48090 10316 37774 9348 7871 2185 380 1805 9299 4996 170 4826 40 340 297 5686 1585 4101 3787 273 314 1312 1162 960 934 2592 2548 734 4818 560 294 692 91 74 49 601 287 72 314 270 147 119 90 82 242 175 145 28426 28123 248 300 206 62 303 1743 970 96 150 124 587 88 1814
is_linear=0
shrinkage=0.05


Tree=96
num_leaves=63
num_cat=0
split_feature=12 12 1 5 12 9 9 12 1 3 3 2 3 3 3 9 9 1 5 4 5 1 2 3 12 4 3 5 1 6 0 1 7 0 0 9 9 5 1 7 9 9 9 9 12 1 5 1 0 9 9 2 7 5 2 0 3 7 9 0 9 2
split_gain=33.0162 12.6116 4.48965 5.20592 2.6484 2.45419 2.60957 2.52693 2.27099 2.18293 2.14529 1.89393 2.01276 3.15797 2.40017 1.81814 3.31898 2.48885 2.69119 1.88178 1.77873 1.62281 2.09877 1.60003 2.61991 7.14705 4.98669 2.83817 2.552 2.27112 1.57928 4.21512 1.50923 1.45719 1.40751 1.60918 1.87011 1.36782 1.90762 1.68345 3.89881 2.47012 1.94682 3.00054 1.9781 1.97805 1.89057 1.61452 1.47135 1.43747 2.21086 1.41081 2.03574 1.84962 2.27011 1.89361 1.31654 1.32959 1.26295 1.80561 1.16748 1.15301
threshold=0.37461138802301536 0.86349185765345748 0.64051282051282066 1.0000000180025095e-35 0.564035962815011 0.35781671159029654 0.3504385964912281 0.36013258274054855 0.95861872146118743 0.84660633484162906 0.54623154623154624 0.15535444947209656 0.97937925170068041 0.96051948051948066 0.96249413970932973 0.42724867724867727 0.42997198879551829 0.59417229729729737 0.21111111111111114 0.87681770284510019 0.31666666666666671 0.91503452605147528 0.95311355311355328 0.9457002457002458 0.81002169842174443 0.86972236773179679 0.9099909990999101 0.69047619047619058 0.49937500000000012 0.39230769230769241 0.51022110972048396 0.41686991869918705 0.87301587301587313 0.6861407249466952 0.21164613661814111 0.76833631484794285 0.68042553191489374 0.44949494949494956 0.89932432432432441 0.69047619047619058 0.30116279069767443 0.25962962962962971 0.18301435406698566 0.2022727272727273 0.41623381558328693 0.93361581920903958 0.58571428571428574 0.94804318488529027 0.92422502870264067 0.24037037037037037 0.20881782945736438 0.90521114106019773 0.5634920634920636 0.58571428571428574 0.78319623971797903 0.7927781392322707 0.86706827309236967 0.44949494949494956 0.23166368515205729 0.86576576576576592 0.26598639455782319 0.87226107226107241
decision_type=2 2 2 2 2 2 2 2 2 2 2 2 2 2 2 2 2 2 2 2 2 2 2 2 2 2 2 2 2 2 2 2 2 2 2 2 2 2 2 2 2 2 2 2 2 2 2 2 2 2 2 2 2 2 2 2 2 2 2 2 2 2
left_child=2 4 56 -4 15 6 9 -8 11 21 -10 -6 13 23 -15 17 -17 -2 61 20 -20 -5 -23 24 -13 29 -27 -28 -25 -26 31 -14 34 -22 35 36 -18 38 58 42 41 46 45 -44 47 48 -41 -45 51 50 -48 52 53 54 55 -39 57 -1 59 -35 -46 -19
right_child=1 -3 3 5 8 -7 7 -9 10 -11 -12 12 30 14 -16 16 32 18 19 -21 33 22 -24 28 25 26 27 -29 -30 -31 -32 -33 -34 37 -36 -37 -38 39 -40 40 -42 -43 43 44 60 -47 49 -49 -50 -51 -52 -53 -54 -55 -56 -57 -58 -59 -60 -61 -62 -63
leaf_value=-0.050054060963097592 -0.032331101917159787 0.04574176427792085 0.047407368441370203 -0.034203791911948576 -0.062188407557196027 -0.050655667472355795 -0.050137682257770461 0.14907280783141683 0.005208800106286552 0.069808036244773816 0.050685721037135006 0.0096526572009684331 0.047111835265994065 -0.10642036228882377 -0.01612933314646511 0.092256812843214964 0.010196909349141366 0.046512474081602195 -0.069221468995021213 0.04488487845875215 0.053231673851553196 0.04834445177842267 -0.022551244911293369 -0.043811355159080759 -0.08532341349282796 -0.19909605412474995 0.051189757927749005 -0.10969157612215835 0.05214346800142429 0.050956156939342002 0.050660163416736848 -0.042743149191913563 0.050210756995949651 -0.036947627987056073 -0.0071924096361808913 -0.037808725035213993 0.074614519372040181 -0.017070362207095967 0.027065362007555296 -0.060724673665387446 -0.056147492753688202 0.040124660260796766 0.097832339127664147 -0.058097691366135434 -0.0042954020358939218 0.038429939447798808 -0.0062649541365003949 0.046107345052171574 -0.047743790836547749 -0.051685048964808411 0.0502214784094741 0.032894174335640916 -0.049781485428377265 0.040638477591301271 -0.047140618826154349 0.061175487143750651 0.0036288101487961079 0.04229645765698653 -0.066931727272946648 0.053037205658164346 0.037710627383764975 -0.045983401442855142
leaf_weight=29.676213520579047 7.020118329441174 20.598492360208184 2.6667849376099211 10.923908964265143 0.94868787936866183 7.2046627560630432 0.24580867984332044 0.45173092826735228 4.3239795146509987 0.65123167261481363 6.478883283212781 52.486813486670144 3.2659098338335735 0.87058005388826032 4.7620855495333672 1.2364236455177913 2.9326772839995163 3.7321667063515624 1.05256228649523 1.965187694877385 1.1047500818967808 1.5595417032018311 3.1573635425884277 0.83138292655348678 0.36528767365962211 0.79031058028340329 0.51475063152611233 0.5864649498835206 4.1607730006799102 1.8746316423639653 4.7505976082757115 2.1739493003115058 1.8794209184125055 2.820383857702836 11.319492145441471 0.90437639225274313 1.8295430698199195 1.8787778187543209 1.4001418820116667 1.6116626161383489 3.9829074337612829 2.9217172106727949 1.2000983974430699 1.4379679199773798 2.3564338404685259 2.4105180362239471 24.519080685568049 0.50129652360919852 2.2398036280646911 1.5589267294853915 1.8639448957983393 2.1730109285563222 2.5998683918733141 2.1638415313791484 2.7019774431828409 1.3140297038480637 1.2450000714743499 0.39493118156678875 2.2816699988907203 0.69481179816648353 5.5499716480262578 0.37035550107248116
leaf_count=28066 1790 2445 49 4258 12 4303 160 10 46 8 600 1025 35 22 108 38 113 214 156 31 81 21 539 9 18 20 35 25 243 126 428 38 15 245 1013 59 61 50 19 31 68 36 22 62 38 36 344 18 42 22 27 32 76 29 51 11 303 57 166 19 53 13
internal_value=-0.000437267 0.00851871 -0.0338912 -0.0188936 0.004621 -0.0262015 -0.0158314 0.0788723 0.0109913 -0.0198861 0.032483 0.00802927 0.00888955 0.0057514 -0.0300846 -0.000662539 0.0128964 -0.00378009 -0.0012874 -0.0034084 -0.00468504 -0.0236207 0.000888869 0.00902767 0.00663506 -0.0317012 -0.103265 -0.0344894 0.0361634 0.0287316 0.0295971 0.0112028 0.00769521 -0.00375816 0.00299109 0.0233335 0.0349448 -0.00463039 -0.0253128 -0.00233986 -0.00945847 -0.00373234 0.00675771 0.0231899 0.0140917 -0.00362486 -0.00806811 -0.0311609 -0.0103511 -0.00503093 -0.00227422 -0.00382407 -0.01131 0.00110159 -0.0134115 0.0151324 -0.0467552 -0.0488412 -0.0379639 -0.0191613 0.0251911 0.0381624
internal_weight=275.491 217.313 58.1772 26.861 196.715 24.1942 16.9896 0.69754 89.1851 16.292 10.8029 78.3822 77.4335 67.2431 5.63267 107.53 20.1019 87.428 80.4079 76.3053 74.3402 15.6408 4.71691 61.6104 56.6183 4.13145 1.89153 1.10122 4.99216 2.23992 10.1905 5.43986 18.8655 73.2876 16.9861 5.6666 4.76222 72.1828 7.19701 64.9858 36.4582 32.4753 28.5276 11.0458 9.84567 17.4818 29.5536 1.93926 15.0713 27.942 26.383 12.8315 10.6585 8.05863 5.89478 3.19281 31.3161 30.0711 5.79687 3.5152 7.90641 4.10252
internal_count=48090 10316 37774 9348 7871 9299 4996 170 2790 4826 646 2144 2132 1631 130 5081 1299 3782 1992 1765 1734 4818 560 1501 1249 224 80 60 252 144 501 73 1261 1578 1246 233 174 1497 449 1048 528 460 520 193 171 327 424 80 291 393 371 249 217 141 112 61 28426 28123 430 264 91 227
is_linear=0
shrinkage=0.05


Tree=97
num_leaves=63
num_cat=0
split_feature=12 12 1 5 3 4 9 9 2 12 1 4 12 10 5 1 6 9 3 2 5 0 0 1 1 9 6 2 3 3 1 10 1 2 7 7 9 1 9 5 2 1 7 9 9 9 1 9 12 9 4 1 10 4 3 12 1 2 6 10 10 4
split_gain=30.8767 12.0669 4.4173 4.77935 2.50786 2.83275 2.40675 2.33859 2.24271 2.11925 2.09524 2.1444 3.19245 2.98035 4.8955 2.84861 3.76717 2.10961 2.02999 2.01438 1.8094 1.65873 2.32581 2.42972 2.15938 2.96588 2.56735 2.52859 2.10113 2.35453 3.67313 3.09083 2.74504 2.36906 2.10561 2.48557 3.12113 4.25705 2.40576 2.00763 1.91402 1.86537 2.25367 1.72325 2.48642 3.34599 2.38628 1.65592 3.22002 1.64302 2.05929 1.61437 2.12577 1.72257 2.31007 1.81626 1.52679 1.9227 1.51242 2.6699 1.46738 1.44838
threshold=0.37461138802301536 0.86349185765345748 0.64051282051282066 1.0000000180025095e-35 0.87112743532417769 0.86453119786453125 0.35781671159029654 0.3504385964912281 0.32856266612144763 0.36013258274054855 0.95861872146118743 0.88548009367681513 0.79559063107394368 1.0000000180025095e-35 0.69047619047619058 0.71339285714285727 0.78888888888888908 0.61620294599018022 0.84660633484162906 0.20761494252873564 0.64583333333333337 0.87386363636363651 0.21483516483516485 0.38494256756756756 0.87090053763440867 0.31072796934865904 0.27922077922077926 0.90070422535211281 0.86706827309236967 0.76980056980056988 0.91503452605147528 0.12861869313482219 0.89932432432432441 0.92907444668008055 0.73214285714285732 0.87301587301587313 0.42724867724867727 0.94804318488529027 0.13423423423423428 0.58571428571428574 0.22048611111111119 0.85566901408450702 0.69047619047619058 0.46470099667774095 0.26598639455782319 0.21352583586626142 0.93361581920903958 0.20881782945736438 0.5942586191961361 0.098780487804878067 0.91818306010928963 0.38582589285714292 0.12220009955201594 0.86037735849056607 0.77303030303030318 0.53841480580355372 0.91503452605147528 0.95311355311355328 0.14835164835164838 0.86956521739130443 0.16152751423149908 0.90947503201024327
decision_type=2 2 2 2 2 2 2 2 2 2 2 2 2 2 2 2 2 2 2 2 2 2 2 2 2 2 2 2 2 2 2 2 2 2 2 2 2 2 2 2 2 2 2 2 2 2 2 2 2 2 2 2 2 2 2 2 2 2 2 2 2 2
left_child=2 4 -1 -4 21 8 7 18 -6 -9 11 12 20 14 17 16 60 19 56 -13 -7 22 40 -24 25 27 -27 -23 29 32 31 -31 33 -26 43 38 37 -37 -36 -33 -2 42 51 44 45 46 -34 -40 -49 -21 -51 -25 53 54 -53 -56 -5 -58 59 -39 -15 -17
right_child=1 -3 3 6 5 10 -8 9 -10 -11 -12 13 -14 15 -16 61 -18 -19 -20 49 -22 24 23 41 28 26 -28 -29 -30 30 -32 39 34 -35 35 36 -38 58 47 -41 -42 -43 -44 -45 -46 -47 -48 48 -50 50 -52 52 -54 -55 55 -57 57 -59 -60 -61 -62 -63
leaf_value=-0.046615907195682323 0.0076801815699345357 0.045494758039081137 0.044696772167387162 -0.033500056092161161 -0.0026766123044130747 -0.022195487680174 -0.05062729007384368 -0.050130997129767235 0.049240434438223721 0.13353198515648909 0.050604788630064318 -0.10714894028332972 -0.10784635045337283 0.029646329606119327 -0.10906955747286261 0.01561360532506258 -0.065806392081807927 0.04957755065840698 0.068484678240965435 -0.032251787927647123 0.052894825387675454 -0.0046074792965647938 -0.051178296180856897 0.10804120277651469 0.0051250423587679665 -0.057674204760500496 0.068568032524657999 0.067002270434557795 -0.05635279406966788 0.052724528685328877 0.042751148597941407 -0.003647483226911346 -0.012688351167410492 -0.079927912116633901 0.032530842731232426 -0.065150457019831742 0.056952469143768669 -0.053670454221792285 -0.075056776536430045 -0.090959177652330553 0.08371814487358771 0.036034627134658659 -0.06535317744658832 -0.019657383975594394 0.047135472520268777 -0.054191678026430559 0.042651798964355829 -0.046064564165245903 0.044884023826546778 -0.053890505369468558 0.022274481011262694 -0.049279282482120608 -0.00055196221313773611 -0.11626998777654891 -0.028285950859232502 0.040278739692453248 0.046619875585715786 -0.021720105959335902 0.035993107379439337 0.003495485297998464 -0.0118262108867844 0.04741072363362548
leaf_weight=29.878510059963446 3.0460526121314606 19.697621482890099 2.6865605697967139 10.60392722557299 2.7912624585442236 3.946049583493731 6.8570320521248496 0.23385084676556367 8.1649495214223844 0.47833699593320489 2.6982347019948056 0.49702270142733951 0.9309771955013274 5.4258875751402247 1.1302066417410959 6.2200041664764276 1.8071972387842823 1.8061182601377357 0.63113721366971809 3.4207370742224139 1.0069603938609359 1.7201665230095367 3.4155356745468444 0.30166366463526983 1.4089999418938524 1.4723947186721491 0.55436201021075238 4.3505545892985538 1.5052838930860151 1.1142454482614987 8.1219300637021643 1.3378853090107443 3.2357907730620408 1.9543112789979205 1.401867249282075 2.473282848368398 2.4086000674869856 2.1981449099257615 2.2188543829834089 1.2963068485260008 1.1363592878915367 2.3468255110783494 1.7478200993500639 2.8706877056974909 6.2355918127577743 1.8308470450574521 4.8944250429049134 3.9200600046897307 1.2946182712912557 1.0525707930792121 5.6574229473480955 4.224825562559996 24.181913028704002 0.53588578756898719 2.0400045720161875 1.8343803519383071 1.5369567174930114 3.1153675438836217 3.1151139942230648 28.844781703315675 3.5142751731909811 8.4422013834118825
leaf_count=28426 271 2445 49 4258 92 103 4303 160 375 10 271 10 36 98 19 257 24 42 8 85 29 41 1195 37 32 79 8 61 36 41 390 28 39 61 19 34 18 164 30 21 43 49 33 50 63 22 76 69 10 19 142 550 1663 5 113 42 21 539 124 169 54 529
internal_value=-0.000424256 0.00819767 -0.0334827 -0.0184731 0.00443214 0.0130933 -0.0257081 -0.0154144 0.0360138 0.0732252 0.00781277 0.00523879 -0.0228967 0.0094865 -0.00943787 0.0195887 3.46096e-05 -0.000381606 -0.0193879 -0.00887184 -0.00692942 0.000721899 -0.00716355 -0.0108183 0.00457198 0.0292268 -0.0231442 0.0467113 0.00218625 0.00325855 0.023856 -0.0170852 -0.00021909 -0.0442965 0.00199543 -0.00360082 0.00181901 -0.00180615 -0.0275488 -0.0466143 0.0283397 -0.00711398 -0.0100183 0.0160468 0.022375 0.00687502 0.0206267 -0.038879 -0.0234853 -0.00405028 0.0103268 -0.00709799 -0.00815639 -0.029452 -0.0237077 0.00417694 -0.0230231 0.000856909 0.00278042 -0.000552426 0.013344 0.0339217
internal_weight=270.822 214.8 56.0217 26.1432 195.102 58.5121 23.4566 16.5996 10.9562 0.712188 47.5559 44.8576 5.88399 38.9736 13.5641 25.4096 10.7474 12.4339 15.8874 10.6278 4.95301 136.59 44.8113 40.6289 91.7791 8.09748 2.02676 6.07072 83.6816 82.1763 11.8704 3.74844 70.306 3.36331 66.9427 47.8753 39.0399 36.6313 8.8354 2.63419 4.18241 37.2133 34.8665 19.0673 16.1967 9.96106 8.13022 7.43353 5.21468 10.1307 6.70999 33.1187 32.817 8.6351 8.09921 3.87438 15.2563 4.65232 34.158 31.0429 8.94016 14.6622
internal_count=48090 10316 37774 9348 7871 2185 9299 4996 467 170 1718 1447 168 1279 317 962 176 298 4826 256 132 5686 4001 3687 1685 189 87 102 1496 1460 480 90 980 93 887 637 509 491 128 49 314 2492 2443 250 200 137 115 109 79 246 161 2410 2373 710 705 155 4818 560 457 333 152 786
is_linear=0
shrinkage=0.05


Tree=98
num_leaves=63
num_cat=0
split_feature=12 12 1 5 9 3 5 5 0 9 3 4 3 12 12 1 2 1 5 3 1 0 3 10 2 0 9 3 9 7 9 4 9 10 7 7 10 4 10 10 5 4 7 9 9 0 9 4 1 2 3 10 3 4 12 3 12 0 9 12 0 9
split_gain=28.8523 11.5318 4.32281 4.38977 2.35925 2.33526 4.28023 3.5042 2.54332 2.10613 1.91519 1.88721 2.48746 1.80735 1.73588 1.61034 1.85939 1.55582 2.93925 1.95105 1.72153 1.67684 1.52936 1.62437 1.45508 1.44845 1.40417 1.38785 1.35938 5.41498 11.2596 3.12583 4.12055 3.11991 2.81082 2.31828 2.48943 2.0292 1.64008 2.73583 1.3956 2.33478 1.33377 1.2868 3.75102 1.24949 1.78099 1.4588 1.35824 1.92754 1.69978 2.99197 1.90964 1.89583 1.61586 1.59723 1.70126 2.95053 1.49458 1.41571 1.32771 1.29595
threshold=0.37461138802301536 0.86349185765345748 0.64051282051282066 1.0000000180025095e-35 0.35781671159029654 0.70521390374331572 0.86607142857142871 0.81666666666666676 0.62593283582089565 0.3504385964912281 0.70299970299970316 0.68805153874675584 0.73144505638604784 0.36013258274054855 0.70516999243656409 0.91503452605147528 0.95311355311355328 0.68410526315789488 0.095454545454545472 0.97937925170068041 0.67459677419354847 0.61651583710407254 0.82426470588235301 0.043015726179463469 0.94494949494949509 0.94804318488529027 0.18834459459459463 0.86706827309236967 0.14434523809523811 0.81666666666666676 0.056079664570230614 0.8145502645502648 0.1731634182908546 0.19189852700491003 0.22649572649572652 0.84523809523809534 0.16035714285714289 0.86453119786453125 0.18441295546558709 0.22611077297626295 0.64583333333333337 0.91481481481481486 0.44949494949494956 0.68042553191489374 0.68469785575048747 0.67041198501872667 0.074537037037037054 0.66645021645021651 0.81302966101694929 0.76277056277056288 0.62316372152437738 0.5747340425531916 0.45199692780337947 0.65806129247168565 0.65576731082107542 0.62988330796549985 0.43844543990564816 0.82426470588235301 0.11583184257602865 0.3916285082623357 0.85053191489361712 0.091966173361522213
decision_type=2 2 2 2 2 2 2 2 2 2 2 2 2 2 2 2 2 2 2 2 2 2 2 2 2 2 2 2 2 2 2 2 2 2 2 2 2 2 2 2 2 2 2 2 2 2 2 2 2 2 2 2 2 2 2 2 2 2 2 2 2 2
left_child=2 5 27 -4 9 8 7 11 43 10 15 26 14 -11 25 -5 -17 20 -19 22 -14 -21 23 24 -20 -13 -7 42 29 34 -31 33 37 -30 -24 36 40 -33 -37 -40 41 -34 -1 -2 -45 46 -10 -48 49 55 51 52 54 -52 -50 56 57 -47 -58 -53 -51 -54
right_child=1 -3 3 4 -6 6 -8 -9 45 13 -12 12 17 -15 -16 16 -18 18 19 21 -22 -23 28 -25 -26 -27 -28 -29 31 30 -32 32 35 -35 -36 38 -38 -39 39 -41 -42 -43 -44 44 -46 48 47 -49 50 60 53 59 61 -55 -56 -57 58 -59 -60 -61 -62 -63
leaf_value=-0.050049079594391081 -0.048883350707480254 0.045239782865761927 0.042159342315917281 -0.036518173845439629 -0.050599994161590327 -0.020037871361695551 0.050757864748387241 -0.066972019620566883 0.13080364201436939 -0.050124632853825783 0.033617797788579346 -0.047307863497783091 0.001716973467854803 0.12117552644067292 -0.12984182793068644 0.044940756008845721 -0.023041925721131215 0.051573391913429724 -0.052593273773827401 -0.073771987768075406 -0.05928510136642693 0.050909656847182343 -0.040481795258410586 0.041268499358693346 0.037710245857103052 0.053130330138584071 0.071087133298415206 0.0058928997227447157 -0.0026826907959375465 -0.14261610571039107 0.044387495017148698 0.010888621152120997 -0.019818548569560619 -0.11283264312086845 0.036245660222741602 0.056365102823426251 0.03939008346203729 -0.075451673511011633 -0.078267110536738183 0.052219894304207315 -0.044813365278618164 0.05443681845445511 0.042574713631066324 0.22542435991533907 -0.050618985958165136 -0.05201756590483092 -0.05062259393464541 0.070584198013872376 -0.053923858563167254 -0.052827151769864911 0.059916866139665952 0.03522524919686456 0.041679457840071842 -0.0026207445557774479 -0.20787943477914969 -0.066773929878308699 -0.0064165960521506502 0.14026120296140834 0.07255185982533234 0.0015805725476187981 0.0044547284216099317 -0.026321498350112806
leaf_weight=26.947078678291298 3.8273914835881433 18.839926801156253 2.7053456439171013 9.4336740783182922 6.5260406197630791 0.53991844539996181 5.9780429922975591 1.5701977210119356 0.43873560114297905 0.22247333812993098 1.5616661569802097 1.4361317127477371 27.563607610180046 0.50014745956286788 0.46565766818821419 1.515226735966279 2.9916949204634875 4.6432932657189658 1.0231131149921555 0.28938058018684287 1.2072081360965956 3.9583691661246121 1.3294803118333245 5.5596968641038984 0.79094548989087332 0.47858230210840691 1.9480755088152362 1.2153171061072487 1.3075731510762154 1.5252547189593308 1.7044454747810958 0.96975733805448117 4.1525230300612765 1.2645697712432591 11.68193799536675 3.8369302079081526 2.8043176736682645 2.2816082881763577 0.69951440487056948 0.94348406419157982 2.6769580384716392 1.4207948772236703 0.39435197855345805 0.17400375520810474 0.42038333567325026 1.3486793271731565 0.49765224545262754 0.49533520825207233 2.5435860994039099 3.9564711893908679 2.587986660655587 3.2806030893698326 0.93807966622989658 2.2790942555293441 0.18267221748828877 0.65793194621801365 0.96794910752214525 0.23415569402277459 1.5726696106139568 66.635114758042619 1.3590982556343076 2.7681560844648629
leaf_count=28066 1615 2445 49 4215 4303 28 570 28 18 160 52 140 1211 10 7 21 538 291 29 2 17 376 21 186 26 12 80 303 28 8 45 24 60 18 532 87 87 37 11 38 41 40 57 5 104 148 127 7 354 341 32 113 32 44 1 21 29 2 31 637 19 111
internal_value=-0.000409992 0.0078997 -0.0330341 -0.0180524 -0.0252123 0.00425879 0.00978746 0.00706831 -0.00120646 -0.0150008 -0.0188901 0.00838191 0.00714015 0.0684373 -0.04326 -0.0247722 -0.000186153 0.00857461 0.013513 0.00999407 -0.000842641 0.0424156 0.00699842 0.0278634 -0.0132201 -0.0222034 0.0513121 -0.0463892 0.00301249 0.0140218 -0.0439266 -0.0049848 0.00175591 -0.0568369 0.0284058 0.0118742 -0.00130757 -0.0496997 0.0384656 -0.00333557 -0.0151409 -0.000888775 -0.0487131 -0.0382539 0.0301913 0.000559864 0.0469075 0.00983939 -0.000166841 -0.0174617 0.00198332 0.000156972 -0.0324753 0.0306326 -0.0642396 0.00557253 0.017116 -0.0235729 0.0424657 0.00315926 -0.0381812 -0.00910988
internal_weight=266.07 212.057 54.013 25.4563 22.7509 193.217 96.0514 90.0733 97.1657 16.2249 15.5023 88.5031 86.0151 0.722621 2.38037 13.9406 4.50692 83.6348 54.8639 50.2207 28.7708 4.24775 45.9729 7.37376 1.81406 1.91471 2.48799 28.5567 38.5991 16.2411 3.2297 22.358 19.7859 2.57214 13.0114 16.5345 11.0546 3.25137 5.47993 1.643 8.25028 5.57332 27.3414 4.42178 0.594387 92.744 1.43172 0.992987 91.3122 10.097 81.2153 76.3482 6.43249 4.86708 2.72626 4.78139 4.12345 1.58284 2.54062 69.9157 5.31557 3.70624
internal_count=48090 10316 37774 9348 9299 7871 4080 3510 3791 4996 4826 3482 3374 170 159 4774 559 3215 1987 1696 1228 378 1318 241 55 152 108 28426 1077 606 53 471 425 46 553 364 228 61 136 49 141 100 28123 1724 109 2067 152 134 1915 591 1324 1248 498 76 355 231 210 150 60 750 360 143
is_linear=0
shrinkage=0.05


Tree=99
num_leaves=63
num_cat=0
split_feature=12 12 1 3 10 9 12 0 10 9 3 1 10 3 3 10 10 9 3 3 3 9 2 2 1 9 9 1 5 4 6 3 3 4 12 3 3 5 10 9 4 12 10 9 5 12 3 0 9 1 2 12 9 9 1 9 9 10 0 0 5 4
split_gain=26.987 11.0644 4.24826 3.98404 2.94367 2.51081 2.39646 2.22614 2.17688 5.14864 3.10879 3.31343 2.70827 2.14208 4.00333 2.27609 2.12906 3.59067 2.02304 2.0223 2.513 2.09053 2.94146 2.32933 1.55298 1.52605 2.80722 2.17667 2.40024 1.679 1.62295 1.63751 1.43621 1.41055 4.4133 3.03414 2.84157 2.35846 2.31429 1.84954 1.83792 2.91673 2.13374 1.97672 1.60366 1.59382 1.34273 1.31771 2.10777 1.24963 1.44327 1.41523 2.20329 1.54011 1.59078 1.27142 1.36827 1.179 1.17184 1.15754 1.14302 1.10851
threshold=0.37461138802301536 0.87579263542427721 0.57071428571428584 0.62316372152437738 0.074537037037037054 0.37965517241379315 0.564035962815011 0.34330357142857154 0.16345083487940634 0.54226190476190483 0.55775829203202454 0.95861872146118743 0.16152751423149908 0.87112743532417769 0.86706827309236967 0.26209992193598758 0.30094339622641514 0.22086720867208673 0.97937925170068041 0.96051948051948066 0.94791101465002725 0.35781671159029654 0.99333333333333351 0.85215543412264738 0.65432190760059628 0.42724867724867727 0.42997198879551829 0.59417229729729737 0.21111111111111114 0.87681770284510019 0.40833333333333338 0.669467787114846 0.86706827309236967 0.86037735849056607 0.81002169842174443 0.77303030303030318 0.9099909990999101 0.69047619047619058 0.15301003344481609 0.10762548262548265 0.91481481481481486 0.76256394373381442 0.067231638418079109 0.04083333333333334 0.58571428571428574 0.62790203878499784 0.88493064312736458 0.51022110972048396 0.62361111111111123 0.91503452605147528 0.91734972677595639 0.36013258274054855 0.3504385964912281 0.35781671159029654 0.85270009643201561 0.13680926916221037 0.13423423423423428 0.12095088819226753 0.23166368515205729 0.81302966101694929 0.087121212121212141 0.75974683544303812
decision_type=2 2 2 2 2 2 2 2 2 2 2 2 2 2 2 2 2 2 2 2 2 2 2 2 2 2 2 2 2 2 2 2 2 2 2 2 2 2 2 2 2 2 2 2 2 2 2 2 2 2 2 2 2 2 2 2 2 2 2 2 2 2
left_child=2 6 32 49 -5 7 25 -6 10 13 -8 12 18 14 15 -10 17 61 19 20 33 22 23 -21 -7 27 -27 -2 -29 30 31 -30 -1 35 40 39 -36 -38 45 -12 41 42 -35 -42 -41 -37 -44 48 -20 51 -51 55 -53 -54 -55 56 60 -48 -34 -33 -4 -17
right_child=1 -3 3 4 5 24 8 -9 9 -11 11 -13 -14 -15 -16 16 -18 -19 47 21 -22 -23 -24 -25 -26 26 -28 28 29 -31 -32 59 58 34 36 38 37 -39 -40 44 43 -43 46 -45 -46 -47 57 -49 -50 50 -52 52 53 54 -56 -57 -58 -59 -60 -61 -62 -63
leaf_value=-0.050047077631522656 -0.031147069097336673 0.047344062673319962 0.079226642069484696 -0.038551436916741268 0.24714661099063018 0.079114843019896131 -0.087571485935575774 0.056046526373897981 0.051671600564854793 -0.050368174131330795 0.052330044743795184 0.050612393901019306 -0.10054443068475505 0.043058452071728738 -0.082685367432869056 -0.054923569669917516 0.017542132177477406 -0.15952601184673124 -0.014451500316623995 -0.048652294892800249 0.052598359035951073 0.023994040204353209 -0.097215924100788997 0.05265195821164434 -0.050816006305940908 0.084292752735799337 0.0068148048913345069 0.036697289732341806 -0.0048344867946520688 0.043501315915012939 -0.033140682358625065 -0.012389605495314851 0.048666699160930998 -0.055844620488147673 -0.16744330036122135 -0.00050648587354007674 0.051109088438321675 -0.10068549366372258 -0.042960255979362032 -0.064135951949014489 -0.033536782132793298 0.053431448557239719 -0.04490841332063053 0.051425884351717244 -0.0047433924874585474 0.048255373170205222 0.052572987675306028 0.050567751197060411 0.055578978645196342 0.11157198929474997 -0.010914954172494098 -0.050566984529316197 0.11419640260702879 0.10383981401761599 -0.051242119721296255 -0.050882998745222077 0.069064442459030359 -0.010768626805799521 -0.050182509105159971 0.039850928326497323 -0.032922946458890295 0.051285856915943298
leaf_weight=23.995783533959187 6.6616061389213419 16.167689600493759 0.23835341644008678 1.6248404819052655 0.16159419133327935 0.30595093639567472 0.9181232275441279 2.6768950992263854 4.6526680835522773 2.4639046462252727 0.74762264196761563 3.727892516180872 0.63997007627040048 10.696803549304603 0.98191169369965692 0.41545489430427796 17.254089547786862 0.46765103377401818 3.1787607874721271 1.5728503298014396 2.3640560326166442 1.3668349366635082 1.7281478391960261 0.8876803247258066 0.92609155853278935 1.2472867076285208 18.656063496833667 3.9316562542226157 63.24498127924744 1.8621603306382883 4.6561045791022471 1.4992209731135506 0.6878362480783824 3.343983273021875 0.67374061793088813 2.2894506598822755 0.44711840851232387 0.59831432439386845 1.0656417524442066 2.1342755169607699 0.93308658432215397 1.3670954266563056 1.3125731823965905 2.570533249527216 2.431243235245347 6.2519377707503736 1.2606035005301239 3.2182412385009229 1.6230743220075963 0.25866326177492682 3.4240928667131811 1.0720249790465453 0.50807218695990719 0.24965815246105194 0.48972112603951246 9.6356045230058935 0.39380613964749489 1.760760544799268 0.53149302303791046 3.6226100353524089 4.8529947362840176 0.60115268686786294
leaf_count=26270 1790 2258 4 277 3 27 8 191 207 28 25 389 21 681 18 10 200 13 43 32 130 25 35 34 315 38 1261 227 1595 31 60 24 42 36 18 41 34 20 16 44 17 41 13 57 44 246 24 338 24 8 545 340 9 1 157 6964 48 28 261 55 2312 37
internal_value=-0.000395166 0.00760943 -0.0326232 -0.01877 0.0183435 0.0410544 0.0042865 0.0669258 0.0103802 0.0194969 0.00359261 0.00528367 0.00159153 0.0244054 0.016219 0.0203708 0.0125989 -0.0448642 0.00303995 -0.00188168 0.00301622 -0.0296988 -0.0472197 -0.012105 -0.0185505 -0.000799012 0.0116701 -0.00370241 -0.00138278 -0.00338208 -0.00457766 -0.00263238 -0.0473571 -0.000999643 -0.0122397 0.009749 -0.0873694 -0.0357649 0.026517 -0.0205703 -0.00194692 -0.0138563 -0.0258372 0.0287986 -0.0325081 0.0351851 -0.00268413 0.0258115 0.00921959 -0.0287769 -0.00231192 -0.0343654 0.00200091 0.0471763 0.00112271 -0.0399439 -0.0207274 0.0156594 0.00557935 0.0245595 -0.0276726 0.00788147
internal_weight=261.53 209.497 52.0335 26.8184 5.69537 4.07053 193.329 2.83849 87.9472 37.5336 50.4136 49.4955 45.7676 35.0697 24.3729 23.391 18.7383 1.48426 45.1276 37.1076 31.552 5.55551 4.18868 2.46053 1.23204 105.382 19.9034 85.4783 78.8167 74.8851 73.0229 68.3668 25.2151 29.188 14.2678 14.9202 1.71917 1.04543 9.60703 5.31314 12.5486 9.04502 7.67792 3.50362 4.56552 8.54139 4.33394 8.02008 4.80184 21.123 3.68276 17.4402 2.31948 1.24745 0.739379 15.1208 5.48515 3.02136 1.21933 5.12183 5.09135 1.01661
internal_count=48090 10316 37774 11201 813 536 8058 194 2977 1194 1783 1775 1386 1166 485 467 260 60 1365 960 834 126 101 66 342 5081 1299 3782 1992 1765 1734 1674 26573 704 288 416 72 54 303 113 216 142 101 74 88 287 65 405 67 10388 553 9835 507 167 158 9328 2364 52 303 79 2316 47
is_linear=0
shrinkage=0.05


Tree=100
num_leaves=63
num_cat=0
split_feature=12 12 4 0 1 3 9 10 12 6 9 2 0 3 10 1 10 10 0 4 4 3 12 0 10 7 9 9 12 9 7 3 3 7 9 3 6 6 4 0 9 0 0 5 1 3 2 6 4 6 0 1 1 3 10 10 9 9 2 2 1 5
split_gain=25.224 13.2846 4.11577 3.25784 2.71011 3.6758 2.60822 2.28336 2.22085 5.47676 2.17937 2.04366 3.81522 2.26132 5.35992 3.97087 3.11647 1.93439 1.80997 1.79593 2.78616 1.89754 3.17581 2.09604 1.85559 2.58337 3.55843 2.36927 1.73151 1.69007 3.07407 1.54384 2.26614 2.73017 1.92019 1.80661 1.66859 1.5242 2.26716 1.50942 2.0872 1.50624 1.45969 3.10609 1.4586 1.48497 1.4468 1.43606 1.38865 1.37585 1.37321 1.70349 1.30285 1.21467 1.4295 2.68256 1.19916 5.36496 1.94578 4.56062 2.15744 1.65267
threshold=0.33005851445960371 0.8381423536083954 0.91481481481481486 0.20761494252873564 0.70196414950419539 0.62316372152437738 0.37965517241379315 0.021507863089731735 0.82397133745578044 0.43650793650793657 0.13100686498855837 0.37884436160298235 0.26766169154228864 0.50242718446601953 0.86956521739130443 0.95040983606557383 0.19538706256627789 0.079473684210526321 0.27072835547411828 0.86037735849056607 0.87681770284510019 0.76980056980056988 0.68182276075382453 0.92422502870264067 0.056079664570230614 0.22649572649572652 0.037749287749287756 0.35634920634920642 0.53841480580355372 0.15470085470085473 0.34848484848484856 0.86319073083778985 0.82426470588235301 0.73214285714285732 0.046536796536796543 0.76028169014084523 0.17914438502673799 0.5634920634920636 0.83449741315594983 0.45867486338797819 0.53390804597701158 0.34641025641025652 0.95311355311355328 0.61250000000000016 0.40010638297872347 0.96051948051948066 0.77871939736346529 0.73863636363636376 0.8938673341677098 0.43650793650793657 0.57338551859099818 0.51835016835016845 0.33349593495934965 0.70859704641350219 0.051503094606542892 0.050641025641025648 0.3465463108320252 0.36899313501144165 0.66228070175438603 0.64346246973365628 0.89932432432432441 0.44949494949494956
decision_type=2 2 2 2 2 2 2 2 2 2 2 2 2 2 2 2 2 2 2 2 2 2 2 2 2 2 2 2 2 2 2 2 2 2 2 2 2 2 2 2 2 2 2 2 2 2 2 2 2 2 2 2 2 2 2 2 2 2 2 2 2 2
left_child=4 2 8 -3 -1 29 41 10 11 -10 47 12 44 14 -13 16 19 -11 -12 21 -21 22 28 -24 48 26 -26 -27 50 30 -6 32 34 49 35 -18 -36 -14 -39 40 52 -7 43 -23 45 53 -30 -4 -22 -34 51 -15 -9 54 55 -2 -16 -58 59 61 -60 -59
right_child=1 3 7 -5 5 6 -8 39 9 17 18 13 37 15 56 -17 31 -19 -20 20 24 42 23 -25 25 27 -28 -29 46 -31 -32 -33 33 -35 36 -37 -38 38 -40 -41 -42 -43 -44 -45 -46 -47 -48 -49 -50 -51 -52 -53 -54 -55 -56 -57 57 58 60 -61 -62 -63
leaf_value=-0.050058841199739884 -0.050290468599323429 -0.13222575746629595 -0.038719688352051307 0.045792804205385139 0.027632267544790336 0.20120218241181065 -0.051940288205394647 0.025095692831053652 -0.17040735921154063 -0.088633439396079525 -0.014302080458353636 -0.058341757543735967 -0.051423162807714355 -0.050101573104525968 -0.0030002312499182314 0.050387874113376301 -0.075695953972378091 0.050891769874324769 0.039814327024153502 -0.047657389214000929 0.00047337556223659983 0.018107441297694326 -0.10372264791054164 -0.014838467220476069 -0.15166046776167902 0.045548415432981 0.0079077848819206539 -0.039547978088195407 -0.012306080801926852 -0.05086834728318719 -0.055112397883147993 0.044436833430264326 0.054160712420337348 -0.073010344202632693 -0.040213889965565811 0.054314337029075892 0.049336474080352216 0.082273068708436939 -0.030265071549437025 0.051971530172647766 0.052496784334716468 0.050980187003202893 0.043875608559670286 -0.074231136213839852 -0.053102594396922213 -0.080021640064406499 0.050203660262953212 0.038625959784799352 -0.074092758990038921 -0.024070777003408539 -0.02490839714679656 0.054806672199462315 -0.05571388660901086 0.019971456798085419 -0.050613182183018815 0.19338571566983734 0.1063816472973457 -0.05036424795409538 -0.051563465201937088 0.36667795276726811 0.0076788619909715075 0.12323457492982078
leaf_weight=22.425663913832977 0.27185218856902871 0.26020085066557186 3.1423415403114654 20.914287541992962 2.4306142750428972 0.18743467365857158 0.62456822878448282 0.86576613818760861 0.66207333514466782 0.35448817163705804 2.2653830859344453 4.2061082500149487 6.6394941610051301 0.54049023706466126 69.354470876511186 5.3468960560858241 0.75322623265674493 0.83018238842487335 4.8594458403531462 4.7462679460295467 1.2218509386293575 8.3432924333610554 1.2497591674327841 1.4133785627782345 0.51241805893369008 4.3136098622344434 1.0981421469477934 1.0093557694926856 1.3805233493912963 6.1444795524585061 2.0856103622936644 5.8127958212280637 1.1266846710350367 1.4418307077139618 0.57640545134199772 0.41411481756949797 5.3327816732926294 0.56370580836664919 2.1714961304096505 7.1518069761805236 1.7901587672531603 1.5205577144515698 4.0754856760613611 1.0223195999860752 1.0347779175499443 0.45106994174420911 2.8094340842217207 0.74179124506190408 1.2768933069892225 1.1213813161011783 4.9963364631985314 1.3621970942476762 1.1766897023189811 9.1501444299356063 1.3587283336673861 0.19321853836299852 1.3923046624404367 0.31780258979415243 1.8913201186223876 0.11794433183968067 8.1983632112387568 0.24111321568489075
leaf_count=25255 181 2 58 2817 373 4 334 19 18 21 33 1236 3640 431 2202 448 41 74 128 66 26 297 6 36 8 114 43 17 20 4770 738 263 28 29 72 19 311 23 79 497 17 137 127 13 193 4 46 62 17 29 316 137 26 586 794 6 73 133 305 3 104 1
internal_value=-0.000422929 0.00599387 0.0019033 0.0436052 -0.0395312 -0.021361 0.0354933 0.0222746 -0.000691018 -0.0552281 0.00618204 -0.000101524 -0.0143876 0.00199171 -0.00330111 0.00915937 0.00535539 0.00914174 0.0226077 -0.0019847 -0.0164117 0.00553755 -0.00752017 -0.0565501 -0.000689095 0.0126242 -0.0428607 0.0294122 0.00425489 -0.0338007 -0.0105795 0.0236718 0.0124608 -0.0193065 0.0290252 -0.0295747 0.0406014 -0.038483 -0.00707176 0.0384032 0.0130842 0.0674655 0.0188974 0.00802806 0.00374176 0.00889022 0.0296077 -0.0239482 -0.037631 0.0151372 -0.0111425 0.0250057 -0.0214599 0.0125448 -0.0247151 0.0509474 -0.000460999 0.0140229 0.00207924 0.0841462 -0.00342616 0.0245253
internal_weight=251.285 215.866 194.692 21.1745 35.4189 12.9933 2.33256 21.9934 172.699 1.84674 11.009 170.852 21.8345 149.017 85.7194 63.2979 57.951 1.18467 7.12483 41.3718 14.1785 27.1932 13.7521 2.66314 9.43227 6.93353 1.61056 5.32297 11.089 10.6607 4.51622 16.5792 10.7664 3.6899 7.07653 1.16734 5.90919 9.3747 2.7352 10.9844 3.83261 1.70799 13.4411 9.36561 12.4598 11.425 4.18996 3.88413 2.49874 2.24807 6.89902 1.90269 2.04246 10.9739 1.8238 0.465071 81.5133 12.1588 10.7665 0.67686 10.0897 0.558916
internal_count=47906 16295 13476 2819 31611 6356 475 840 12636 113 281 12523 5506 7017 4057 2960 2512 95 161 1720 291 1429 992 42 225 182 51 131 950 5881 1111 792 529 86 443 60 383 3742 102 559 62 141 437 310 1764 1571 66 120 43 57 884 568 45 1567 981 187 2821 619 546 137 409 134
is_linear=0
shrinkage=0.05


Tree=101
num_leaves=63
num_cat=0
split_feature=12 12 4 0 1 3 9 10 9 12 6 2 0 3 10 1 10 9 9 1 10 9 7 4 4 3 12 0 10 7 9 9 12 6 4 0 9 3 3 7 9 3 6 0 5 1 1 3 9 6 0 1 4 1 0 12 12 3 10 10 10 9
split_gain=23.7431 12.6264 3.81129 2.88192 2.68344 3.41729 2.37181 2.20515 1.97922 1.89574 4.14678 1.88514 3.59525 2.07827 5.11085 3.78256 2.86986 1.76779 1.81268 2.59467 1.70398 1.66993 2.87718 1.62114 2.4433 1.73705 2.85949 1.94392 1.67474 2.35292 3.04847 2.99152 1.59813 1.50487 2.02827 1.48792 1.93853 1.47392 2.07516 2.34844 1.77022 1.63447 1.54011 1.40383 2.74284 1.38883 1.36987 1.36853 1.34765 1.289 1.24918 1.55893 1.22852 1.19579 1.1109 1.10944 2.37 1.10804 1.32972 2.19119 1.15286 1.17635
threshold=0.33005851445960371 0.8381423536083954 0.91481481481481486 0.20761494252873564 0.70196414950419539 0.62316372152437738 0.37965517241379315 0.021507863089731735 0.13100686498855837 0.82397133745578044 0.43650793650793657 0.37884436160298235 0.26766169154228864 0.50242718446601953 0.86956521739130443 0.95040983606557383 0.19538706256627789 0.31622807017543864 0.36899313501144165 0.39857626443647959 0.079473684210526321 0.15470085470085473 0.34848484848484856 0.86037735849056607 0.87681770284510019 0.76980056980056988 0.68182276075382453 0.92422502870264067 0.056079664570230614 0.22649572649572652 0.037749287749287756 0.37394067796610175 0.53841480580355372 0.5634920634920636 0.83449741315594983 0.45867486338797819 0.53390804597701158 0.86319073083778985 0.82426470588235301 0.73214285714285732 0.046536796536796543 0.76028169014084523 0.17914438502673799 0.95311355311355328 0.61250000000000016 0.85566901408450702 0.40010638297872347 0.96051948051948066 0.18834459459459463 0.73863636363636376 0.57338551859099818 0.51835016835016845 0.8938673341677098 0.33349593495934965 0.34641025641025652 0.2470763638157524 0.26236848596636581 0.70859704641350219 0.051503094606542892 0.050641025641025648 0.21644144144144148 0.74443344878772899
decision_type=2 2 2 2 2 2 2 2 2 2 2 2 2 2 2 2 2 2 2 2 2 2 2 2 2 2 2 2 2 2 2 2 2 2 2 2 2 2 2 2 2 2 2 2 2 2 2 2 2 2 2 2 2 2 2 2 2 2 2 2 2 2
left_child=4 2 9 -3 -1 21 54 8 49 11 -11 12 46 14 -13 16 23 -10 -19 -20 -12 22 55 25 -25 26 32 -28 52 30 -30 -31 50 -14 -35 36 53 38 40 48 41 -18 -42 44 -27 -34 47 57 -40 -4 51 -15 -26 -9 -7 -6 -57 58 59 -2 61 -59
right_child=1 3 7 -5 5 6 -8 35 17 10 20 13 33 15 -16 -17 37 18 19 -21 -22 -23 -24 24 28 43 27 -29 29 31 -32 -33 45 34 -36 -37 -38 -39 39 -41 42 -43 -44 -45 -46 -47 -48 -49 -50 -51 -52 -53 -54 -55 -56 56 -58 60 -60 -61 -62 -63
leaf_value=-0.050056005544597416 -0.050276551444122942 -0.11493723446319351 -0.036243484586845426 0.045549811266924617 -0.053088538656241337 0.17267288456822311 -0.051853386600666157 0.023973221275215784 0.057962625337576214 -0.1412801096839536 -0.077513107083901675 -0.058315560589070642 -0.051252772616982203 -0.05009664579161123 -0.0004460125172067435 0.04999941954731061 -0.071260563850474398 -0.064977601085679904 -0.030663007530972966 0.051719996863682206 0.050848754513221697 -0.050837820337499923 -0.054989688001688256 -0.044409646111495588 0.00044978160741371211 0.017332323907009246 -0.099499371001397066 -0.013924126813421587 -0.13822837973296684 0.045450200579518846 0.0075381070132900189 -0.056987016396675277 -0.00051994218827785415 0.07665181208090513 -0.029140785996673975 0.05188336572969679 0.051389464786335715 0.043612294772730022 0.053629698872322155 -0.066281150710285786 -0.039204565555623114 0.05402314649179496 0.047903847040208565 0.04328629775243225 -0.06825849662351148 0.057722564676523917 -0.052962994602065487 -0.078062498941156633 -0.024379420357062878 0.037803315403375386 -0.023815338892693338 0.052089264352667246 -0.069470177401644614 -0.053839751311637631 0.049088764617585962 0.10464640328773547 -0.003770044167669176 -0.0059981895277708835 -0.050586195220653329 0.16631945683209248 0.042503099115435171 0.048635295139943496
leaf_weight=21.333129555743653 0.25866358086932351 0.28370010852813976 3.1879635382210858 19.997769153676927 0.37746954418253009 0.20691047271247898 0.59507826523622487 0.86111069703474541 2.2814695754786953 0.75585956126451392 0.38423720374703385 4.0027277473709537 6.336159337020943 0.51417951064650136 81.496845102403313 5.1246571419760576 0.75992507603950954 0.78554806718602765 1.6124090492958205 2.3468495039269328 0.79034510254859924 5.8482313708518632 1.9882104684947988 4.8362874684971748 1.2216495136963188 8.2821919466950913 1.2379540279507628 1.4304266981780529 0.53352258086670179 4.3458321141079068 1.09449240937829 0.85252992436289776 2.0324094472452998 0.57450200559105757 2.1432476959889755 6.8142781453207135 1.7386166676878927 5.6312125405529505 1.1074819441419097 1.5070155700668695 0.56205322098685417 0.39598807092988864 5.220561821362935 3.9281756891869 1.0552861196920265 2.062012417241931 0.98684025905095119 0.43956321105361063 1.1070719663985071 0.72058253735303868 4.9651895113056526 1.3616122499806804 1.2933239638805387 1.1572709470055995 1.500706302700564 0.84589404321741346 1.2474483307451008 4.6370236666989495 1.2931345212855374 0.2128544858423993 3.3067664098343812 1.25111317273695
leaf_count=25255 181 2 58 2817 71 4 334 19 55 18 21 1236 3640 431 2821 448 41 15 26 65 74 4770 738 66 26 297 6 36 8 116 43 15 29 23 79 497 17 263 36 29 72 19 311 127 13 37 193 4 21 62 316 137 17 26 137 53 249 425 794 6 119 42
internal_value=-0.000408087 0.00577774 0.00183089 0.0433049 -0.0392474 -0.0209617 0.0341073 0.0216712 0.00592896 -0.000659511 -0.0499281 -9.80659e-05 -0.0139544 0.00190972 -0.00315522 0.00884262 0.00516421 0.0217946 0.0044037 0.0181695 0.00885817 -0.0332644 -0.010216 -0.00188296 -0.0155624 0.00533496 -0.00721903 -0.0536254 -0.000627289 0.0122229 -0.0402315 0.0286505 0.00410474 -0.0379024 -0.00677741 0.0379548 0.0126918 0.02292 0.0119893 -0.0181328 0.0281457 -0.0283414 0.0394372 0.0182089 0.00765918 0.0288119 0.00355122 0.00844375 0.0146324 -0.0225922 -0.0106828 0.0240787 -0.0355065 -0.0206421 0.0640633 0.0258124 0.0400397 0.0119133 -0.0243774 0.0475 0.0188781 0.00561035
internal_weight=247.064 213.12 192.839 20.2815 33.9431 12.6099 2.3027 21.5061 10.9348 171.333 1.93044 169.402 21.4399 147.963 85.4996 62.463 57.3384 7.02628 4.74481 3.95926 1.17458 10.3073 4.45902 41.0471 14.1776 26.8694 13.6038 2.66838 9.34135 6.82638 1.62801 5.19836 10.9354 9.05391 2.71775 10.5713 3.757 16.2913 10.6601 3.72157 6.93853 1.15591 5.78262 13.2657 9.33748 4.09442 12.386 11.3991 2.21455 3.90855 6.84098 1.87579 2.51497 2.01838 1.70762 2.47081 2.09334 10.9596 1.76465 0.471518 9.1949 5.88814
internal_count=47906 16295 13476 2819 31611 6356 475 840 281 12636 113 12523 5506 7017 4057 2960 2512 161 106 91 95 5881 1111 1720 291 1429 992 42 225 182 51 131 950 3742 102 559 62 792 529 86 443 60 383 437 310 66 1764 1571 57 120 884 568 43 45 141 373 302 1567 981 187 586 467
is_linear=0
shrinkage=0.05


Tree=102
num_leaves=63
num_cat=0
split_feature=12 12 4 0 0 3 10 7 9 9 9 9 12 9 6 2 0 3 10 10 9 3 9 9 2 9 6 4 0 9 4 3 2 3 10 6 10 10 12 5 7 9 7 0 5 2 10 3 12 4 3 0 2 5 9 0 9 12 2 2 5 12
split_gain=22.3644 11.9931 3.53734 2.58453 2.3995 2.52916 2.11725 2.08764 2.41269 1.80763 1.66291 1.65413 1.63209 3.32633 2.27702 1.74155 3.38312 1.907 4.87359 2.67516 2.52218 2.55654 2.43059 1.96136 1.93485 1.53866 1.48412 1.81711 1.46669 1.79973 1.35354 3.36758 2.64769 1.23295 1.19724 1.15838 1.11696 1.92282 2.77929 3.04298 2.28519 1.8 1.60686 1.58737 1.2445 2.00399 1.70589 1.94317 2.29436 1.18166 1.15461 1.07641 2.08923 2.30646 2.72796 2.78374 1.23024 1.18448 1.46251 2.65628 1.61457 1.60058
threshold=0.33005851445960371 0.8381423536083954 0.91481481481481486 0.20761494252873564 0.74133811230585434 0.70299970299970316 0.021507863089731735 0.34848484848484856 0.15470085470085473 0.13100686498855837 0.31622807017543864 0.36899313501144165 0.82397133745578044 0.098780487804878067 0.43650793650793657 0.37884436160298235 0.26766169154228864 0.50242718446601953 0.86956521739130443 0.19538706256627789 0.031754032258064523 0.95587280986372503 0.04819976771196284 0.10762548262548265 0.94804318488529027 0.68042553191489374 0.5634920634920636 0.83449741315594983 0.45867486338797819 0.53390804597701158 0.82723908918406075 0.82426470588235301 0.9104278074866311 0.96051948051948066 0.093386627906976757 0.73863636363636376 0.18624359479700436 0.11451990632318503 0.7463963349126802 0.78888888888888908 0.73214285714285732 0.12660256410256412 0.41428571428571431 0.85934065934065951 0.080128205128205135 0.79682539682539699 0.087977296181630568 0.90521114106019773 0.47246239849638577 0.83883535819019694 0.85867895545314898 0.64346246973365628 0.67156862745098045 0.36931818181818188 0.074537037037037054 0.64747307373653695 0.11583184257602865 0.41240109490907895 0.78319623971797903 0.82972848596410509 0.44949494949494956 0.42618899527413706
decision_type=2 2 2 2 2 2 2 2 2 2 2 2 2 2 2 2 2 2 2 2 2 2 2 2 2 2 2 2 2 2 2 2 2 2 2 2 2 2 2 2 2 2 2 2 2 2 2 2 2 2 2 2 2 2 2 2 2 2 2 2 2 2
left_child=4 2 12 -3 -1 7 9 8 -6 35 -11 -12 15 -14 -15 16 33 18 -17 20 21 -19 34 24 -24 -13 -18 -28 29 -8 31 -21 -33 -2 -22 -4 37 38 39 41 42 -25 50 -38 -43 -46 47 48 -47 -44 -39 -20 53 54 -53 -56 -55 -54 60 -60 -59 -61
right_child=1 3 6 -5 5 -7 28 -9 -10 10 11 25 13 14 -16 17 26 19 51 30 22 -23 23 36 -26 -27 27 -29 -30 -31 -32 32 -34 -35 -36 -37 43 40 -40 -41 -42 44 49 -45 45 46 -48 -49 -50 -51 -52 52 57 56 55 -57 -58 58 59 61 -62 -63
leaf_value=-0.046791508110800878 0.0066753906374815014 -0.10150118399048091 -0.033957550276941383 0.045298871984282466 0.030987722589642077 0.068452421620847595 -0.019843814825393158 -0.052857982213375891 -0.051606515124421687 0.056928568586475284 -0.062181399095197445 0.039460904050725332 0.050603149843039014 -0.15077194441098582 -0.022407977446238854 -0.058284045409408736 -0.051069566167991236 0.039005936474127111 -0.05028236584352952 0.035244115007014049 0.0013998465918025034 -0.11500118930730448 0.048338290841852129 -0.075833759263119874 -0.0061250572928112671 -0.027626066106358718 0.071560620765592761 -0.028040135214495374 0.051798847858098102 0.050284711526089321 0.038080680643875764 0.047188047688961142 -0.056495096877716901 -0.072866349834846855 -0.06972275866134163 0.036958372342351241 -0.080706906818670057 -0.0065988815933070155 0.052118955058479202 -0.092211357272018124 0.051929390735365233 0.030105201340880405 0.0080052122091380951 0.0042980730756708337 -0.053479055699649773 -0.043757447171712378 -0.050477628774568642 -0.049778114118188277 0.041134366531819844 -0.050681426844544512 0.045809467328278904 0.34848589081536058 0.012615010555192655 -0.052093519294020098 0.22219630051122771 -0.050204392896694955 0.056459727937467369 -0.050544490934688192 -0.057034436718044805 -0.031294838264456566 0.039741344653115337 -0.0010392676774652789
leaf_weight=24.439390582556371 11.767229660763405 0.30460156500339763 3.2312871839385502 19.125216617248952 2.4197660944773802 0.8099315894069149 1.995722740888594 3.4534465816104785 1.3932892325101418 2.2086271906737238 0.77997629391029466 2.6226559993810956 0.62160432292148415 0.71378685906529404 0.66954006860032678 3.8095212532789438 6.0482279249699769 5.7878008337575002 1.0683291861787427 5.2152687218040246 0.85398278106003944 0.28262917604297388 3.8210288476548149 1.0367970609222599 2.8448139326646924 1.2678631795570252 0.58434191194828633 2.1166995808016509 6.4922516900114715 1.6892395392060278 9.299052552029023 0.82936628605239127 2.3903523404151201 0.50822902750223953 1.9266070107114499 0.70071542402729381 1.1268199394689866 2.0137081468710658 1.468535505235194 1.3274397645145644 2.9169972263043746 1.8861206978326652 1.5192106527974831 1.0713694696314631 2.4453666796325688 0.99962943349964906 1.4247606380376963 1.0969696864485738 3.9056798256933689 1.969970805570483 2.1980971619486809 0.12450562173034896 13.41539205185836 0.41254460311029084 0.17777728720102459 0.19852320110658184 0.71053193625994027 0.58308292389847283 2.4090837913099667 4.7535608985926947 3.2843226129189134 54.352013094117865
leaf_count=28712 1759 2 58 2817 281 15 45 1672 931 55 15 69 67 10 36 1236 3640 430 637 381 40 9 218 40 46 22 23 79 497 17 508 28 54 5 50 62 29 207 64 10 74 259 33 24 230 49 39 9 51 27 51 18 1200 34 9 102 51 90 112 75 51 442
internal_value=-0.000391411 0.00557255 0.00176494 0.0429975 -0.0389834 -0.0153558 0.0211309 -0.0246972 0.000807814 0.0057229 0.0211801 0.00427498 -0.000626173 -0.0454714 -0.0886429 -9.09294e-05 -0.0135507 0.00183471 -0.00300783 0.00853396 0.00191637 0.0318356 -0.00288162 0.000685771 0.0250947 0.0175982 -0.0373079 -0.00649256 0.0374986 0.0123041 0.0249247 0.0104209 -0.0297874 0.0033822 -0.0478794 -0.0213197 -0.00504181 -0.00217052 -0.0133467 -0.020154 0.0142404 -0.0126785 -3.55655e-05 -0.0392766 -0.00710982 -0.0142197 -0.00129354 0.0103813 0.0238347 -0.0251289 0.0207525 -0.00042375 0.000238579 0.0563764 0.145612 0.0784871 0.0165844 -0.000918327 -0.00369516 -0.0055702 0.0261291 -0.00347257
internal_weight=242.921 210.405 190.976 19.4298 32.5158 8.07643 20.9883 7.2665 3.81306 10.8111 6.87912 4.6705 169.987 2.00493 1.38333 167.982 21.0247 146.958 85.2992 61.6584 43.9243 6.07043 37.8539 35.0733 6.66584 3.89052 8.74927 2.70104 10.1772 3.68496 17.734 8.43499 3.21972 12.2755 2.78059 3.932 28.4075 26.2093 15.5913 14.1228 10.618 12.7953 7.70099 2.19819 11.7585 9.87241 7.42704 6.00228 4.90531 3.48918 4.21181 81.4897 80.4213 1.62388 0.500806 0.3763 1.12308 78.7975 65.3821 61.5147 3.86741 59.1056
internal_count=47906 16295 13476 2819 31611 2899 840 2884 1212 281 161 106 12636 113 46 12523 5506 7017 4057 2960 1989 439 1550 1460 264 91 3742 102 559 62 971 463 82 1764 90 120 1196 1143 751 687 392 677 318 53 637 378 148 109 100 60 258 2821 2184 214 129 111 85 1970 770 629 141 517
is_linear=0
shrinkage=0.05


Tree=103
num_leaves=63
num_cat=0
split_feature=12 12 4 0 0 3 10 7 9 9 9 0 9 2 0 7 2 5 12 3 5 5 5 7 3 12 0 0 2 9 0 5 9 9 4 0 2 12 7 6 4 9 9 2 12 9 6 3 5 3 12 6 9 9 7 7 5 0 9 9 9 9
split_gain=21.006 11.3911 3.27464 2.34162 2.34023 2.34869 2.02982 2.01703 2.23469 1.64599 1.56873 1.45422 1.66808 1.44854 3.2164 1.7806 2.34736 3.66243 2.26824 2.82099 2.2649 2.07247 1.65771 1.90043 2.16785 1.62339 1.52297 2.29682 1.52044 1.48544 1.46547 1.78285 2.29719 2.12622 1.62924 1.47347 2.41384 1.74515 1.73484 1.46201 1.62977 1.40837 1.98539 1.96878 1.72192 1.66889 1.31899 2.23652 2.12933 1.90601 3.08858 1.71706 2.02666 1.88049 1.85633 3.2687 1.88124 1.7937 1.73394 2.39391 1.77623 2.10344
threshold=0.33005851445960371 0.8381423536083954 0.91481481481481486 0.20761494252873564 0.74133811230585434 0.70299970299970316 0.021507863089731735 0.34848484848484856 0.15470085470085473 0.13100686498855837 0.31622807017543864 0.45867486338797819 0.53390804597701158 0.37884436160298235 0.26766169154228864 0.5277777777777779 0.95040983606557383 0.64583333333333337 0.68182276075382453 0.64747307373653695 0.44949494949494956 0.41428571428571431 0.080128205128205135 0.22649572649572652 0.92084377610693402 0.564035962815011 0.73375527426160347 0.75181159420289878 0.97014260249554385 0.29217479674796754 0.67041198501872667 0.31666666666666671 0.44862772695285019 0.45534290271132377 0.88024390243902451 0.86576576576576592 0.87026647966339421 0.41623381558328693 0.41428571428571431 0.5634920634920636 0.83449741315594983 0.36451048951048953 0.35634920634920642 0.92637759710930456 0.62790203878499784 0.14434523809523811 0.60769230769230786 0.90521114106019773 0.78888888888888908 0.89009661835748799 0.77970710046493774 0.43650793650793657 0.46737588652482276 0.43804824561403516 0.73214285714285732 0.81666666666666676 0.5634920634920636 0.90070422535211281 0.063164893617021281 0.2022727272727273 0.30690737833594983 0.39339826839826847
decision_type=2 2 2 2 2 2 2 2 2 2 2 2 2 2 2 2 2 2 2 2 2 2 2 2 2 2 2 2 2 2 2 2 2 2 2 2 2 2 2 2 2 2 2 2 2 2 2 2 2 2 2 2 2 2 2 2 2 2 2 2 2 2
left_child=4 2 13 -3 -1 7 9 8 -6 -4 -11 12 -8 14 -2 20 17 18 19 29 21 22 -15 24 26 -22 -24 -28 -18 -17 31 32 -25 -34 35 41 -37 -38 -39 -16 -41 42 43 44 -32 -45 47 49 -48 51 -51 52 53 54 57 56 -56 -30 -59 -60 -61 -62
right_child=1 3 6 -5 5 -7 11 -9 -10 10 -12 -13 -14 15 39 16 28 -19 -20 -21 25 -23 23 30 -26 -27 27 -29 46 -31 34 -33 33 -35 -36 36 37 38 -40 40 -42 -43 -44 45 -46 -47 48 -49 -50 50 -52 -53 -54 -55 55 -57 -58 58 59 60 61 -63
leaf_value=-0.046560251537118583 0.0033376149994934429 -0.090717818758398711 -0.020124973934366588 0.045039677068356342 0.028977302870706975 0.066801792614845437 -0.018882995037457401 -0.052788729791289249 -0.051546720635767089 0.055889998460416639 0.0041122523407396043 0.05171784722935549 0.04918046372905352 0.022959449872596776 -0.050872695134851556 -0.054388414120504075 0.066450005351571445 0.020384754516372099 -0.0982733385746275 0.054270872827434535 0.013219819654444171 -0.071406058122932214 -0.04387089625697687 -0.044512999739482258 -0.12095036000205694 0.04523070218260869 0.10107652741288792 -0.034690546009286907 0.055048933183391928 0.047231765104221585 -0.040885922471409542 0.066802389740172219 0.22099452375924869 0.016369973889045448 0.053015720507568226 0.13056498074478959 -0.055954891797527301 0.048911257770719113 -0.025807491621818193 0.066920753487659954 -0.026964264367550984 -0.059808628111566599 0.07855227397112452 0.12177069212480914 0.055129376521877597 -0.0079939435436155917 -0.0085010238419600606 0.040052670143462824 -0.12437013475908175 -0.0074162622190771235 -0.12317500702989709 0.027596447945676575 0.03630056483167534 -0.051259672680037595 -0.10300430481460386 -0.00094280121559797529 -0.026143598205251879 -0.032223401997260814 0.05809047412648384 -0.020936216427038978 0.053857654737477834 -0.023716976000748707
leaf_weight=23.360066898516383 12.323129716096448 0.32324710488319652 3.9545717992587033 18.294552480336279 2.4572660999838258 0.78898256120737631 1.9924928830005213 3.2892219083150849 1.3268365068943238 2.1389671604847535 4.6279804973164573 6.1850494183599949 1.642021309584379 7.2603573879459935 5.7749657323001866 4.1869601018261147 0.84624967025592823 2.9999440097017214 1.584107768256217 0.83495517075061787 16.33314348442946 0.98817445838358153 2.3285825353232243 1.1907958143274329 0.62205885571893293 5.2285359129309645 0.55034154187887885 0.71783559041796252 2.1599148066015887 0.39340112759964529 4.7517483991687168 1.7714207801036534 0.1761199544998816 0.45472130848793313 1.1325317523442198 0.40095157059840758 0.98908820352517057 1.9971068408340216 1.2714307378046215 0.59337173146195743 2.0917490175925195 1.8850461269030345 0.56753716582898039 0.41392933542374499 0.5178408259525894 0.61725779913831502 1.3864144114777435 3.3529425733722737 0.55532359704375256 1.8845609980635338 0.83000866882503022 5.1882775500416747 3.264603176736272 2.0440343866939648 0.87330579629633476 41.571830291242804 9.0070280599175003 2.4308653393527502 2.4338802275015032 4.2042145706363936 2.4511228734627371 1.3579504379304124
leaf_count=28712 1765 2 120 2817 281 15 45 1672 931 55 106 497 17 864 3640 220 43 68 17 20 489 129 808 540 7 263 23 48 86 17 746 176 8 53 43 17 119 51 28 23 79 233 17 20 13 42 46 149 32 45 29 227 62 39 23 843 227 29 38 59 47 26
internal_value=-0.000377393 0.00536428 0.00169463 0.0426826 -0.0386187 -0.0150233 0.0205443 -0.0241503 0.000742811 0.00550226 0.0204787 0.0369679 0.0118671 -0.00059927 -0.0129601 0.00113642 -0.0029096 -0.0258366 -0.045647 -0.0302526 0.0085699 -0.000174791 0.00220187 -0.00453928 -0.0347658 0.0209822 -0.0198602 0.0242273 -0.000238952 -0.0456604 0.00249147 0.0310862 -0.00364539 0.0734976 -0.00457256 -0.00943543 0.0132818 0.00223699 0.0198464 -0.0366996 -0.00621707 -0.0215257 -0.0110187 -0.0190867 -0.0314505 0.0440949 -0.000902928 4.94384e-05 -0.0416388 -0.00163345 -0.0428107 -0.000181531 -0.00218881 -0.00402224 -0.00257007 -0.00708667 -0.0329372 0.0128834 0.0058114 0.0146614 0.00147067 0.026202
internal_weight=239.173 207.951 189.333 18.6178 31.2224 7.86231 20.5411 7.07332 3.7841 10.7215 6.76695 9.81956 3.63451 168.792 20.7832 148.008 95.8419 9.99937 6.99942 5.41532 52.1666 30.6049 29.6167 22.3563 4.21882 21.5617 3.59676 1.26818 85.8425 4.58036 18.1375 3.59306 1.82164 0.630841 14.5445 13.4119 4.65858 4.25763 3.26854 8.46009 2.68512 8.75336 6.86831 6.30078 5.26959 1.03119 84.9963 83.0545 1.94174 79.7016 2.71457 76.987 71.7987 68.5341 66.4901 51.4522 9.88033 15.0379 12.878 10.4472 8.01329 3.80907
internal_count=47906 16295 13476 2819 31611 2899 840 2884 1212 281 161 559 62 12636 5507 7129 2392 342 274 257 4737 3985 3856 2992 886 752 879 71 2050 237 2106 777 601 61 1329 1286 215 198 79 3742 102 1071 838 821 759 62 2007 1929 78 1780 74 1706 1479 1417 1378 1093 250 285 199 170 132 73
is_linear=0
shrinkage=0.05


Tree=104
num_leaves=63
num_cat=0
split_feature=12 12 4 1 3 0 10 2 1 0 1 3 5 5 12 5 10 4 3 4 10 6 2 0 0 3 7 2 5 7 1 10 2 1 12 2 1 12 12 0 0 10 1 10 12 1 2 2 5 0 0 7 4 1 12 0 3 1 12 12 12 12
split_gain=19.7221 10.8157 3.02141 2.68786 3.10918 2.13825 1.95187 1.4851 1.47803 1.4412 1.37841 3.79526 2.71991 2.67772 2.67333 2.51159 1.61607 1.39217 1.40782 2.56007 2.14207 1.51709 1.97966 3.26495 1.67759 1.57855 1.66659 1.48214 1.45635 1.43243 1.48297 1.67994 1.55647 1.75916 1.59466 1.40704 1.39211 1.36263 1.98933 1.33317 2.41314 2.30839 2.64468 1.4153 1.71201 1.30907 1.2968 3.72578 2.73617 2.17269 5.39005 2.69241 1.64639 1.39618 1.27178 1.23113 1.22607 1.20356 1.17478 1.13429 1.99691 1.25507
threshold=0.33005851445960371 0.8381423536083954 0.91481481481481486 0.70196414950419539 0.62316372152437738 0.20761494252873564 0.021507863089731735 0.37089947089947101 0.70571428571428574 0.45867486338797819 0.95040983606557383 0.50926243567753005 0.86607142857142871 0.64583333333333337 0.82397133745578044 0.73214285714285732 0.10840188014101058 0.91214035087719303 0.86319073083778985 0.83883535819019694 0.19859154929577469 0.5634920634920636 0.41728855721393038 0.21164613661814111 0.18808962264150944 0.85867895545314898 0.087121212121212141 0.76277056277056288 0.19090909090909094 0.5277777777777779 0.85566901408450702 0.056079664570230614 0.78319623971797903 0.59417229729729737 0.35234992986299379 0.7748518762343648 0.53479313380281701 0.4529637053611924 0.5942586191961361 0.90521114106019773 0.92907444668008055 0.18942218080149117 0.58203812316715553 0.10300618921308578 0.76256394373381442 0.86552066772655012 0.95311355311355328 0.937885802469136 0.64583333333333337 0.90070422535211281 0.87386363636363651 0.73214285714285732 0.6866570760654559 0.81557067271353001 0.41623381558328693 0.35043859649122816 0.99473684210526325 0.85995058400718782 0.46130140466456354 0.37885717983644052 0.50040120607370453 0.33493757097548921
decision_type=2 2 2 2 2 2 2 2 2 2 2 2 2 2 2 2 2 2 2 2 2 2 2 2 2 2 2 2 2 2 2 2 2 2 2 2 2 2 2 2 2 2 2 2 2 2 2 2 2 2 2 2 2 2 2 2 2 2 2 2 2 2
left_child=3 2 10 -1 8 -3 -4 -6 -5 56 12 13 14 -12 17 45 -14 18 21 -20 39 22 23 24 -2 26 36 37 -28 30 31 -30 34 -34 -33 -36 -24 -22 -39 41 -41 42 -21 -42 -45 -16 47 48 52 50 51 53 -31 -48 -26 -9 -8 -32 -53 61 -61 -59
right_child=1 5 6 4 7 -7 9 55 -10 -11 11 -13 16 -15 15 -17 -18 -19 19 20 27 -23 25 -25 54 -27 28 -29 29 46 57 32 33 -35 35 -37 -38 38 -40 40 43 -43 -44 44 -46 -47 49 -49 -50 -51 -52 58 -54 -55 -56 -57 -58 59 -60 60 -62 -63
leaf_value=-0.05004861001549854 -0.017610944305082712 -0.0818445706117336 0.0052574122246650144 0.068777369437102318 -0.051293797056029183 0.044771923309361888 0.03928334575314002 0.16863685711760784 -0.035729152450328781 0.051640238183149979 0.058118061436821501 0.049383793114945201 -0.036350695221107447 -0.0097836722929765859 -0.075743706488925644 -0.13062470099267384 0.053587492443898321 -0.055605786064376911 0.049726191201109188 -0.016254057309466437 0.050852884447079943 0.036131662662474549 -0.050188393894536665 -0.043960067101248362 -0.050116161391248276 -0.050130329261432842 -0.053331679114916541 0.052371778839372586 -0.051834277439174618 -0.041301792874077446 0.083485528867179928 -0.05023669370362227 0.079487837321056853 -0.016142642320751421 0.014911087643968132 0.077745685658505037 0.049439687607946356 -0.049124636647932235 0.032275856810675414 -0.078964069258567388 -0.036145815871059091 -0.076841483208302211 0.03366720386472969 0.040308771081805618 -0.039687716169705289 0.051808252271462664 0.073522017399015482 -0.1024735105685623 0.036278721504975756 -0.007683216109506015 0.082446723949136116 -0.019518959428100006 0.043535881036426013 -0.026442576639900857 0.067835873261565593 0.039257928548330337 -0.019254102923803394 0.13377794733000442 -0.10116508529499152 -0.014647642180935574 0.040295051554033998 0.026424819112515575
leaf_weight=18.488519964506853 2.0591344753629515 0.33991539478302257 10.681055601104164 0.35156576475128432 0.40791479236213435 17.503794080577791 1.8805867907358316 0.20858575403690327 8.98411113565089 5.8920202511362731 1.6538063528714708 5.024791767820715 0.59157143090851549 11.893873662920669 0.36579688545316347 0.79432432819157839 3.2082059908425435 1.2258580974303175 3.225446238997395 4.9987553181126749 1.2307695799972851 2.2398265142110168 0.40896483097458203 7.6386551669565961 0.2712465306976809 1.758132857736199 1.441773727769031 3.007927292957902 1.5018769693560958 4.5821491050301102 0.76313344563823005 0.85621215833816933 0.50602064584381778 9.6861237524426524 9.7025523254997061 0.98101983452215868 2.4581898160395212 1.6265816004015508 1.3936759708449242 1.538702905178069 2.498475662432611 0.81955039629247117 5.653640917269513 2.077745559625328 0.98629161296412338 0.44691839022561908 0.87261428392957829 1.3178973569301886 2.1500885102432221 47.408160203951411 2.3729845680645667 0.92657761037116848 0.65341668971814204 0.5824295588536188 1.4511316573480142 1.5518922358751295 1.7059679755475372 0.40636778832413234 0.83998616691678762 3.7405797033570707 2.9643951891921461 0.82496170286322013
leaf_count=25255 416 2 281 66 300 2817 35 1 5815 497 23 484 29 190 13 20 94 25 127 186 84 78 266 4919 197 23 615 158 139 221 14 553 12 846 925 60 85 42 43 21 42 25 152 44 29 30 32 24 36 900 58 31 20 28 40 174 27 10 11 80 74 62
internal_value=-0.000364622 0.00515993 0.00162518 -0.0382416 -0.0192661 0.0423599 0.0199135 0.0346689 -0.0317936 0.0364289 -0.000574228 0.0122705 -0.00217468 -0.0014947 -0.00326708 -0.0673979 0.0395854 -0.00254964 -0.00209298 0.00772596 0.00248173 -0.00460972 -0.00543089 -0.0251497 0.0128471 -0.00317233 -0.00232946 0.0255127 -0.00346202 -0.00269418 0.0059023 -0.000690952 0.00284352 -0.0113948 0.015419 0.0206809 0.035229 0.00650785 -0.011563 -0.00651947 -0.0235458 0.00401996 0.0102411 -0.00821602 0.0145585 -0.0056019 -0.00714288 -0.0250301 -0.0112111 -0.00420563 0.0252632 -0.0168573 -0.0307138 0.0335079 0.0492603 0.0545871 0.0114396 0.023511 -0.058341 0.0177441 0.00964355 0.0618539
internal_weight=235.625 205.633 187.789 29.9926 11.5041 17.8437 20.1596 2.16839 9.33568 9.47858 167.629 18.5725 149.057 13.5477 145.257 1.60704 3.79978 143.65 142.424 29.0576 25.8321 113.367 111.127 11.4202 3.78151 99.7066 97.9485 7.25895 95.0813 93.6395 31.9332 23.2338 21.7319 10.1921 11.5398 10.6836 2.86715 4.25103 3.02026 18.5732 7.10122 11.4719 10.6524 5.56251 3.06404 0.812715 61.7063 8.70355 7.38565 53.0028 5.59459 3.22161 5.23557 1.45504 1.72238 1.76048 3.58655 8.69944 1.76656 7.9363 6.70497 1.23133
internal_count=47906 16295 13476 31611 6356 2819 840 475 5881 559 12636 697 11939 213 11816 63 123 11753 11728 953 826 10775 10697 5572 653 5125 5102 327 4751 4136 2775 2535 2396 858 1538 985 351 169 85 499 136 363 338 115 73 43 1361 301 277 1060 160 102 241 60 237 175 62 240 42 226 154 72
is_linear=0
shrinkage=0.05


Tree=105
num_leaves=63
num_cat=0
split_feature=12 12 1 9 3 10 5 1 9 5 3 1 12 12 9 12 3 6 1 7 5 1 1 5 9 5 7 1 7 12 2 9 5 9 1 1 2 1 9 3 9 3 5 12 4 9 12 5 9 1 10 10 10 9 1 2 7 9 9 1 2 9
split_gain=14.5408 10.2714 4.87601 2.84387 3.18827 2.43671 2.86474 2.07762 3.13324 2.80773 2.19556 2.1914 2.14032 1.99214 1.67822 2.70938 3.72481 3.31033 2.8232 2.21573 4.16211 2.26558 2.10419 2.07733 1.80993 5.02828 1.80909 1.73738 5.70985 1.71802 1.69157 4.53892 1.66523 1.60587 1.52009 1.48782 1.45765 1.41401 1.4091 1.96407 3.25738 2.616 4.4806 1.6726 1.55498 1.42521 2.97374 2.90117 1.49873 1.41409 1.56165 2.8057 2.74046 1.43181 1.38358 1.3759 1.37164 1.36208 1.77779 1.30604 1.56435 2.17596
threshold=0.33005851445960371 0.85051083766261704 0.68771551724137947 0.37965517241379315 0.62316372152437738 0.86956521739130443 0.73214285714285732 0.57071428571428584 0.23861283643892342 1.0000000180025095e-35 0.97937925170068041 0.17519181585677754 0.40406182188469625 0.33381607699057447 0.13423423423423428 0.72553614411503753 0.9099909990999101 0.26969696969696971 0.91503452605147528 0.78888888888888908 0.78888888888888908 0.99333333333333351 0.83373983739837421 0.78888888888888908 0.12372448979591838 0.58571428571428574 0.5277777777777779 0.91503452605147528 0.78888888888888908 0.50040120607370453 0.86425061425061434 0.19292803970223329 0.41428571428571431 0.15470085470085473 0.60906480721903211 0.89932432432432441 0.83935483870967753 0.22828571428571431 0.54226190476190483 0.94201680672268928 0.15075757575757578 0.96249413970932973 0.64583333333333337 0.53841480580355372 0.85251155947877277 0.16064516129032261 0.47246239849638577 0.64583333333333337 0.17712418300653598 0.85566901408450702 0.07362240289069559 0.18795289855072467 0.17274535809018571 0.16064516129032261 0.96178188899707895 0.59870129870129885 0.38750000000000007 0.22086720867208673 0.37638888888888894 0.31101010101010113 0.23845060412224592 0.46470099667774095
decision_type=2 2 2 2 2 2 2 2 2 2 2 2 2 2 2 2 2 2 2 2 2 2 2 2 2 2 2 2 2 2 2 2 2 2 2 2 2 2 2 2 2 2 2 2 2 2 2 2 2 2 2 2 2 2 2 2 2 2 2 2 2 2
left_child=2 7 -1 4 5 -4 33 8 11 34 13 -2 37 36 15 16 17 19 -18 24 35 -22 26 38 -15 -26 29 28 -17 30 -16 -32 -31 56 -9 -21 -11 -10 39 43 -41 42 -42 45 -40 46 47 -24 -47 -45 -51 52 57 -53 -20 -12 -7 -52 -59 60 61 -14
right_child=1 -3 3 -5 -6 6 -8 9 12 10 55 -13 59 14 22 27 18 -19 54 20 21 -23 23 -25 25 -27 -28 -29 -30 32 31 -33 -34 -35 -36 -37 -38 -39 44 40 41 -43 -44 49 -46 48 -48 -49 -50 50 51 53 -54 -55 -56 -57 -58 58 -60 -61 -62 -63
leaf_value=-0.050044839886077136 0.055883960077722429 0.043991706773202709 -0.050685269899967314 -0.050401302389913263 0.061484409782873055 0.040389702437851067 0.20116603882376805 -0.02260363167051815 0.060260579519174552 -0.016935230195975887 -0.068797070277673442 -0.048889246772225642 -0.052579310759920853 0.0067044525521342754 -0.047670197262986699 0.037387163035673521 -0.064146377133101021 0.0320548378525694 0.053466068099129717 -0.013742569576452977 0.0370542927894481 -0.010778092540094793 0.065688434490799988 -0.026643769100363219 -0.053493700569393871 0.12063503048139808 -0.054783005465105408 0.050980226344872176 -0.12768591565733559 -0.016257656327264943 0.28264329472276384 -0.036163184000302669 0.047718171612500263 -0.050277142751542436 0.045051108906117708 -0.083802949708045513 0.086229181143764863 -0.050139063531733266 -0.040731042267582653 -0.1686609921193285 0.021434059826004683 0.053786596179459294 -0.14427698479653264 -0.015277467619919636 0.034846992242338053 -0.061773250138426564 0.070364327221599396 -0.051384060062036177 -0.0024300296027491564 0.052422079259111388 0.049300719985135834 -0.016378831114163921 -0.089612669661542368 0.038866337741069269 -0.05402842918790051 0.050825370728258962 -0.026117886858438757 -0.042893771679225041 0.03316777274700107 -0.0048138843331524128 0.069714425791535653 0.025480126732508518
leaf_weight=17.268682053545493 0.54262607428245502 15.303231592755763 2.4683110775658843 3.096099777496419 1.9649242829182183 2.4048071673605595 0.18904911284334946 0.96976510807871719 0.3211201797821589 0.48427235108101641 0.26000158861279432 6.2175890503567643 1.1164632135769377 21.629724810016345 3.4600920080556516 2.6371283745393144 3.3819431122392407 10.319524910242761 0.96858879877254345 1.110660658334383 3.105265374062582 12.207859010784887 0.79624225932639037 6.9546420593396752 0.64313680795021255 1.1666634165449066 3.3440704501699647 5.2227847739122808 0.6537143513560294 2.3434611021075398 0.14888679079012934 0.44633420713944361 1.7971774009056387 1.0965883751050567 5.7715058652684093 2.3851003348245285 1.1687672474654389 2.9966848509502597 3.4017971053835927 0.39758780132979099 0.91849994985386751 0.89999335445463646 0.73381593124940991 2.9042600439861443 0.85077807650668535 1.1061291291844124 2.0247881922405213 1.5777445099083705 27.902839645103086 3.483497767243537 1.1704132971353818 1.3614983335137356 0.97364365402609099 8.4638171931728703 0.43324001831933856 3.1854594978503883 1.1440565765369681 1.9959567282348873 1.248935376293957 14.546572229941374 1.3564914162270723 4.4558316767215729
leaf_count=24936 23 2633 2186 3148 142 211 3 24 69 185 2 2589 61 931 786 147 40 385 39 24 57 211 24 157 85 12 114 525 5 38 17 66 30 758 337 38 76 2881 267 4 40 28 29 44 29 41 16 37 1428 92 36 22 19 126 26 400 165 34 23 829 72 100
internal_value=-0.000141418 0.00458514 -0.032883 -0.00891279 0.0049474 -0.0102647 0.0103725 0.00141063 -0.0103056 0.00374432 0.00234095 -0.0404794 -0.00207825 0.00142377 0.000808185 0.00673056 0.0028234 0.00666732 -0.0394166 0.000466204 -0.0123163 -0.00107842 -0.00402509 -0.000727388 0.0107234 0.058756 -0.0237904 0.0330509 0.00459598 -0.0111449 -0.0342766 0.0435821 0.01151 0.00260809 0.0353186 -0.0615436 0.0560063 -0.0394538 0.00216978 0.00420807 -0.0355387 -0.0148015 -0.0521605 0.00633949 -0.0256108 -0.000671343 0.0258494 -0.0121176 -0.00469282 0.0171818 0.0222236 0.0153093 -0.0136832 0.031211 0.0202445 0.0417984 0.0189495 0.00306038 -0.0136182 0.00369604 0.0215621 0.00984016
internal_weight=234.901 205.269 29.6325 12.3638 9.26774 7.30281 4.8345 189.965 31.5534 158.412 151.671 6.76022 24.7932 148.225 146.572 65.8653 57.3517 52.5679 4.78377 42.2484 18.8089 15.3131 80.7069 69.1669 23.4395 1.8098 11.54 8.51363 3.29084 8.19595 4.05531 0.595221 4.14064 4.64545 6.74127 3.49576 1.65304 3.31781 62.2122 57.9597 2.9499 2.55231 1.65232 55.0098 4.25258 33.4077 4.39877 2.37399 29.009 21.602 18.6978 15.2143 5.38895 9.82532 1.40183 3.44546 3.54886 4.41531 3.24489 21.4754 6.92879 5.57229
internal_count=47902 16353 31549 6613 3465 3323 1137 13720 6624 7096 6735 2612 4012 6333 6072 2525 1848 1743 105 1358 330 268 3547 2496 1028 97 1051 677 152 937 869 83 68 1134 361 62 261 2950 2339 2043 101 97 69 1942 296 1546 77 61 1469 396 352 260 112 148 65 402 376 93 57 1062 233 161
is_linear=0
shrinkage=0.05


Tree=106
num_leaves=63
num_cat=0
split_feature=12 12 1 9 3 10 5 1 9 5 3 2 12 12 9 12 3 7 1 1 4 5 1 7 9 9 2 9 9 12 1 6 10 1 5 1 9 1 6 12 2 1 2 3 9 4 5 9 9 9 12 1 9 6 4 12 12 10 6 10 5 12
split_gain=13.6499 9.74476 4.75221 2.70269 2.91881 2.31198 2.27999 1.90272 2.94341 2.61652 2.09201 2.08525 2.02076 1.77434 1.52699 2.57711 3.34645 3.07919 2.49198 1.94813 1.86488 1.81763 1.68594 5.13123 1.53181 1.78446 2.48977 4.20307 3.12091 2.53116 2.27226 1.86466 2.21607 2.60017 1.73022 1.57545 1.49933 1.46489 1.36504 1.35564 3.40849 1.32867 1.3026 1.29267 1.37114 1.7077 1.28168 1.34988 1.27875 2.33271 1.73921 1.27637 1.26769 1.92739 2.11084 5.75313 1.8519 1.44723 1.39744 1.35746 1.31238 1.6677
threshold=0.33005851445960371 0.85051083766261704 0.68771551724137947 0.37965517241379315 0.62316372152437738 0.86956521739130443 0.73214285714285732 0.57071428571428584 0.23861283643892342 1.0000000180025095e-35 0.97937925170068041 0.18350168350168358 0.40406182188469625 0.33381607699057447 0.13423423423423428 0.72553614411503753 0.9099909990999101 0.5634920634920636 0.91503452605147528 0.82097069597069605 0.88024390243902451 0.78888888888888908 0.91503452605147528 0.78888888888888908 0.12660256410256412 0.12372448979591838 0.95311355311355328 0.053342816500711245 0.087595907928388769 0.564035962815011 0.90064102564102566 0.26969696969696971 0.27055180180180188 0.96922348484848497 0.64583333333333337 0.95040983606557383 0.15470085470085473 0.67890835579514841 0.17914438502673799 0.40803154743279729 0.82842724978973936 0.22828571428571431 0.59870129870129885 0.96051948051948066 0.5300120048019209 0.85251155947877277 0.44949494949494956 0.21352583586626142 0.19478319783197837 0.15075757575757578 0.50040120607370453 0.96178188899707895 0.43364779874213844 0.57738095238095244 0.86037735849056607 0.76256394373381442 0.51711730126736499 0.18624359479700436 0.5634920634920636 0.15655637254901963 0.64583333333333337 0.4529637053611924
decision_type=2 2 2 2 2 2 2 2 2 2 2 2 2 2 2 2 2 2 2 2 2 2 2 2 2 2 2 2 2 2 2 2 2 2 2 2 2 2 2 2 2 2 2 2 2 2 2 2 2 2 2 2 2 2 2 2 2 2 2 2 2 2
left_child=2 7 -1 4 5 -4 36 8 11 37 13 -2 41 46 15 16 17 39 -18 20 -16 43 23 -17 25 26 34 30 -29 -30 -28 32 35 -34 -19 -32 -7 -9 -37 40 -15 -10 -12 44 52 -46 -11 -48 49 -23 -50 -20 53 54 56 -56 -21 59 60 -58 61 -54
right_child=1 -3 3 -5 -6 6 -8 9 12 10 42 -13 -14 14 19 22 18 24 51 21 -22 48 -24 -25 -26 -27 27 28 29 -31 31 -33 33 -35 -36 38 -38 -39 -40 -41 -42 -43 -44 -45 45 -47 47 -49 50 -51 -52 -53 58 -55 55 -57 57 -59 -60 -61 -62 -63
leaf_value=-0.050042678109739919 0.027182480138106258 0.043683385985945032 -0.05066011436604384 -0.050322395801572752 0.059120686916776813 0.017864951919766989 0.17040449208199962 -0.0020500269685486332 0.05668863380072079 -0.050163843929806932 -0.067641144778561632 -0.051606656797972994 0.0035170412423350173 -0.053430022614305343 -0.032647285028793487 0.036675278823839905 -0.059999356702647048 -0.055568510483298687 0.053296249208773794 -0.0057767316021042278 0.038473015016089976 0.010471216229035317 0.050933501158341735 -0.11929137619283221 0.042569833027149229 -0.05920296298661052 -0.057110818336351447 0.092525186644811241 -0.034047628194402373 0.058232484985113776 -0.10056248942214459 0.051217755236677015 0.044217379176623522 -0.0086307150157992375 -0.0010551896992853479 -0.062362369918797469 -0.050263830040846696 0.049770061487037449 0.051083509442409893 0.03026870543389127 0.044506188832153494 -0.050132457112820689 0.050787590234909467 -0.04658902940529764 -0.039015651610270215 0.035766072373912432 0.035414527041347316 0.13782418736437196 -0.062428388712486599 -0.076279079192290156 0.016999227793604389 -0.049428564975479324 0.0024314286978173948 0.051654386740313502 0.0042032184828717841 -0.1188458335999385 0.0083192667543963272 0.026300760888818022 -0.030240611507063437 -0.04814846036383133 0.00061149180789373144 0.062656774794875567
leaf_weight=16.427171054878276 0.98909731133608403 14.657063977327196 2.3490667472360638 2.9496044021798289 1.9419117143261244 3.5730761052691378 0.21135859750211228 1.9334854267071921 0.32420357258525045 0.25683272763853793 0.25143980607390348 5.5627993961679749 21.424681245815009 1.7700969784637011 8.5568852713331562 2.5559787200763808 3.4335295911878339 3.3007511057658148 0.92421174421906449 24.519634251308162 1.0329998969100405 1.1736670488025986 4.9725092500448227 0.66443520877510298 1.8031047993572418 1.4393194956937794 1.9361662535811834 2.0701331351301624 1.4711216777795928 1.5015691537410019 0.96013108588522755 1.6108746947720636 2.8868554368382311 12.011398548260331 2.6038286311086267 0.6028109616599977 1.0433764404733663 4.6285755957942456 0.47338909469544888 14.142577103571965 1.7836100337444802 2.8509009808767587 3.0323000932112336 1.3571212692186225 3.6657364383572704 0.96421743102837343 0.91959770442917921 0.49496942758560181 0.93760072597069699 2.2809324983973056 2.6015048059634864 0.44943905109539628 1.6796829668455737 1.8522249201778311 3.1545400638133279 1.3592218845151363 5.1437547979876408 11.229806065093726 1.1235975062008945 1.3419777634553609 2.6558287822408602 3.6414782775100321
leaf_count=24936 119 2633 2186 3148 142 376 3 61 69 198 2 2493 1062 438 957 147 40 144 39 1149 28 33 525 5 26 18 35 35 51 18 40 148 33 113 39 81 758 300 30 385 109 2881 400 37 309 35 39 24 43 42 39 26 316 74 50 30 98 150 24 25 40 68
internal_value=-0.000135761 0.00441383 -0.0325413 -0.00871887 0.00473839 -0.00997632 0.00981919 0.00135728 -0.00993153 0.00359495 0.00224822 -0.0397124 -0.00199971 0.00136837 0.000780513 0.00645397 0.00269585 0.00636084 -0.0372292 -0.00383953 -0.0249864 -0.000970419 0.0326803 0.00449627 -0.00230103 -0.00476257 -0.00226943 0.00449919 0.0453895 0.012565 -0.0055685 -0.000187426 -0.00507726 0.00160973 -0.031529 -0.0540008 0.00246699 0.0345015 -0.0124608 0.0233316 -0.00427571 -0.0392252 0.0417194 0.00168657 0.00273765 -0.0234419 0.0525919 0.0712486 -0.0251665 -0.0468065 -0.00404321 0.0196861 0.00483828 0.00163132 -0.000350627 -0.0328503 0.00312269 0.0154401 0.0219649 -0.0033646 0.0293182 0.043646
internal_weight=231.462 202.966 28.4956 12.0684 9.11879 7.17688 4.82781 188.309 31.1517 157.157 150.595 6.5519 24.5998 147.312 145.64 65.3678 57.1749 52.3677 4.80718 80.2724 9.58989 70.6825 8.19292 3.22041 34.6715 32.8683 31.429 25.5245 5.04282 2.97269 20.4816 18.5455 16.9346 14.8983 5.90458 2.03633 4.61645 6.56206 1.0762 17.6963 3.55371 3.1751 3.28374 63.6888 62.3317 4.62995 1.6714 1.41457 6.99371 3.4546 3.53911 1.37365 57.7017 48.6012 46.7489 4.51376 42.2352 17.7155 9.10059 6.48573 7.97699 5.32116
internal_count=47902 16353 31549 6613 3465 3323 1137 13720 6624 7096 6735 2612 4012 6333 6072 2525 1848 1743 105 3547 985 2562 677 152 811 785 767 584 104 69 480 445 297 146 183 151 1134 361 111 932 547 2950 402 2405 2368 344 261 63 157 75 82 65 2024 1576 1502 80 1422 273 448 123 424 384
is_linear=0
shrinkage=0.05


Tree=107
num_leaves=63
num_cat=0
split_feature=12 12 1 9 3 10 5 1 0 7 0 9 9 12 9 9 12 5 5 7 12 5 3 0 0 1 2 10 1 1 1 6 9 0 1 0 9 6 12 9 9 6 10 7 9 9 12 1 2 2 9 9 9 1 1 12 3 3 7 6 7 1
split_gain=12.8064 9.24024 4.63586 2.56936 2.66935 2.19528 1.87084 1.74024 2.89158 2.46724 2.8318 3.96558 1.82882 1.76671 3.73114 3.94943 1.70708 2.20314 3.17471 2.42752 1.99731 1.90304 2.04641 2.0514 1.85147 1.74863 2.23304 1.56753 1.53827 1.51509 3.86027 2.17672 3.61846 1.46494 1.4574 3.83275 3.38798 2.97187 1.48503 1.40066 1.3936 1.95205 4.21805 1.31989 1.93554 1.69276 1.85127 1.30391 1.29906 2.09058 2.72241 2.14828 1.98906 1.6527 1.23984 1.22427 1.22104 1.21333 1.21115 1.19773 1.15993 1.06195
threshold=0.33005851445960371 0.85051083766261704 0.68771551724137947 0.37965517241379315 0.62316372152437738 0.86956521739130443 0.73214285714285732 0.57071428571428584 0.27812939521800289 0.69047619047619058 0.967204301075269 0.033908045977011504 0.57735042735042741 0.65576731082107542 0.14434523809523811 0.15849282296650721 0.72553614411503753 1.0000000180025095e-35 0.44949494949494956 0.41428571428571431 0.33381607699057447 0.73214285714285732 0.90054945054945057 0.85934065934065951 0.54261501210653762 0.96178188899707895 0.95488466757123491 0.11696306429548566 0.7359237536656893 0.82838827838827844 0.85270009643201561 0.48076923076923084 0.080540540540540564 0.7593103448275863 0.36754443712969065 0.27072835547411828 0.86159003831417635 0.82575757575757591 0.41623381558328693 0.15470085470085473 0.18834459459459463 0.63068181818181823 0.099019607843137278 0.81666666666666676 0.13423423423423428 0.2022727272727273 0.5942586191961361 0.38876262626262631 0.74543037554004665 0.73401360544217698 0.13423423423423428 0.44562647754137119 0.50438596491228083 0.751623062015504 0.77581480353335375 0.40803154743279729 0.69360544217687081 0.74601568429041254 0.38750000000000007 0.55050505050505061 0.58571428571428574 0.94804318488529027
decision_type=2 2 2 2 2 2 2 2 2 2 2 2 2 2 2 2 2 2 2 2 2 2 2 2 2 2 2 2 2 2 2 2 2 2 2 2 2 2 2 2 2 2 2 2 2 2 2 2 2 2 2 2 2 2 2 2 2 2 2 2 2 2
left_child=2 7 -1 4 5 -4 39 8 34 16 11 -11 -10 43 -15 -16 17 -9 19 24 -20 22 23 -18 -19 26 -21 -14 -22 -13 -31 32 -32 -28 38 36 37 -36 -2 58 -17 61 -43 44 -12 -46 -47 -37 49 50 55 -52 -53 -50 -30 -26 -35 -34 -7 -25 -60 -42
right_child=1 -3 3 -5 -6 6 -8 9 12 10 13 29 27 14 15 40 21 18 20 25 28 -23 -24 59 48 -27 33 -29 54 30 31 -33 57 56 35 47 -38 -39 -40 -41 41 42 -44 -45 45 46 -48 -49 53 -51 51 52 -54 -55 -56 -57 -58 -59 60 -61 -62 -63
leaf_value=-0.050040614666654215 -0.0313216901176386 0.043365143372713792 -0.050635552712940096 -0.050239958970077464 0.056806740585561004 0.036518914504534171 0.14850127878110261 0.037901927375180382 -0.03581881202947057 -0.092743224271319341 0.03172090256492837 -0.058072252015489191 0.044903144273561818 0.044467546475922048 -0.082891527280317789 0.052979642594905708 -0.047552738912639864 -0.055002483679364868 0.070458644808007412 -0.061731749851265429 -0.021364342136623193 -0.085277875246746598 0.051279121108926934 0.052515380755385282 -0.050092777139621542 -0.18622910998634923 0.061725424756015945 -0.049728237269399074 0.040782818829004461 0.074607540590452756 0.065567871722444229 -0.058471588330954831 -0.057422628402732823 -0.050194482427328907 -0.037893871887475145 0.21302603607291523 0.055936435275545107 -0.15962856786652282 0.017446644664022081 -0.050251147886521075 0.052239586404302311 0.050912798612355786 -0.18530036283377749 -0.00020497285539100319 -0.077677915154796676 -0.035411130722417437 0.039211850953756268 0.045966844843390628 -0.071985368140351738 0.071434707999329036 -0.048145490131197038 0.067811873787706492 -0.052735515262031865 -0.0025514542719732806 0.0099165612817988004 0.063918319608512825 0.053864664778557093 0.021560220726821927 -0.058305169196528131 -0.029735456167657832 0.052610216369795119 -0.0032550495501252122
leaf_weight=15.626636587257964 1.79257093503839 14.041994684841482 2.235558068030512 2.8102400772040701 1.9205221475567666 2.4654852612875406 0.22987213172018517 5.2236849662731393 10.831130717706399 1.896207418583798 1.3486521178856481 1.5548285550903509 1.4170929963584051 6.3892592061310998 1.3991049993783216 1.4380451133474705 1.2776945652440157 1.502948259236297 1.3975727892247949 3.1142319646314709 3.6521132995840153 0.35292172431945878 5.8291476699523628 1.7209621253423395 0.2682280478766218 0.19640149176120747 0.73244577145669643 0.63312114641303185 3.5395338098751372 1.2962641001795416 1.4364008548436689 2.3262449824251235 1.7042474590707573 1.1381339145009404 2.201150297827553 0.181338692374993 0.71750795352272678 0.64922020211815823 12.083037351840174 0.99273454130161543 1.1180273620411751 0.34996159467846144 0.41088549792766571 34.737208264297806 1.6604684339254161 3.8415355961769819 1.0605762116611002 0.32818842463893816 0.96248756878776287 1.4778917371877467 2.4697635435732082 1.0162228214321656 0.51591845683287818 7.8210363382822834 40.24411866243463 1.9276300827041266 0.37472709082067002 0.68035348877310742 0.80514044174924471 0.59585117455571879 0.33328962861560285 3.7654759981669486
leaf_count=24936 1269 2633 2186 3148 142 211 3 262 4233 43 16 28 117 570 35 48 35 422 36 459 129 10 590 98 209 1 39 155 120 26 30 29 70 119 416 13 12 4 358 758 42 31 22 598 33 112 7 47 224 78 583 86 100 519 1013 65 9 12 154 33 11 105
internal_value=-0.00012978 0.00425025 -0.0321806 -0.00851438 0.00453962 -0.00967435 0.00929814 0.00130678 -0.00954591 0.00345511 -0.00365546 -0.0270294 -0.0276221 0.000771728 0.0156116 -0.00612605 0.0090241 0.00654272 0.00427862 -0.0108137 0.0115471 0.0287134 0.0329824 0.00331094 -0.00187961 -0.0396973 -0.0343276 0.0156803 0.00981138 -0.0131816 -0.00380468 -0.0203394 0.00287567 0.00368192 0.00342385 -0.0228561 -0.0411756 -0.065621 0.0111463 0.00233679 0.00903873 -0.00215636 -0.076651 -0.00440268 -0.0228343 -0.0340457 -0.0192664 0.105423 0.00297123 0.0179977 0.00525534 -0.0192916 0.0272199 -0.0101599 0.0124118 0.0499917 -0.0244196 -0.0348879 0.0168227 0.0313616 -0.0258333 0.00944987
internal_weight=228.061 200.642 27.4195 11.7928 8.9826 7.06208 4.82652 186.6 30.8344 155.765 68.4137 10.8945 12.8813 57.5192 14.8708 8.4815 87.3517 77.5751 72.3514 23.5181 48.8333 9.77658 9.42366 3.59451 17.9621 5.55594 5.35954 2.05021 47.4358 8.99834 7.44351 6.14725 3.821 2.24531 17.953 4.07741 3.56788 2.85037 13.8756 4.59665 7.0824 5.64435 0.760847 42.6484 7.91123 6.56258 4.90211 0.509527 16.4592 7.67565 6.19776 4.0019 1.53214 8.78352 43.7837 2.19586 1.51286 2.3846 3.60392 2.31681 1.13843 4.8835
internal_count=47902 16353 31549 6613 3465 3323 1137 13720 6624 7096 1857 238 4505 1619 853 283 5239 4473 4211 2913 1298 766 756 166 2286 627 626 272 1262 195 167 141 112 167 2119 492 432 420 1627 1134 248 200 53 766 168 152 119 60 1864 1121 1043 769 186 743 1133 274 128 82 376 131 165 147
is_linear=0
shrinkage=0.05


Tree=108
num_leaves=63
num_cat=0
split_feature=12 12 0 12 2 12 9 9 5 0 7 0 9 12 3 9 9 12 3 0 5 7 2 9 9 12 0 3 12 10 9 9 12 6 7 9 5 9 2 9 0 0 3 0 9 7 9 2 7 12 10 9 9 7 12 6 12 5 2 5 5 2
split_gain=12.0208 8.75934 3.35811 1.35023 2.0991 1.76651 1.61148 1.65886 1.58641 1.2542 1.2501 1.90102 3.8289 1.89212 1.69499 4.766 3.25725 1.86857 2.10061 1.66813 1.64833 2.35238 1.599 1.45038 4.04707 1.43475 2.36932 1.43369 2.59952 1.56444 1.42566 4.32291 2.11789 1.48954 2.08795 1.35631 1.31555 2.26392 2.08847 2.66274 2.04922 1.92579 1.81155 1.67265 1.83269 1.61678 1.47876 1.44695 1.394 1.51194 1.22576 1.20707 1.68408 1.78735 1.20222 1.1482 1.14379 1.41499 1.1345 1.12998 1.9987 2.47423
threshold=0.33005851445960371 0.85051083766261704 0.74133811230585434 0.40071428090983968 0.41728855721393038 0.33381607699057447 0.44862772695285019 0.45049019607843144 0.44949494949494956 0.3741666666666667 0.69047619047619058 0.967204301075269 0.033908045977011504 0.65576731082107542 0.54623154623154624 0.14434523809523811 0.15849282296650721 0.564035962815011 0.70859704641350219 0.88185443668993035 0.44949494949494956 0.41428571428571431 0.93218390804597706 0.22767145135566189 0.24780701754385967 0.44506849620047589 0.89512961508248245 0.83424908424908428 0.68182276075382453 0.40508365508365513 0.25962962962962971 0.26975051975051983 0.68182276075382453 0.48076923076923084 0.87301587301587313 0.080540540540540564 0.58571428571428574 1.0000000180025095e-35 0.82480818414322254 0.031754032258064523 0.84292763157894746 0.77058029689608654 0.64038834951456314 0.89512961508248245 0.053342816500711245 0.5277777777777779 0.09449404761904763 0.73401360544217698 0.58571428571428574 0.51711730126736499 0.15301003344481609 0.20881782945736438 0.20761494252873566 0.34848484848484856 0.53841480580355372 0.14835164835164838 0.564035962815011 0.81666666666666676 0.83935483870967753 0.31666666666666671 0.080128205128205135 0.45773809523809533
decision_type=2 2 2 2 2 2 2 2 2 2 2 2 2 2 2 2 2 2 2 2 2 2 2 2 2 2 2 2 2 2 2 2 2 2 2 2 2 2 2 2 2 2 2 2 2 2 2 2 2 2 2 2 2 2 2 2 2 2 2 2 2 2
left_child=2 3 -1 4 -2 58 -7 -8 9 -9 20 12 -12 19 56 55 -17 -18 -19 -14 21 59 -23 36 -25 26 -26 29 -29 -27 32 -32 -20 -33 -35 -24 37 41 46 42 45 -22 -40 48 -45 47 -38 -39 49 -42 -15 52 53 -4 -21 -16 -13 -58 -6 60 61 -5
right_child=1 -3 51 10 5 6 7 8 -10 -11 11 14 13 50 15 16 17 18 30 54 23 22 35 24 25 27 -28 28 -30 -31 31 33 -34 34 -36 -37 38 40 39 -41 43 -43 -44 44 -46 -47 -48 -49 -50 -51 -52 -53 -54 -55 -56 -57 57 -59 -60 -61 -62 -63
leaf_value=-0.043145401986264383 -0.042023429623354841 0.043036726695572243 0.02488772152935952 -5.8176184733222785e-05 -0.019310367639805745 -0.015012761861921804 0.15737915383187809 0.083015540403936383 0.059300563198619295 -0.041582815967034586 -0.092293357455642558 -0.010767694413545362 -0.032058163808984512 -0.0036841341850396324 -0.067976123842608233 -0.066376076991978825 0.06109782041422699 -0.087196232665835927 -0.032250738630616449 0.056511553559968432 -0.042619035663729453 -0.065712962940994352 -0.090051296576005857 -0.071471584072228908 0.040614753134750055 0.064611596896087198 -0.05772374001598285 -0.049929648550371623 0.030224409024621597 0.015207491096998444 -0.10333757765569092 0.052739909662704733 0.051960933809399736 0.052614273197654493 -0.075225226538402662 0.0084581946705247126 -0.047685225337206164 0.0059986101329742338 -0.015846540675698219 0.057576342670575313 -0.059232488212930812 0.061127118007684493 0.050853079488925826 -0.035361544730624792 0.036369099201834953 -0.027349233878622665 0.031052211532631213 0.059651971256772497 -0.081552662564389464 0.019859283268688677 -0.066765431505607445 -0.036998413225864488 0.13890649476925285 -0.035045601648230978 -0.0022212593559514868 0.051151913378953986 0.026697395084779973 -0.0095540530271107042 0.070793930123175433 0.020107719423536133 -0.022346731737419568 0.0413732717270546
leaf_weight=18.818720778566789 4.2217203529435237 13.456543584819881 3.3317143691820084 25.289292503322944 0.48717259854311379 13.61127385532018 0.2236230894341128 0.24418523325584862 1.1373900942271573 1.1681704845395868 1.6487348702503357 25.86349652451463 1.621093651978297 1.3590394416823985 0.20886460039764898 1.8696028096601356 1.3181124432012428 0.68023996800184061 1.0585238272324207 1.8794219424016776 0.52524263178930342 2.1217753201490259 0.41571504529565606 1.7263356635812694 0.94086476881056946 2.2630633071530593 1.7551229891832918 1.8898637746460734 2.1764994435943663 5.488982904702425 1.0439843665808441 1.3818339752033355 2.5338216088712215 0.54983973968774058 0.76208451017737389 2.1909119607880712 1.311355464626103 2.3552620504051429 2.7961655227700231 7.390310354763642 1.1545031489804394 3.0145822893828154 1.6007751175202427 1.5073314572218808 2.1759035792201757 1.3294961424544451 1.0936168120242653 2.6938804050441831 1.3297099084593353 1.2677593105472622 1.7770725013688204 1.9985273916972799 0.23636704991804425 1.9852116434485649 1.6243137307465074 6.4051913497969508 5.3999120965599996 5.3674164852127433 1.2348164195427669 8.4177868793485668 7.9901173233520231 4.2022414210950947
leaf_count=28624 4457 2633 394 1590 236 2751 6 3 57 326 32 272 24 28 2 38 16 9 21 44 13 151 11 28 26 46 45 20 118 50 12 37 120 29 35 87 30 50 29 172 16 165 180 34 70 28 31 68 18 47 23 1625 9 897 13 635 43 54 77 358 552 287
internal_value=-0.000125102 0.00408743 -0.0318425 0.00125579 -0.0102743 -0.00287165 -0.00793462 0.0268038 0.0153518 -0.0200407 0.00283748 -0.00258134 -0.0227242 -0.00883945 0.00108505 0.0137368 -0.00614031 0.00593212 -0.00314549 0.00987969 0.00638081 9.41393e-05 -0.0334854 0.0130413 0.000901052 0.00950902 -0.0234049 0.0170173 -0.00702761 0.0296301 0.00465451 -0.0169631 0.027147 0.016512 -0.0216465 -0.00725248 0.0192914 0.0100576 0.0305822 0.0392459 0.000915623 0.0457332 0.0084365 -0.0169215 0.00701397 0.0217073 -0.0118808 0.0346244 -0.0404184 -0.0178376 -0.039429 -0.00367641 0.00831556 0.00251007 0.0292833 0.04739 -0.00506697 0.00862637 0.0453023 0.00355339 -0.000164448 0.00584538
internal_weight=224.923 198.552 26.3705 185.095 22.3284 18.1066 16.3846 2.77337 2.54975 1.41236 162.767 64.3526 9.90968 8.26094 54.4429 17.8121 11.198 9.32844 8.01033 5.12483 98.4145 50.6278 4.7284 47.7866 16.2407 14.5144 2.69599 11.8184 4.06636 7.75205 7.33009 3.73774 3.59235 2.69376 1.31192 2.60663 31.5459 17.3537 14.1922 11.7873 13.8138 3.53982 4.39694 7.43521 3.68324 6.37864 2.40497 5.04914 3.75197 2.42226 3.13611 7.55182 5.55329 5.31693 3.50374 6.61406 36.6308 10.7673 1.72199 45.8994 37.4817 29.4915
internal_count=47902 16353 31549 13720 7913 3456 3143 392 386 329 5807 1487 164 132 1323 954 317 279 263 81 4320 3036 249 1284 333 305 71 234 138 96 254 113 141 101 64 98 951 509 442 381 331 178 209 185 104 146 61 118 81 63 51 2925 1300 1291 57 637 369 97 313 2787 2429 1877
is_linear=0
shrinkage=0.05


Tree=109
num_leaves=63
num_cat=0
split_feature=12 12 1 9 3 10 1 1 0 5 3 9 1 10 3 3 3 0 9 7 9 5 7 0 1 0 9 12 1 0 9 9 12 2 0 10 12 10 9 12 6 6 1 12 1 12 1 0 9 6 9 1 2 0 1 3 7 2 5 12 9 12
split_gain=11.1967 8.29822 4.54016 2.40184 2.53795 2.03831 1.58635 1.50804 2.68886 2.16056 1.91875 1.69613 1.45437 1.44945 1.39153 3.08746 2.42395 1.60751 1.39939 1.61807 3.3683 2.1222 2.18878 1.95962 3.06736 2.26921 3.22176 2.0198 2.01369 2.44215 1.926 4.01081 1.84358 1.76685 1.83518 1.6546 2.88154 2.53153 3.39594 3.40038 3.09476 1.72545 1.62884 1.91939 1.52615 1.4102 1.32906 3.40133 3.08648 2.3158 1.35899 1.58852 1.23381 1.16023 1.09045 1.08434 1.04821 2.4138 2.50312 2.11219 2.39885 1.89431
threshold=0.33005851445960371 0.85051083766261704 0.68771551724137947 0.37965517241379315 0.62316372152437738 0.86956521739130443 0.91503452605147528 0.57071428571428584 0.27812939521800289 1.0000000180025095e-35 0.97937925170068041 0.57735042735042741 0.67890835579514841 0.11696306429548566 0.96051948051948066 0.96511156186612579 0.9457002457002458 0.97752525252525257 0.54226190476190483 0.69047619047619058 0.46737588652482276 0.44949494949494956 0.41428571428571431 0.87386363636363651 0.85270009643201561 0.967204301075269 0.033908045977011504 0.77970710046493774 0.87090053763440867 0.92637759710930456 0.24037037037037037 0.22335600907029482 0.33381607699057447 0.95040983606557383 0.88185443668993035 0.10300618921308578 0.65576731082107542 0.02409988385598142 0.13840996168582378 0.65576731082107542 0.17914438502673799 0.14835164835164838 0.95040983606557383 0.3916285082623357 0.89442724458204348 0.76256394373381442 0.36754443712969065 0.27072835547411828 0.86159003831417635 0.82575757575757591 0.41967741935483877 0.23606811145510845 0.7593103448275863 0.60107526881720441 0.1956001912960306 0.98571136966727912 0.5277777777777779 0.90070422535211281 0.5634920634920636 0.50040120607370453 0.046536796536796543 0.53841480580355372
decision_type=2 2 2 2 2 2 2 2 2 2 2 2 2 2 2 2 2 2 2 2 2 2 2 2 2 2 2 2 2 2 2 2 2 2 2 2 2 2 2 2 2 2 2 2 2 2 2 2 2 2 2 2 2 2 2 2 2 2 2 2 2 2
left_child=2 7 -1 4 5 -4 52 8 46 12 14 -10 -9 -13 16 -16 18 -17 19 21 23 22 -11 -21 -25 26 -26 30 -28 -30 31 35 -23 -24 -35 37 41 -27 40 -40 -39 -37 43 -34 -31 -38 50 48 49 -48 51 -2 -7 -12 -52 -53 59 58 -58 60 -45 -60
right_child=1 -3 3 -5 -6 6 -8 9 11 10 53 13 -14 -15 15 17 -18 -19 -20 20 -22 32 33 24 25 27 28 -29 29 44 -32 -33 42 34 -36 36 45 38 39 -41 -42 -43 -44 56 -46 -47 47 -49 -50 -51 54 55 -54 -55 -56 -57 57 -59 61 -61 -62 -63
leaf_value=-0.050037031815391 0.022002172294172069 0.042697899040072936 -0.050647543730771072 -0.050077132631363402 0.056060526851755998 0.012925475566417525 0.049780233762712983 -0.0039312091432634781 -0.034777432758155986 0.0031088633900586598 -0.065414079297376401 0.043579761544769197 0.048761838066335217 -0.048990539995317973 -0.11135480885813105 -0.027590200942014861 0.05140892127024585 0.053158241143495148 -0.028084452098736459 -0.051206669257354592 0.078802397901742635 0.070916227393502271 -0.063460494098608378 0.085229589538601269 -0.096156096535112034 0.049859107581048966 0.026505118072935527 0.037160180277871088 -0.076913293701500754 -0.03546579889207039 -0.021148695756646171 0.088529271594327608 -0.022989590871715062 0.030125949909286721 -0.059059731482523727 -0.0072291930619710178 0.051983185639241584 -0.098912709863274967 -0.031814257588795296 -0.16958167722482953 0.05180030658796865 0.038137206564503416 0.046559693415460263 0.053233778141950495 0.063542182671398661 -0.031288761579877034 -0.036869781733276479 0.096665650481759874 0.055313945950875243 -0.14215696758730886 -0.074181265237222335 -0.058217867316797692 -0.050923895396457509 0.05075112972557061 0.023588691752422269 0.036694746765757617 -0.077173742834248119 0.013099086742039396 -0.049613689535956407 0.040048410871888623 -0.0098543773116928808 0.034348146980272214
leaf_weight=14.238300404744225 1.6998158480273624 12.899300599005072 2.0767779360758123 2.5735452880035146 1.8966204170137642 1.976420021208469 1.5744016636162994 1.9011918032192614 10.509391445317304 15.351632353733295 0.23314596340060179 1.3922195407794777 4.2077125685755163 0.60732717334758479 0.86921755596995298 2.1434296718798582 2.44023682642728 0.86511110607534636 3.9788490358623667 2.2429437089595003 1.2131283339112986 1.3323116444516916 2.6075418108957811 0.95618476788513262 1.5256664484040801 0.78258903976529737 1.9629781349794937 3.1716054412536314 1.8032627822831275 0.88139984471490584 12.310878553078508 1.2828964230138797 4.2746439856709904 1.497129633324221 0.93830830539809529 25.413813904044225 3.7015750920400015 0.49992064526304636 0.94800779264187418 0.84901558421552181 1.0689074378460643 2.2843025303445748 3.0637869397178283 1.950664487201722 0.69702611700631678 0.58937239460647095 2.1354236576007679 0.52762402477674175 0.69025753386085842 0.69134808704257 0.29390058660646801 1.8167952194344255 1.2259311185334807 2.7535975831560791 9.6237761928350647 0.36066378653049458 1.6254187005106384 19.421209462219849 1.1182105697225782 8.1545044584199768 6.6214713259832934 1.6826636600308118
leaf_count=24936 171 2633 2186 3148 142 631 26 61 4233 2040 2 117 300 155 29 47 223 40 310 48 22 32 456 21 30 38 37 274 35 24 235 24 433 104 51 325 198 38 36 11 71 82 136 26 21 36 416 60 12 4 16 647 480 400 788 5 34 313 44 225 151 33
internal_value=-0.00011657 0.00393354 -0.031245 -0.00761614 0.00487225 -0.00929341 0.00868604 0.00120954 -0.00897323 0.00322649 0.00201656 -0.0267465 0.0323629 0.0154632 0.00119452 -0.0283518 0.00201147 -0.00437085 0.00113674 0.00200554 -0.00372122 0.00728379 -0.00627928 -0.005311 -0.00361591 -0.00503716 -0.0320708 -0.00152639 -0.0137773 -0.0371601 -0.00399362 0.0016502 0.0129009 -0.0348583 -0.00423488 -0.00143404 0.00241878 -0.0311436 -0.0499774 -0.0969034 0.0037743 -0.00348776 0.0112877 0.00887809 0.0082557 0.0405456 0.0034892 -0.0217147 -0.0394741 -0.06262 0.0108789 -0.0142203 -0.0115175 0.0416832 0.0206914 -0.042497 0.0122355 0.00550491 -0.027816 0.0218314 0.00450188 0.000827537
internal_weight=222.027 196.465 25.562 11.3237 8.75015 6.85353 4.77675 183.566 30.3485 153.217 147.109 12.5089 6.1089 1.99955 144.122 3.87776 140.244 3.00854 137.804 133.825 64.1855 69.6395 20.3946 62.9723 60.7294 59.7732 6.87033 52.9029 5.34467 3.38169 49.7313 37.4204 49.2449 5.04298 2.43544 36.1375 31.9891 4.14844 3.36585 1.79702 1.56883 27.6981 47.9126 44.8488 1.57843 4.29095 17.8396 4.04465 3.51703 2.82677 13.795 3.87727 3.20235 2.98674 9.91768 2.17746 40.5741 23.8475 4.42629 16.7266 8.57214 2.80087
internal_count=47902 16353 31549 6613 3465 3323 1137 13720 6624 7096 6735 4505 361 272 6333 116 6217 87 5994 5684 1606 4078 2651 1584 1536 1515 147 1368 117 80 1094 859 1427 611 155 835 641 194 156 47 109 407 1395 1259 45 234 2119 492 432 420 1627 823 1111 402 804 652 826 424 111 402 177 77
is_linear=0
shrinkage=0.05


Tree=110
num_leaves=63
num_cat=0
split_feature=12 12 1 3 9 3 5 1 5 9 9 12 7 9 12 9 9 3 1 7 3 9 1 0 7 9 10 10 9 3 7 2 2 0 1 3 1 1 2 9 1 12 5 9 10 3 10 9 12 4 1 1 12 6 1 9 1 9 10 0 2 2
split_gain=9.84426 7.74082 3.69332 2.589 2.41069 1.55204 3.78035 3.23451 3.12211 1.95915 2.63417 2.70012 1.71813 8.72656 3.44232 6.1885 3.81542 2.20298 2.07719 2.97234 2.09892 1.92204 1.73193 1.71252 1.62413 2.12689 1.62367 4.45661 2.26044 2.79252 1.55228 1.89747 2.05771 1.49634 2.69893 1.67993 1.46067 1.61063 1.49455 1.4466 1.43069 1.34482 2.56023 1.28339 1.4535 2.46222 3.67168 2.08086 2.19059 1.79937 1.99452 1.51781 1.57978 1.48813 1.44683 1.93607 1.85748 1.57225 1.44285 1.32451 1.27471 3.01633
threshold=0.32011416283319866 0.87579263542427721 0.68771551724137947 0.64326765188834167 0.15470085470085473 0.70521390374331572 0.86607142857142871 0.65796007789678679 0.84523809523809534 0.52041666666666686 0.3504385964912281 0.62790203878499784 0.81666666666666676 0.046536796536796543 0.82397133745578044 0.34549071618037142 0.15470085470085473 0.71148775894538618 0.85566901408450702 0.58571428571428574 0.75123762376237635 0.16064516129032261 0.96922348484848497 0.64346246973365628 0.61250000000000016 0.25245098039215691 0.18795289855072467 0.17974358974358975 0.22767145135566189 0.91545844394527276 0.73214285714285732 0.91596045197740128 0.85215543412264738 0.7593103448275863 0.89932432432432441 0.68671792552389588 0.91503452605147528 0.7359237536656893 0.95311355311355328 0.37965517241379315 0.6671171171171173 0.32440830873568754 0.58571428571428574 0.65419580419580436 0.21975609756097564 0.86319073083778985 0.21103238866396765 0.42724867724867727 0.65576731082107542 0.86037735849056607 0.48873015873015879 0.85270009643201561 0.51711730126736499 0.43650793650793657 0.51325675675675686 0.036375661375661381 0.34205263157894739 0.5865817091454274 0.36626016260162603 0.32811353070712018 0.82842724978973936 0.84292763157894746
decision_type=2 2 2 2 2 2 2 2 2 2 2 2 2 2 2 2 2 2 2 2 2 2 2 2 2 2 2 2 2 2 2 2 2 2 2 2 2 2 2 2 2 2 2 2 2 2 2 2 2 2 2 2 2 2 2 2 2 2 2 2 2 2
left_child=2 5 -1 4 36 7 8 -2 12 10 40 23 17 -14 26 16 -16 -7 30 22 -21 -22 -20 -12 -23 -26 27 28 29 -15 31 32 43 -25 35 -35 37 -4 -38 -5 -9 42 -42 44 45 49 54 48 53 50 -19 52 -52 -46 56 -56 59 -58 -49 -47 -43 -62
right_child=1 -3 3 39 -6 6 -8 9 -10 -11 11 -13 13 14 15 -17 -18 18 19 20 21 24 -24 33 25 -27 -28 -29 -30 -31 -32 -33 -34 34 -36 -37 38 -39 -40 -41 41 60 -44 -45 47 46 -48 58 -50 -51 51 -53 -54 -55 55 -57 57 -59 -60 -61 61 -63
leaf_value=-0.050035435206660241 -0.038838306417969037 0.045378796016660956 0.030554969569564733 0.062710310120237395 -0.050623088195247891 0.055030970696727147 0.050568193183793089 0.076915387316700903 -0.1187309100446349 -0.043791842856273633 -0.030528084399159962 -0.089512997790792415 -0.12547705392539199 0.033026209178336187 -0.11945432255461629 -0.26513022513580559 0.051020931198299702 -0.051086311236208819 0.045560028614946756 -0.066691698931990812 0.040296701072170239 -0.080450118706626106 -0.061881062980165581 0.063004870514153308 -0.042070239184247023 0.019278309869341505 0.051797969424681067 -0.10653135115801116 0.05489281809252046 -0.046022169124434326 -0.071627168132980576 0.039600237243804737 -0.046261748702107391 -0.051314787795766294 0.034173217324519695 0.088843427451871126 0.080613484959358384 -0.051778741144692567 -0.050578713516502199 -0.046717416063178661 -0.051585176117730662 -0.022497540840745948 0.13225643309921126 -0.02026651017360144 0.016451465897032707 0.010776229180339691 -0.11197202404506233 0.059413408995353093 0.064968022816522225 -0.11263741732785704 -0.014338561421054908 -0.053965723042087715 0.050563120717618051 -0.053042416076187475 -0.024179059648217593 0.046827783277498689 -0.030943949328507116 0.044916888869320652 -0.025510756419216671 0.075478706306508603 0.071794583297433087 -0.0042165251156820946
leaf_weight=12.768431129661623 6.1998884702916248 10.046972278971223 1.0494129738071922 1.6054836378898469 3.7218254621257074 2.2905655301874495 4.3739180960692456 0.54423268861137231 0.52459525503218074 2.6712183240451841 1.2885764730744949 0.54294257238507349 1.5226806504651893 2.3068423550575954 0.55333470180630573 0.31234524119645346 0.80674543138593435 2.8364756140508707 8.2397338761948049 1.0132927391678084 3.3156729177571815 0.65732110431417812 0.39297322416678149 2.6861695123370728 1.9762571691535411 4.9550553783774376 2.1306287776678801 0.83582544792443503 2.3996996376663446 2.1665585935115814 0.76159319886937638 2.8815103506203732 2.5076442621648303 1.6304524103761648 7.4307063858141191 0.24605768918991078 0.95455961883999385 1.3687203644658437 0.28098999470239505 0.37199735798640166 0.31124935805564646 9.2686019386746903 0.48365943791577592 6.2660584892728357 1.3652585404342956 3.5884669192600978 0.59972743375692594 3.5715539127704687 0.92066476400941599 0.53724458045326162 1.9860833183047364 0.96581622754456464 1.7760949824005363 1.7678757560788652 1.1910033472813673 4.948982433474157 4.2695335604948923 0.81308023259043682 0.58159406518097956 1.0145932084415106 1.3309620705549594 67.331277011544444
leaf_count=23528 5862 2263 342 117 4720 188 655 93 7 373 373 4 10 64 28 16 82 1442 670 11 245 12 22 236 42 181 92 13 61 47 11 98 51 286 136 1 9 575 132 272 107 1141 28 262 294 125 16 129 49 14 116 104 43 120 29 252 171 19 38 14 95 1539
internal_value=-0.000916239 0.00261912 -0.0325499 -0.00867918 -0.0223005 0.00033266 0.00528303 -0.00383892 0.00285419 -0.00157307 -0.000361661 0.019778 0.00364138 -0.0129875 0.00189142 -0.0644271 -0.0183352 0.00682929 0.00514882 0.0183267 0.00214258 0.00853907 0.0406692 0.0242456 -0.00533668 0.0017866 0.0131635 0.00248559 0.0157429 -0.00525852 -0.000849061 0.000365289 -0.00235844 0.0301305 0.0206426 -0.0329365 0.00655022 -0.0160478 0.0507776 0.0421251 -0.00387407 -0.00443257 0.0602726 0.000464471 0.00443286 -0.00166174 0.00946431 0.0226471 -0.00283638 -0.0242186 -0.017939 0.0019472 0.016301 -0.0227606 0.0140662 0.0330542 0.0020293 -0.0188083 0.0475209 0.0250378 -0.00509258 -0.00274311
internal_weight=220.059 197.938 22.1214 9.35299 7.37551 187.891 85.9249 101.966 81.551 95.7661 93.0949 13.8249 81.0264 13.0347 11.512 1.67243 1.36008 67.9917 65.7012 20.5503 11.9176 10.9043 8.63271 13.282 7.58863 6.93131 9.83955 7.70893 6.8731 4.4734 45.1509 44.3893 41.5078 11.9934 9.30722 1.87651 3.65368 2.41813 1.23555 1.97748 79.27 78.7257 0.794909 39.0001 32.734 24.5271 16.4254 8.20695 4.0538 8.10171 7.56447 4.72799 3.76218 3.13313 15.8257 6.13999 9.68567 5.08261 4.15315 4.60306 77.9308 68.6622
internal_count=48075 18380 29695 6167 5778 16117 5843 10274 5188 4412 4039 1036 5181 413 403 126 110 4768 4580 1183 491 480 692 1032 235 223 277 185 172 111 3397 3386 3288 659 423 287 1058 917 141 389 3003 2910 135 3237 2975 2345 626 630 463 1719 1705 263 159 414 610 281 329 190 167 139 2775 1634
is_linear=0
shrinkage=0.05


Tree=111
num_leaves=63
num_cat=0
split_feature=12 12 1 9 5 1 9 2 3 5 5 4 12 4 3 3 3 3 6 5 10 10 10 2 3 5 10 6 0 1 5 12 12 1 9 12 1 9 1 12 10 2 0 9 9 12 6 1 3 9 2 0 5 9 9 5 9 2 0 0 9 9
split_gain=9.29488 7.13901 6.00752 3.12064 2.20744 1.97567 3.26535 1.63595 1.29529 3.2141 3.1608 1.74534 2.54609 1.82043 1.65164 1.51497 1.88908 1.72412 1.46804 1.45306 1.78277 1.31044 3.83706 1.45897 1.30751 1.35983 1.28272 1.20225 1.49256 1.33634 1.94469 1.32079 2.12559 1.36194 1.16613 2.02903 1.75407 1.60712 1.22563 1.23066 1.09032 1.03375 1.71243 1.68648 1.63373 2.63078 1.27946 2.28418 1.24733 1.16747 1.10664 1.44278 2.78156 1.78475 2.01714 2.6626 1.85397 1.73093 2.03835 2.4859 1.82167 1.91079
threshold=0.349530287857372 0.87579263542427721 0.68771551724137947 0.37965517241379315 1.0000000180025095e-35 0.89932432432432441 0.36754385964912284 0.95040983606557383 0.75123762376237635 0.86607142857142871 0.84523809523809534 0.86037735849056607 0.62790203878499784 0.86453119786453125 0.88047619047619063 0.87112743532417769 0.80925628678437678 0.95101959216313492 0.27922077922077926 0.78888888888888908 0.10566188197767147 0.29459980713596917 0.30094339622641514 0.39369100844510685 0.74256259204712816 0.58571428571428574 0.21483516483516488 0.21825396825396828 0.81302966101694929 0.76028169014084523 0.58571428571428574 0.26236848596636581 0.26180976732917122 0.70571428571428574 0.056079664570230614 0.72553614411503753 0.93361581920903958 0.059714795008912663 0.99333333333333351 0.62790203878499784 0.3047162859248343 0.22048611111111119 0.20761494252873564 0.52041666666666686 0.37965517241379315 0.62790203878499784 0.42261904761904767 0.83847248576850097 0.74037037037037046 0.38138528138528144 0.45773809523809533 0.92031746031746042 0.5634920634920636 0.15075757575757578 0.13680926916221037 0.78888888888888908 0.19098277608915909 0.90070422535211281 0.87386363636363651 0.7748518762343648 0.15075757575757578 0.1856158484065461
decision_type=2 2 2 2 2 2 2 2 2 2 2 2 2 2 2 2 2 2 2 2 2 2 2 2 2 2 2 2 2 2 2 2 2 2 2 2 2 2 2 2 2 2 2 2 2 2 2 2 2 2 2 2 2 2 2 2 2 2 2 2 2 2
left_child=2 8 -1 4 -4 27 7 -7 24 10 11 12 15 14 -13 16 26 -17 -18 40 -21 -14 -23 -24 34 -26 -10 29 -29 30 31 32 33 -6 35 36 -2 -36 39 -38 -15 -39 -43 44 50 46 47 -46 -45 -49 -44 57 -53 54 55 -54 -55 -52 59 -59 -60 -62
right_child=1 -3 3 -5 5 6 -8 -9 9 -11 -12 13 21 19 -16 17 18 -19 -20 20 -22 22 23 -25 25 -27 -28 28 -30 -31 -32 -33 -34 -35 37 -37 38 41 -40 -41 -42 42 43 48 45 -47 -48 49 -50 -51 51 52 53 56 -56 -57 -58 58 60 -61 61 -63
leaf_value=-0.05003525878335472 -0.025858225709954909 0.045136593207337844 0.06721493726285567 -0.050082795267954221 0.074948153855514885 0.066497479369525506 0.25344745183188017 -0.0097802823880011776 -0.00026003242326243448 0.05052451394323576 -0.12068200022833153 -0.088492619755126234 0.03971164169999044 0.00078415433043857322 0.0016568313363466377 0.038430643745336154 0.053190282540276725 -0.050883830959971177 -0.026315595267490496 -0.10378666691406019 0.0021201792404362974 -0.11647481996049827 -0.069756598295015848 0.054481034981125359 -0.064439462903459865 0.052311679841412488 0.051044167370226302 -0.050568205440537931 0.063226495375461655 -0.050540620285518617 0.13632001639984562 -0.050236789675719484 0.16852331133698595 -0.05466145577769721 0.063102567868453849 -0.10114906599934428 0.038592551353613926 -0.05038467443884237 -0.0072712395472441047 -0.020204862082240427 0.060880762262337886 0.085943919099961463 -0.050223280039897913 -0.043697524770672208 -0.050590682780687068 -0.077329349088735053 0.13752015402336623 0.10823942945542153 0.074922116543197498 0.025523581553481414 -0.00052707996846850901 -0.066328527801771911 -0.019488437099464673 -0.034887436277689782 0.056656928011478896 0.056637227390838089 -0.002440705185764707 0.077087318696372892 -0.0062386004830754316 -0.038717890606086131 0.11336079129512688 0.038025656828269409
leaf_weight=14.505724487622503 9.6201271305326426 9.6069805785082263 1.3772652547922906 2.924793114012572 0.3150219558738161 1.1689988218713556 0.15876023145392526 1.7631205458892509 3.6558955876389581 3.8217016435228279 0.50901191588491101 1.1380962997209274 9.5397932599298638 36.622584287950303 0.91780964727513481 4.0759985892800605 0.62544693797826667 0.622912854887545 8.0980485844193009 0.73644433123990782 0.8630264294333756 0.55771803343668525 0.28219350799918164 1.4533295920118687 1.4995912922313426 0.29915759479627002 1.8272696647327391 0.42381123785162322 0.90024498855927959 2.7612924218992703 0.23626370518468309 1.2123701875098047 0.2100239442079328 0.56838643603259698 1.0354778426699329 0.6082508834078898 3.3569838911062115 0.98958488955395196 12.461112673743628 1.2109780111350117 0.77061429782770474 0.58941808575764199 1.1431139868800517 2.9935876796371299 0.98487736243987001 0.67096737027168352 0.24532288312912065 0.44647437578532745 0.23933775740442786 9.5766200213693065 13.675623769522646 1.8583890717127349 4.2218789138132689 5.7936236019013476 2.2886227102135308 1.5779521748190743 18.335274113633204 0.63145895558409337 1.1370765042956916 1.7413343548541886 1.3500759509624916 2.2352854099590331
leaf_count=27398 625 2263 15 3514 84 20 7 486 521 619 5 11 442 1549 37 154 15 25 493 16 26 10 2 99 146 10 94 221 23 1990 11 918 9 253 49 33 63 523 191 21 40 29 1204 590 462 6 22 5 5 464 1501 71 51 82 43 35 273 28 31 75 16 51
internal_value=-0.000877238 0.00314724 -0.027477 -0.00413771 0.00797343 -0.000422207 0.0325891 0.0206307 0.000892851 0.00583705 0.00347479 0.00435514 0.0133645 -0.00239137 -0.0482476 0.00197987 -0.00616024 0.0265906 -0.0206153 2.64155e-05 -0.0466425 0.0315536 -0.00238356 0.0342802 -0.00276744 -0.0450221 0.0168371 -0.015818 0.0268025 -0.0264587 -0.000300031 -0.0142988 0.0255484 -0.00844289 -0.00201505 -0.0108522 -0.00879127 0.0012506 0.000850263 0.0230052 0.00202265 0.000369951 0.0010701 0.000366959 0.00204654 0.0188508 0.0245854 0.0220686 -0.034916 0.0292081 -0.0015323 -0.000517478 -0.00684888 -0.00341792 0.016908 0.00122297 -0.0102315 0.00986953 0.0299084 -0.00789926 0.0489048 0.0663933
internal_weight=217.069 188.542 28.5261 14.0204 11.0956 9.71829 3.09088 2.93212 178.935 76.1179 72.2962 71.7872 30.7386 41.0486 2.05591 18.9056 14.2067 4.69891 8.7235 38.9927 1.59947 11.833 2.29324 1.73552 102.818 1.79875 5.48317 6.62741 1.32406 5.30336 2.54207 2.3058 1.09343 0.883408 101.019 27.2575 26.6492 73.7614 17.0291 4.56796 37.3932 72.7259 71.7363 71.1469 67.914 11.9243 11.2533 11.008 3.23293 10.0231 55.9897 54.8466 34.0757 32.2174 8.08845 5.79983 24.1289 20.7709 7.09523 2.37279 4.72244 3.58536
internal_count=48075 13126 34949 7551 4037 4022 513 506 10863 4158 3539 3534 1855 1679 48 1302 1123 179 508 1631 42 553 111 101 6705 156 615 3509 244 3265 1275 1264 346 337 6549 933 900 5616 275 84 1589 5567 5044 5015 4420 959 953 931 595 469 3461 2257 555 484 129 86 355 1702 201 103 98 67
is_linear=0
shrinkage=0.05


Tree=112
num_leaves=63
num_cat=0
split_feature=12 12 1 3 9 3 1 1 9 9 12 0 7 1 3 1 12 7 9 9 10 2 0 1 3 1 0 1 1 2 3 3 9 0 1 10 3 3 10 3 1 9 1 9 9 12 10 9 12 12 12 7 2 2 0 2 12 2 7 6 4 2
split_gain=8.77526 6.95576 3.44168 2.29524 2.21899 1.32968 2.9145 2.50084 1.66859 2.15929 2.27076 1.45233 1.40507 3.8811 2.8483 2.16844 2.14398 4.10428 6.14738 5.57939 5.08903 1.9893 1.32115 2.37273 1.54853 1.2613 1.25346 1.25225 1.42825 1.3278 1.24808 2.48505 1.23959 1.23017 1.61663 1.2186 2.5347 2.329 2.00887 1.95571 1.94474 1.84423 1.59308 1.33018 2.24357 2.21459 1.29366 1.21697 1.14409 3.31248 1.13288 1.89358 1.16997 2.60858 2.66894 1.90895 2.21574 1.10337 1.08919 1.04277 1.65675 1.26418
threshold=0.32011416283319866 0.87579263542427721 0.68771551724137947 0.64326765188834167 0.15470085470085473 0.70521390374331572 0.65796007789678679 0.97332859174964448 0.52041666666666686 0.3504385964912281 0.62790203878499784 0.64346246973365628 0.5277777777777779 0.85566901408450702 0.71148775894538618 0.96922348484848497 0.82397133745578044 0.84523809523809534 0.10102040816326532 0.34549071618037142 0.021507863089731735 0.85934065934065951 0.7593103448275863 0.89932432432432441 0.68671792552389588 0.6671171171171173 0.37248718959400873 0.91503452605147528 0.7359237536656893 0.95311355311355328 0.75123762376237635 0.81302966101694929 0.37965517241379315 0.82972848596410509 0.80759615384615391 0.21975609756097564 0.87112743532417769 0.90521114106019773 0.21244358478401035 0.91545844394527276 0.71930794430794431 0.11583184257602865 0.49937500000000012 0.64760348583878014 0.42724867724867727 0.5942586191961361 0.36626016260162603 0.14434523809523811 0.42115187612069244 0.41623381558328693 0.32440830873568754 0.58571428571428574 0.82842724978973936 0.84292763157894746 0.83935483870967753 0.76277056277056288 0.43844543990564816 0.94804318488529027 0.11805555555555557 0.32291666666666669 0.57601438109912706 0.99333333333333351
decision_type=2 2 2 2 2 2 2 2 2 2 2 2 2 2 2 2 2 2 2 2 2 2 2 2 2 2 2 2 2 2 2 2 2 2 2 2 2 2 2 2 2 2 2 2 2 2 2 2 2 2 2 2 2 2 2 2 2 2 2 2 2 2
left_child=2 5 -1 4 27 6 59 12 9 25 11 26 13 14 -7 -15 30 21 20 -20 -19 -18 -13 24 -24 48 -11 28 -4 -29 47 -32 -5 -33 -35 36 -16 -38 39 -39 41 -41 -43 44 45 -37 -46 -14 49 -8 51 -27 55 54 -54 56 58 -36 -52 -2 -61 -62
right_child=1 -3 3 32 -6 7 8 -9 -10 10 -12 22 16 15 35 -17 17 18 19 -21 -22 -23 23 -25 -26 50 -28 29 -30 -31 31 33 -34 34 57 43 37 38 -40 40 -42 42 -44 -45 46 -47 -48 -49 -50 -51 52 -53 53 -55 -56 -57 -58 -59 -60 60 61 -63
leaf_value=-0.050032087901543822 -0.050487518152983059 0.044885729409465669 0.027307116441906268 0.059446147277896447 -0.050631870601693954 0.063837479281234705 -0.050107035540412216 0.050347019288776301 -0.041345125663358982 0.068844478482326971 -0.083573107319439122 0.057612243345536156 -0.061154167373028145 0.045139303511155783 -0.024704630859035168 -0.089080716845118854 -0.092262570681546988 -0.39581982547702721 0.020464135812483231 -0.18983339178425443 -0.11428640986471639 0.050648438328713422 -0.051288236719416937 0.030605350484924299 0.084645641022827733 -0.051684158080825549 -0.054877619065948194 0.076574733626776498 -0.051626034085780398 -0.05054541100061203 0.051918047950270246 0.056269874675782976 -0.045685230646821333 -0.084875175143711915 0.052400468323266017 -0.032505318454693642 0.034430606293872928 -0.06858650806401001 -0.090348560484513063 -0.05695660898076578 0.042532811458652647 -0.0049516025562043138 0.053224788812286906 -0.045060535517070052 0.057079029667270235 0.039075984510988641 -0.024440790448563468 0.004218937641744404 0.009379949884012917 0.32332660594044071 0.052899743925636428 0.11009342459297494 -0.050772841525262451 -0.0038539175062428186 0.10774176040565311 -0.050718147949542658 0.024134595360328619 -0.0044568463452610797 -0.051502254641814051 0.11022367520366075 -0.050836928494452094 0.07870083875505883
leaf_weight=11.55409025255358 4.2983798425993873 9.1882440631743503 1.0619872545939859 1.5444783702259881 3.3987006857641973 1.8059740657336067 0.10871288273483415 2.9299026899971059 2.5509059166070065 0.25785105733666103 0.53072036057710725 2.7566237783757961 1.5397435105405812 7.8307877301704121 10.809954044467306 0.31294764066115011 0.2984428727067997 0.22198377735912833 1.4222444063052533 0.4052703003399073 0.57966978428885341 1.3228427902795372 1.5699483407661317 7.5054564134916291 0.24177388846874226 0.27446622238494356 0.99349173228256404 0.91507414868101455 1.2448822504957204 0.26488333567976952 2.4254977747332331 0.8758802642114486 0.3425754538620821 0.60328864632174628 0.89669837336987512 2.6946053244755568 5.1163456017384332 0.99163976230192652 0.65104336413787756 1.4790819320478465 2.6680555852362877 8.8507075475645234 1.3571926380973298 0.8355039838934325 3.7817438968922943 1.8038649815134702 0.55854651838308189 1.3241061172448096 0.31987917050719261 0.13087107497267425 0.28267651586793219 0.53046433528652415 0.36073723336448793 67.192874135798775 1.0063260112656278 3.4689563836436719 3.1567463637329638 17.621108509600163 2.1492988913669251 0.26934949451242562 1.0067777414224108 0.23168922960758198
leaf_count=23528 5063 2263 342 117 4720 180 82 540 373 25 4 236 20 665 1943 11 10 4 116 17 50 173 286 136 1 98 348 9 575 132 109 21 272 7 51 398 191 41 12 38 193 165 46 47 130 81 37 26 9 2 30 37 84 1539 11 529 67 521 515 33 765 1
internal_value=-0.000845886 0.0024226 -0.0321047 -0.008493 -0.0218819 0.000316006 -0.00354419 0.00496558 -0.0014507 -0.000354525 0.0178513 0.0218909 0.00332577 0.00830802 0.00236527 0.0399815 -0.00536931 -0.038226 -0.0768086 -0.0261715 -0.192245 0.0243417 0.027205 0.0182086 -0.0331479 -0.00354838 -0.0293835 0.00614151 -0.0152885 0.0480381 0.000153679 0.0041236 0.0403606 -0.00167354 -0.00432775 -0.000303521 -0.00501451 0.00506641 -0.00432477 -0.000675429 0.00401584 -0.00477731 0.00278325 0.0152422 0.0209425 -0.00380156 0.0465883 -0.0309288 0.0712599 0.153879 -0.00408206 0.0549303 -0.00469405 -0.00246278 0.0659133 -0.0215831 -0.00349873 -0.00170361 -0.0393673 -0.0379376 -0.00216118 -0.0266033
internal_weight=214.725 194.398 20.3267 8.77258 6.88553 185.21 101.195 84.0147 95.3888 92.8379 13.8559 13.3251 81.0848 51.548 43.4043 8.14374 29.5368 4.25045 2.62917 1.82751 0.801654 1.62129 12.0738 9.31718 1.81172 78.982 1.25134 3.48683 2.30687 1.17996 25.2863 22.4225 1.88705 19.997 19.1211 41.5983 31.924 21.1141 15.9977 15.3467 14.355 11.687 10.2079 9.67426 8.83876 4.49847 4.34029 2.86385 0.559463 0.239584 78.4225 0.804931 77.6176 68.5599 1.36706 9.05768 5.58872 18.5178 2.43198 5.8062 1.50782 1.23847
internal_count=48075 18380 29695 6167 5778 16117 10274 5843 4412 4039 1036 1032 5303 4178 3502 676 1125 370 187 133 54 183 659 423 287 3003 373 1058 917 141 755 709 389 600 579 3322 2629 686 495 483 442 249 211 693 646 479 167 46 93 84 2910 135 2775 1634 95 1141 612 572 545 5862 799 766
is_linear=0
shrinkage=0.05


Tree=113
num_leaves=63
num_cat=0
split_feature=12 12 1 3 9 2 3 5 1 7 9 3 12 9 9 9 12 0 9 10 10 4 10 0 4 10 3 10 1 1 1 0 3 10 3 6 9 12 0 1 10 2 2 1 0 1 2 2 1 12 3 4 0 1 3 9 9 9 0 9 9 5
split_gain=8.27424 6.59048 3.33006 2.12876 2.12375 1.24096 1.45029 3.27408 2.63088 2.34588 7.14015 1.65328 1.58389 2.04737 1.51729 1.96253 2.07424 1.42495 2.15916 4.54536 2.82137 1.68806 1.50018 1.31314 1.29224 1.5441 2.2697 1.52938 1.68936 1.52401 2.27356 1.77075 1.91999 1.93932 1.67345 1.37734 1.3707 1.33938 1.26821 1.24199 1.22818 1.19098 1.56415 1.18455 1.17557 1.16506 1.3667 1.23109 1.16071 1.51865 1.31197 1.93661 1.14322 2.15454 1.45202 1.13459 1.08192 7.22658 1.60674 1.5979 1.7304 2.41511
threshold=0.32011416283319866 0.87579263542427721 0.68771551724137947 0.64326765188834167 0.15470085470085473 0.13446327683615822 0.70521390374331572 0.86607142857142871 0.65796007789678679 0.81666666666666676 0.10102040816326532 0.71148775894538618 0.76256394373381442 0.68042553191489374 0.52041666666666686 0.3504385964912281 0.62790203878499784 0.90070422535211281 0.25962962962962971 0.099019607843137278 0.13136324417601383 0.84775919732441485 0.036038961038961044 0.64346246973365628 0.97801932367149769 0.12933094384707292 0.95587280986372503 0.11696306429548566 0.83847248576850097 0.94804318488529027 0.85566901408450702 0.86576576576576592 0.87112743532417769 0.040408163265306128 0.96051948051948066 0.43650793650793657 0.68469785575048747 0.68182276075382453 0.93127066603684472 0.48626649905719682 0.088562091503267992 0.19139194139194141 0.22903981264637005 0.68410526315789488 0.37248718959400873 0.91503452605147528 0.69631093544137024 0.95311355311355328 0.91503452605147528 0.7463963349126802 0.87112743532417769 0.83096903096903107 0.7593103448275863 0.89932432432432441 0.68671792552389588 0.37965517241379315 0.29679679679679688 0.29217479674796754 0.67041198501872667 0.30860805860805868 0.32037735849056609 0.73214285714285732
decision_type=2 2 2 2 2 2 2 2 2 2 2 2 2 2 2 2 2 2 2 2 2 2 2 2 2 2 2 2 2 2 2 2 2 2 2 2 2 2 2 2 2 2 2 2 2 2 2 2 2 2 2 2 2 2 2 2 2 2 2 2 2 2
left_child=2 5 -1 4 45 -2 8 9 -7 11 -11 -8 24 -14 15 56 23 -12 20 -20 22 -21 38 44 25 27 36 29 39 30 31 32 -13 37 -31 -32 41 43 -19 -29 -24 -27 -43 -34 -17 46 -4 -47 49 50 51 -44 -25 54 -54 -5 57 58 -10 -58 61 -61
right_child=1 -3 3 55 -6 6 7 -9 14 10 17 12 13 -15 -16 16 -18 18 19 21 -22 -23 40 52 -26 26 -28 28 -30 34 35 -33 33 -35 -36 -37 -38 -39 -40 -41 -42 42 48 -45 -46 47 -48 -49 -50 -51 -52 -53 53 -55 -56 -57 59 -59 -60 60 -62 -63
leaf_value=-0.050030534541786402 -0.040287202450244586 0.04462592084121219 0.02740380587963262 0.057136333315986366 -0.050607337846123583 -0.037322198778360099 0.049446177591094737 0.050512826146018222 0.073734044576486774 -0.089257084172237627 0.056194622027662379 -0.02467900225266751 0.033435777485438259 -0.045141904350579458 -0.040043453323219978 0.066335048076298156 -0.080654477013088047 -0.037816097846761015 0.053202233922057501 -0.12864297195218158 0.051544605359402335 -0.035774755757981301 -0.079560262158557618 0.053804365387453174 0.033891043998433269 0.056272430288376023 -0.026918965638505876 -0.054897910041816093 -0.071835698523766409 -0.0085201175674779802 -0.0049479980347229748 -0.079175577711003739 -0.046076068092222144 0.03952297480269177 -0.093319786774995847 0.052733199752691168 -0.047285906171902023 0.039321387884294234 0.051875755054726393 0.03827598277764143 -0.0086031935661910943 -0.049308999307420748 0.018765801116558043 0.02327282930833011 -0.054693646134907993 0.074604266357085655 -0.050543373187364585 -0.050518976402520503 0.05184934080249827 -0.041232258187629135 0.036985214626903927 -0.036284188965673772 -0.05122985280060921 0.028928609855267795 0.081833724848108913 -0.045146330418024544 -0.066684880090657192 0.1170326000078406 -0.0044550440142193852 0.083359170002451896 -0.027988506247302633 -0.049510243124129653
leaf_weight=10.990923265344465 1.863483385532162 8.7897441864479315 1.0378956854110573 1.5270256155636159 3.2344719676766545 5.377479270566254 2.2586678760708301 3.8780747868586323 0.66324713948415492 2.6397727448493233 1.1060738181695313 6.1464607197558578 8.0385516062378848 0.92428203066811043 2.470766006386838 0.25472131097921635 0.5226379372179516 0.59672285616397824 0.89252640074119005 0.99439929053187348 2.6814634287729859 0.96337405918166041 1.0641880459152164 2.8075089022167949 3.1065246544312677 1.8784078726603279 3.6501129798125467 0.60690456462907538 1.8330133621930143 1.56255959207192 1.5974314184859384 0.82640967611223537 2.244328898726963 3.6078432749491185 0.92689623590558756 2.939118277747184 0.82799200981389631 1.0078235245309768 1.1607782258652151 0.87089615385048091 1.4283340098336337 0.91338679005275736 6.6851726752356608 0.84858274948783208 0.94495949486736208 0.89284694322850533 1.2273880952270699 0.25209334178362042 2.1907653035596004 1.1929893549531705 5.3679603419732311 2.0992738801869564 1.4919495561625806 7.5424763796618208 0.23768009245395649 0.32966073142597441 1.5757238196092647 1.2609801054932166 70.247155983874109 0.96273809880949535 3.5526268172543496 0.53043030260596424
leaf_count=23528 276 2263 127 117 4720 5717 182 655 57 29 23 1233 797 25 365 24 4 3 30 12 155 42 36 235 95 71 123 98 32 43 34 12 125 101 18 115 54 23 57 21 33 92 706 27 343 9 790 132 139 25 283 179 285 136 1 272 67 29 2531 55 252 12
internal_value=-0.000811078 0.00232985 -0.0318548 -0.00835649 -0.0215822 0.000307865 0.000723513 0.00567672 -0.00329841 0.00343833 -0.0154835 0.00742833 0.00589499 0.0253325 -0.00137382 -0.000341971 0.0170504 0.00240295 -0.00367953 -0.0403124 0.0113843 -0.0829447 -0.013954 0.0208958 0.00260361 0.000652852 0.00949253 -0.00811184 -0.0397664 -0.0032839 0.00148433 -0.00807544 -0.00383454 0.0127859 -0.0400935 0.0324222 0.0157747 -0.0107376 0.0214228 1.12424e-05 -0.0388985 0.0183433 0.0144816 -0.0270492 -0.0289963 0.00594701 -0.0148299 0.0470546 0.0178042 0.0129438 0.0175106 0.00561016 0.0258508 0.0173867 -0.0329447 0.0389757 -0.00338854 -0.00161386 -0.00372372 -0.0227317 -0.0090058 0.0361589
internal_weight=212.147 192.654 19.4923 8.50138 6.6447 183.865 182.001 81.5581 100.443 77.68 13.5276 64.1524 61.8937 8.96283 95.0656 92.5948 13.8019 10.8879 9.78179 2.8503 6.93149 1.95777 4.25002 13.2793 52.9309 49.8243 24.8061 25.0183 3.31081 21.7075 19.218 14.6814 13.855 7.70858 2.48946 4.53655 21.1559 4.10074 1.7575 1.4778 2.49252 20.328 18.4495 3.09291 1.19968 3.41022 2.26528 1.14494 17.5362 15.3454 14.1524 8.78445 12.0796 9.27211 1.72963 1.85669 78.7929 72.1714 70.9104 6.62152 5.0458 1.49317
internal_count=48075 18380 29695 6167 5778 16117 15841 5728 10113 5073 420 4653 4471 822 4396 4031 1028 391 368 84 284 54 129 1024 3649 3554 1672 1882 151 1731 1670 1521 1509 276 61 149 1549 175 60 119 69 1495 1424 152 367 1058 917 141 1332 1193 1168 885 657 422 286 389 3003 2617 2588 386 319 67
is_linear=0
shrinkage=0.05


Tree=114
num_leaves=63
num_cat=0
split_feature=12 12 1 3 9 2 3 5 1 7 9 3 12 9 9 12 0 9 10 10 10 10 0 0 0 1 7 7 9 1 1 1 12 1 10 10 0 5 1 9 9 9 9 2 3 1 1 1 2 12 9 9 2 9 1 12 12 12 7 2 12 9
split_gain=7.80215 6.242 3.22115 1.97428 2.03203 1.14344 1.33139 3.13347 2.46823 2.12515 6.26709 1.49489 1.48336 1.40025 1.7732 1.89242 1.34348 1.92704 3.97232 2.66962 1.50304 1.32778 1.19333 1.19285 1.10115 1.10105 2.8145 1.74316 1.72828 1.43015 1.30102 2.13281 1.95538 1.40597 1.58729 1.51893 1.44023 1.71926 1.40961 1.33141 1.30643 1.94106 1.47005 1.239 1.22495 1.36702 1.08491 1.30383 1.1429 1.06231 1.34534 1.578 1.32964 1.13554 2.97862 1.33158 1.20335 1.78814 1.49794 1.04851 1.04271 1.03814
threshold=0.32011416283319866 0.87579263542427721 0.68771551724137947 0.64326765188834167 0.15470085470085473 0.13446327683615822 0.70521390374331572 0.86607142857142871 0.65796007789678679 0.81666666666666676 0.10102040816326532 0.71148775894538618 0.8381423536083954 0.52041666666666686 0.3504385964912281 0.62790203878499784 0.90070422535211281 0.25962962962962971 0.099019607843137278 0.13136324417601383 0.19538706256627789 0.036038961038961044 0.93127066603684472 0.64346246973365628 0.37248718959400873 0.85566901408450702 0.58571428571428574 0.73214285714285732 0.043961352657004842 0.96922348484848497 0.3375811688311689 0.33166248955722649 0.65576731082107542 0.42708333333333337 0.24283374283374287 0.28165064102564108 0.82426470588235301 0.58571428571428574 0.82838827838827844 0.3874259381171824 0.75255102040816335 0.68042553191489374 0.62361111111111123 0.92907444668008055 0.90521114106019773 0.31101010101010113 0.91503452605147528 0.7359237536656893 0.95311355311355328 0.53841480580355372 0.35781671159029654 0.36754385964912284 0.66228070175438603 0.38138528138528144 0.89932432432432441 0.38132671929059309 0.39765987731153579 0.44506849620047589 0.5634920634920636 0.89825495415557544 0.62790203878499784 0.37965517241379315
decision_type=2 2 2 2 2 2 2 2 2 2 2 2 2 2 2 2 2 2 2 2 2 2 2 2 2 2 2 2 2 2 2 2 2 2 2 2 2 2 2 2 2 2 2 2 2 2 2 2 2 2 2 2 2 2 2 2 2 2 2 2 2 2
left_child=2 5 -1 4 46 -2 8 9 -7 11 -11 -8 25 14 -10 23 -12 19 -19 21 -20 22 -18 24 -16 30 29 28 -28 -27 31 32 39 34 40 -36 59 38 -38 -13 41 42 -32 -40 45 -41 47 -4 -48 50 -25 -52 -53 54 -54 -55 -57 -58 -59 -35 -37 -5
right_child=1 -3 3 61 -6 6 7 -9 13 10 16 12 -14 -15 15 -17 17 18 20 -21 -22 -23 -24 49 -26 26 27 -29 -30 -31 33 -33 -34 36 35 60 37 -39 43 44 -42 -43 -44 -45 -46 -47 48 -49 -50 -51 51 52 53 55 -56 56 57 58 -60 -61 -62 -63
leaf_value=-0.050029053253128897 -0.039055207963069952 0.044356885307060501 0.025026969058961186 0.054885054088609143 -0.05058349566699033 -0.036686845663071031 0.047199474417340764 0.050488224906682269 -0.0032249342825120841 -0.082802278437655197 0.055877052549809209 -0.052129775456980082 0.050543288790313813 -0.038856525611270308 0.063735484973557591 -0.077833279258198718 -0.036022978342679639 0.053042103285014922 -0.11733346720201021 0.051469126037688301 -0.031458458595504682 -0.035920073251440261 0.051783269621663366 0.076243314069249224 -0.054497980671655823 0.044185418122642352 0.051118310163748328 0.033399010858018538 -0.021515902219768162 -0.051891623471719606 -0.042475235882977733 0.062768044160995184 0.042322729376890647 0.0044016454750520654 0.061739045937585536 -0.052938770049637554 -0.073186955648575899 0.025525356507532473 -0.042768253745647057 0.036232684912304712 0.044284500172996455 -0.11093552710132792 0.037167756009513213 0.030431686625512717 -0.034209808832807519 -0.053855766817767915 0.072765269528228205 -0.051614195780736533 -0.050493815995044433 0.064788603352135862 -0.067326566251895592 0.092827270246388482 -0.05060651280071668 -0.051364652859018915 0.15642598014933595 0.068917325141540683 -0.036583796295667208 0.063437388243780618 0.0025068290970418419 0.051193042096126899 0.07184824951904685 -0.044577735947256378
leaf_weight=10.455190979206238 1.8270959998189926 8.4105111367534828 1.0785907894023683 1.5106071796035392 3.078138648008462 5.2015771527367169 2.2481490111676967 3.6906910277903071 78.725327044085134 2.7016094028949729 1.0579583304934175 1.4791848144668582 1.7888877938967187 2.4202331735577891 0.25192658836021553 0.51470765471458513 0.5951452404260632 0.85149572137743268 1.0468200729228558 2.5543331108056009 0.99276124220341433 2.5608901637606323 1.1060886941850185 0.93815012264531006 0.90201927095768042 6.8345912622753557 0.92507271096110155 2.6738556134514502 7.1407044734805822 0.41060148132964958 3.7719209261413225 1.9194037527486223 2.4159353356808424 16.449384068226216 0.92581150250043709 0.80121100894757524 1.6768672191537906 1.4414189322851596 1.4448807495646181 2.4934826258977414 0.45761298501747649 0.89488979839370575 0.6845494080625939 0.96361700631678093 1.5089551296550778 0.50665436728741031 0.87021743808872976 1.1429873954039065 0.23991508333710954 1.4424625895917422 0.56795619538752262 0.56548188795568322 0.28959474631119331 0.83949079510057334 0.43423100630752742 0.90968644456006575 1.6831866379361597 1.5573924408527089 2.8631139476783574 1.2912119152024377 0.21161879599094391 0.31748304839129549
leaf_count=23528 276 2263 342 117 4720 5717 182 655 3003 29 23 503 300 365 24 4 3 30 23 155 31 69 57 37 343 564 102 84 180 21 875 98 30 1012 61 159 23 51 33 136 14 26 34 24 26 63 9 575 132 11 38 28 64 295 9 43 74 28 30 51 1 272
internal_value=-0.000777211 0.00224211 -0.0316053 -0.00822282 -0.0212948 0.000300734 0.000698836 0.00548533 -0.00315107 0.00332346 -0.0147141 0.00715729 0.00568426 -0.00131303 -0.000330552 0.0162298 0.00237266 -0.00345842 -0.0376651 0.0110497 -0.075534 -0.013174 0.0210659 0.0198853 -0.0286855 0.00433154 0.0146588 -0.00158724 -0.0131854 0.0387405 -0.000161453 0.0152132 0.0043523 -0.00527903 -0.0237276 0.0154479 0.000863991 -0.0214234 -0.0379881 -0.0109666 -0.0368017 -0.0437356 -0.0302414 -0.0134817 0.00253671 0.0210188 0.00576486 -0.0144044 0.0461273 0.0245209 0.0190661 0.0135418 0.0185658 0.0136695 0.0735945 0.00814605 0.0152694 0.00727377 0.0239733 0.00780726 -0.026866 0.0376114
internal_weight=209.556 190.862 18.6931 8.23794 6.40985 182.452 180.625 80.5183 100.107 76.8276 13.4671 63.3605 61.1123 94.905 92.4847 13.7594 10.7655 9.70753 2.89108 6.81646 2.03958 4.26212 1.70123 13.2447 1.15395 59.3234 17.9848 10.7396 8.06578 7.24519 41.3386 10.3236 8.40421 31.015 7.74761 1.93864 23.2674 5.52678 4.08536 5.98828 5.80897 5.35136 4.45647 2.4085 4.50909 3.00014 3.33171 2.22158 1.11013 12.0907 10.6483 9.71013 9.14218 8.5767 0.723826 7.85287 7.01338 6.10369 4.42051 17.7406 1.01283 1.82809
internal_count=48075 18380 29695 6167 5778 16117 15841 5728 10113 5073 420 4653 4471 4396 4031 1028 391 368 84 284 54 129 60 1024 367 4171 951 366 282 585 3220 856 758 2364 1170 221 1194 131 80 728 949 935 909 57 225 199 1058 917 141 657 646 609 571 543 73 470 175 132 58 1063 160 389
is_linear=0
shrinkage=0.05


Tree=115
num_leaves=63
num_cat=0
split_feature=12 12 1 1 3 1 3 7 5 5 3 10 3 7 12 9 12 10 7 3 10 1 3 12 3 1 5 12 6 12 9 9 9 9 12 9 12 6 6 12 3 12 12 9 4 5 9 9 12 1 10 3 12 12 12 12 12 0 0 1 0 3
split_gain=9.96386 7.51272 2.39514 2.34552 1.87833 1.94961 1.69158 1.70522 1.6358 2.51388 1.60582 1.53406 1.48568 2.83047 3.98361 3.10299 2.82964 2.72057 2.27118 2.07359 1.6301 2.20202 1.49571 1.46147 1.40419 1.37914 2.0197 1.66635 1.42043 1.7011 1.30118 2.3632 1.41081 1.3342 1.28966 1.28288 1.27087 1.26325 1.46088 1.22936 1.50392 1.19382 1.61955 1.48317 1.1803 1.16565 1.13404 1.13011 1.10074 1.09468 1.08073 2.7932 1.05231 1.02141 1.23549 2.9976 1.00584 0.99151 0.975201 1.12898 2.2486 1.48782
threshold=0.33088999725441309 0.87579263542427721 0.68771551724137947 0.95040983606557383 0.62316372152437738 0.91503452605147528 0.50926243567753005 0.38750000000000007 0.86607142857142871 0.84523809523809534 0.74862637362637374 0.25227272727272732 0.90054945054945057 0.87301587301587313 0.8381423536083954 0.19478319783197837 0.85051083766261704 0.021507863089731735 0.44949494949494956 0.933879781420765 0.1181455633100698 0.71339285714285727 0.95419580419580441 0.77970710046493774 0.74256259204712816 0.91503452605147528 0.31666666666666671 0.41623381558328693 0.42261904761904767 0.42618899527413706 0.25962962962962971 0.23606811145510839 0.28708791208791212 0.067424242424242428 0.33381607699057447 0.12372448979591838 0.68182276075382453 0.5634920634920636 0.30384615384615393 0.5942586191961361 0.85313725490196091 0.48506832767546765 0.564035962815011 0.15470085470085473 0.88024390243902451 1.0000000180025095e-35 0.17712418300653598 0.18834459459459463 0.349530287857372 0.25047169811320763 0.54201977401129953 0.62563131313131326 0.72553614411503753 0.5942586191961361 0.46130140466456354 0.41623381558328693 0.76256394373381442 0.20169491525423733 0.57932875667429451 0.89932432432432441 0.91734972677595639 0.62316372152437738
decision_type=2 2 2 2 2 2 2 2 2 2 2 2 2 2 2 2 2 2 2 2 2 2 2 2 2 2 2 2 2 2 2 2 2 2 2 2 2 2 2 2 2 2 2 2 2 2 2 2 2 2 2 2 2 2 2 2 2 2 2 2 2 2
left_child=2 3 -1 8 5 -4 53 -8 9 10 24 12 23 18 15 -15 -16 -18 19 -14 49 22 -22 35 25 26 28 -27 -2 -30 31 33 -32 -29 -28 52 -20 38 -37 40 -13 46 47 -44 -40 -6 -35 -43 -36 -21 51 -10 -12 54 55 -5 -17 -51 -50 60 -60 -62
right_child=1 -3 4 6 45 -7 7 -9 50 -11 11 39 13 14 16 56 17 -19 36 20 21 -23 -24 -25 -26 27 34 30 29 -31 32 -33 -34 41 48 37 -38 -39 44 -41 -42 42 43 -45 -46 -47 -48 -49 58 57 -52 -53 -54 -55 -56 -57 -58 -59 59 -61 61 -63
leaf_value=-0.050027406013788557 -0.027797513859645257 0.050288874496927607 -0.042705621541494376 0.034699429674676728 0.071838364328014326 0.014414592936700638 -0.062273978654583555 0.049226351389377948 -0.08713705917454162 -0.11278260843152275 0.033135828149856786 0.045658079140362927 -0.038393172046354618 -0.049274168788635372 -0.26255567365344945 0.056344349034938616 -0.20371670587341134 0.050384846388754671 -0.012441468140975291 -0.055790309349467784 0.0020994628397525048 0.032216935313511295 -0.063464665584502103 0.051352600227418922 -0.067921368529925627 -0.049359862996713133 0.059528668787605092 -0.037177133158891471 0.077050036596777977 -0.051567097990482924 0.034961326700796568 -0.067020792317905017 -0.01346206850719945 -0.0044283587409254472 -0.050743752197819014 0.047288741881423402 0.041570394458579241 0.03188062715083622 -0.01315887194801648 0.044008025849982736 -0.012599349353199799 -0.041516057400662637 0.039663840867661448 -0.018269883727529947 0.031386120327655781 -0.0072463649476767651 0.050791674245788891 -0.0014466960761735882 0.06185703880366529 0.053497938559271686 0.064379879468622003 0.050828118234723475 -0.023333654452504571 -0.017765928163572371 0.024529701452944412 -0.067795621121149049 -0.019825946022432227 0.010049058783890882 0.0026654659274016747 0.014979557818990873 -0.050830376416817126 0.047560569985518865
leaf_weight=10.734917454043172 8.7476487120438815 8.0948088550940138 5.3184604280686454 1.5224338197149365 0.86789408768527199 2.0773426967207342 0.36855877679772575 4.9255522924941033 0.54054623283445757 0.50763024017214675 5.9152095931349384 1.6649850097019205 4.1235517678433196 3.5604409470688543 0.30408062040805806 1.2416210048831997 0.19010122492909431 0.23624482611194253 1.4385930951684702 0.54335726599674572 1.3318880095030174 1.4165653516538439 2.5076416665688157 1.9543414670042683 0.90312680433271353 2.9715608290280242 1.0212426731595758 3.7340624834178113 0.73115222938940749 0.39649402711074799 2.9898692637216291 2.0316275546792886 3.0270470015238971 2.0444685956463213 0.94307022797875006 1.2572919499652986 4.482799033401534 2.7354104534024364 14.672825745132288 4.0462844758294523 3.3103782170219347 4.5391515081282687 2.3326445091515779 2.098747506737709 1.6547949698287983 1.0060124703450126 1.7052928591147063 2.8737532878294587 0.71287732827477057 1.5700661633163679 1.548975104931742 1.1417651164811102 0.95872257603332389 2.9586707064881912 8.7035395530983788 1.3423229923937468 0.66582809295505274 8.0210556345991773 25.365259165526371 13.251710418378932 3.2418610181775871 0.43588036485016335
leaf_count=25227 5797 2277 5739 92 10 382 24 771 30 6 422 180 165 60 12 26 3 37 26 8 30 138 35 158 97 238 95 36 149 48 22 19 27 38 428 72 373 102 1083 262 133 36 32 22 35 480 17 18 23 18 12 135 28 40 65 29 32 344 1442 197 176 6
internal_value=-0.000406687 0.00317105 -0.0339504 0.00104576 -0.0153323 -0.0266616 0.017268 0.0414641 -0.000968399 -0.00169587 -0.00133416 0.00430155 0.0014459 -0.00605783 -0.0363553 -0.0217049 -0.146027 -0.0629152 0.0013253 -0.00690494 0.00153161 -0.0210637 -0.0407212 0.0095894 -0.0059033 -0.00524587 -0.000513757 -0.013798 -0.0209891 0.0318267 -0.00993802 -0.0157235 0.0106 -0.0103315 0.00398239 0.00658805 0.0284483 0.000271753 -0.00464515 0.0235412 0.00689626 -0.00390317 -0.0116873 0.0122259 -0.00864426 0.0293815 0.0206843 -0.0259824 0.00269171 0.0132503 0.0342449 0.0064983 0.0252599 0.00845019 0.0151551 -0.0133261 0.0297558 0.0171616 0.00386344 0.00288596 -0.0026321 -0.0391692
internal_weight=207.562 187.557 20.0046 179.463 9.26971 7.3958 19.8211 5.29411 159.642 156.41 155.903 69.8041 60.7824 31.6338 6.19832 5.46789 0.730427 0.426346 25.4355 19.5141 15.3906 5.2561 3.83953 29.1486 86.0985 85.1954 54.8472 30.3482 9.87529 1.12765 27.3767 21.3597 6.01692 19.3281 44.9719 27.1943 5.92139 20.3203 17.5849 9.02165 4.97536 15.5941 11.8443 4.43139 16.3276 1.87391 3.74976 7.4129 43.9507 10.1345 3.23129 1.68231 6.87393 14.527 11.5683 2.86476 1.90745 9.59112 43.0076 42.2947 29.043 3.67774
internal_count=48064 16226 31838 13949 6611 6121 1021 795 12928 12751 12745 3782 3207 1307 170 118 52 40 1137 738 573 203 65 1900 8963 8866 8361 505 5994 197 267 218 49 199 2367 1742 399 1292 1190 575 313 163 108 54 1118 490 55 54 2272 370 177 165 450 226 186 121 58 362 1844 1821 1624 182
is_linear=0
shrinkage=0.05


Tree=116
num_leaves=63
num_cat=0
split_feature=12 12 1 1 3 1 3 7 2 12 6 1 5 5 3 1 10 9 12 3 2 0 9 9 7 9 2 12 12 9 2 9 9 1 2 0 1 1 5 2 12 0 1 7 7 12 7 9 0 9 12 9 9 2 1 1 12 7 1 6 10 9
split_gain=9.34781 7.16773 2.36232 2.14449 1.73796 1.85136 1.6321 1.58661 1.53999 2.26664 1.70125 1.59933 1.52714 2.19582 1.56054 1.61663 1.43717 1.35314 1.24751 1.60228 1.23737 3.21779 2.54705 2.24992 2.04028 1.75064 1.52553 1.62059 1.72085 2.03686 1.99316 1.57991 1.87617 1.47032 1.45289 1.44911 2.43957 4.50506 2.33572 2.07574 3.18592 1.52569 1.4474 1.35744 1.31452 1.31347 1.30198 2.17332 1.39247 1.68362 1.25845 1.15596 1.6204 1.8686 1.79728 1.35512 2.10166 1.8662 1.1208 1.12027 1.09706 3.05249
threshold=0.33088999725441309 0.87579263542427721 0.68771551724137947 0.95040983606557383 0.62316372152437738 0.91503452605147528 0.50926243567753005 0.38750000000000007 0.15535444947209656 0.85051083766261704 0.94444444444444453 0.23606811145510845 0.86607142857142871 0.84523809523809534 0.74862637362637374 0.26692708333333343 0.21483516483516488 0.76833631484794285 0.5942586191961361 0.78319623971797903 0.82842724978973936 0.89512961508248245 0.25962962962962971 0.23606811145510839 0.87301587301587313 0.27842377260981915 0.78629976580796257 0.40071428090983968 0.42115187612069244 0.267479674796748 0.7748518762343648 0.38379705400982006 0.029857397504456332 0.89932432432432441 0.73401360544217698 0.80259740259740275 0.76913919413919418 0.77581480353335375 0.58571428571428574 0.8452991452991454 0.51711730126736499 0.57338551859099818 0.83847248576850097 0.21111111111111114 0.44949494949494956 0.50040120607370453 0.5634920634920636 0.067424242424242428 0.91596045197740128 0.04819976771196284 0.5942586191961361 0.29679679679679688 0.11834733893557424 0.85934065934065951 0.84871050934880721 0.82402885682574922 0.40803154743279729 0.41428571428571431 0.27719031531531541 0.30384615384615393 0.18441295546558709 0.54226190476190483
decision_type=2 2 2 2 2 2 2 2 2 2 2 2 2 2 2 2 2 2 2 2 2 2 2 2 2 2 2 2 2 2 2 2 2 2 2 2 2 2 2 2 2 2 2 2 2 2 2 2 2 2 2 2 2 2 2 2 2 2 2 2 2 2
left_child=2 3 -1 8 5 -4 -5 -8 9 10 -2 -10 13 14 20 -16 17 59 19 -18 26 24 23 46 35 -24 27 42 30 34 31 32 -29 50 44 36 41 -38 51 -40 -41 -22 -13 -44 45 -30 48 -48 -23 -50 -27 52 53 -37 55 56 57 -54 -21 -17 -61 -62
right_child=1 -3 4 6 -6 -7 7 -9 11 -11 -12 12 -14 -15 15 16 18 -19 -20 58 21 22 25 -25 -26 33 -28 28 29 -31 -32 -33 -34 -35 -36 38 37 -39 39 40 -42 -43 43 -45 -46 -47 47 -49 49 -51 -52 -53 54 -55 -56 -57 -58 -59 -60 60 61 -63
leaf_value=-0.050026074459546571 -0.045394339431832284 0.050275840628298644 -0.042267804174221553 0.0080530678432721263 0.028199372142457227 0.013649853892176732 -0.057500945899454647 0.048839226099743165 0.046810446353942978 -0.20759405963913316 0.054733736415488912 -0.050682346800338299 0.033929467372248105 -0.10367058328552994 -0.061683566415208051 0.035420593118463253 0.060687969336437934 0.053322504879438126 0.038605274295834047 0.073372936425099788 0.069113174821268622 0.062934819845121434 0.049991285411824009 -0.062561236377804377 0.094735389521779872 -0.057719327829386671 -0.051683589627711135 0.099993812892080813 -0.031459558955467537 -0.045094584234373042 0.18788780584186157 0.069673318312926544 -0.045885900188347484 0.0049763781653926024 -0.039130703421015579 0.026280977702925708 0.25986687066293229 0.028256508868671138 0.10486018495544816 -0.028242837922485428 0.097025368391450761 -0.051119724495714516 0.041254265169795107 -0.050625163041313738 0.068496979285668433 0.031426006517451636 -0.046302163076005431 -0.0094212313264531566 0.052670781141913425 -0.063295524306335366 0.056282127214413717 -0.052636725242751571 0.24849977825458308 -0.057413666272157375 0.084259628974873435 -0.053071924723982804 -0.0017141685285078177 0.04831425191561968 -0.0078502244528184766 0.0013171356513973398 -0.010602016173070748 -0.14615461913305391
leaf_weight=10.211633845581675 2.1503948021563701 7.7019663387909523 5.1101675643585605 14.493687101523394 1.8558139994565861 2.0838682341272943 0.378914306871592 4.72154470696114 1.7844928792910639 0.18284370005130757 0.52848168462514866 3.7680324481334599 3.1018425617949097 0.52418222662527014 0.90599653247045253 2.1964029383670995 1.1952043237397427 1.2426704672398035 5.4514147117733955 0.45629352389369149 0.47591901000123182 1.1043756878934865 1.9585252005490499 2.5558247838052912 0.82762118329992596 1.6493236179230759 2.6897585841361424 0.28271853062324204 1.4376707572373546 2.8830513945431449 0.19962177576962847 1.0186700359918175 0.99999191105598584 17.416192917211447 1.3513866175198925 1.0294407118926741 0.33386109542334441 0.56571220461046323 0.96609829983208273 1.4070666301995518 0.79397445917129505 0.59213225735584274 1.0209377380961084 0.66309483745135356 1.0656138672493396 1.9655867007095364 5.008522326184905 19.729251198587008 0.5467740320600567 0.73198105028131977 0.28372145444154728 1.1735441397177053 0.16492244781693521 1.8936651767580768 0.87474849639693264 0.79886716871988017 2.109972421079874 0.39587943238439038 6.1392602793057449 43.441981727519305 3.9597309412492896 0.46397978480672453
leaf_count=25227 369 2277 5739 226 490 382 24 771 129 1 7 4354 177 6 66 86 96 31 394 7 12 12 42 63 20 130 421 14 267 478 11 174 291 313 79 32 6 51 12 51 6 124 359 280 20 64 84 377 13 29 4 141 18 72 23 57 40 54 324 2408 219 10
internal_value=-0.00038634 0.00305165 -0.0335419 0.0010089 -0.0149415 -0.0260704 0.0166135 0.0409392 -0.000920679 -0.0372668 -0.0256413 -0.000252208 -0.000798214 -0.00151296 -0.00115641 0.00464262 0.00557359 0.00178317 0.020259 0.00742156 -0.00563587 -0.00234933 -0.00824474 -0.0177143 0.0185189 0.00494418 -0.016744 -0.0111018 -0.000222426 -0.0107266 0.0363315 0.0231855 -0.013733 0.000384519 0.00629743 0.0138725 0.0535504 0.114215 0.00714701 0.0437623 0.0169448 0.00245553 -0.0334596 0.00507636 0.0200349 0.00486065 -0.013488 -0.0168883 0.0218081 -0.0137103 -0.0409868 -0.00659131 0.000844029 -0.0279386 0.0202103 0.00406254 0.0211523 0.107185 -0.00223104 0.000503833 -0.00109838 -0.0248194
internal_weight=205.017 185.755 19.2615 178.053 9.04985 7.19404 19.5941 5.10046 158.459 2.86172 2.67888 155.598 153.813 150.711 150.187 65.4529 64.5469 51.3048 13.2422 7.79076 84.7341 65.3879 50.9845 29.6767 14.4034 21.3078 19.3461 16.6564 11.2043 8.70331 2.501 2.30138 1.28271 19.3492 5.82026 13.5758 1.96762 0.899573 11.6082 3.16714 2.20104 1.06805 5.45207 1.68403 4.46887 3.40326 27.1209 24.7378 2.38313 1.27876 1.93305 8.44104 7.2675 2.92311 4.34439 3.46964 2.67077 0.560802 6.59555 50.0621 47.8657 4.42371
internal_count=48064 16226 31838 13949 6611 6121 1021 795 12928 377 376 12551 12422 12245 12239 3641 3575 2754 821 427 8598 1786 1067 578 719 489 6812 6391 1398 908 490 479 305 447 430 699 193 57 506 69 57 136 4993 639 351 331 515 461 54 42 134 437 296 104 192 169 112 72 331 2723 2637 229
is_linear=0
shrinkage=0.05


Tree=117
num_leaves=63
num_cat=0
split_feature=12 12 1 1 3 1 3 7 2 12 6 1 5 5 3 1 4 4 6 10 1 9 7 5 2 4 10 6 12 1 12 2 3 9 9 1 7 6 3 2 0 9 9 7 1 2 12 12 9 2 10 1 0 0 7 5 2 9 1 9 9 7
split_gain=8.75184 6.84156 2.33645 1.96357 1.60224 1.7578 1.57111 1.47952 1.42065 1.75177 1.59122 1.4489 1.40553 1.92296 1.42692 1.4876 1.36442 2.65151 1.95504 1.77391 2.5844 2.25092 2.6122 2.33905 1.83193 1.52577 1.70059 1.51816 1.50634 1.356 2.06109 2.19409 1.252 1.19011 2.01667 1.46684 1.81033 1.21914 1.16931 1.22292 3.26102 2.24411 2.1593 1.69755 1.61396 1.47675 1.55552 1.54829 1.86866 1.52263 1.48806 1.58769 1.46884 1.51149 1.59813 1.42373 2.28157 2.91207 1.39904 1.3693 1.36527 1.25413
threshold=0.33088999725441309 0.87579263542427721 0.68771551724137947 0.95040983606557383 0.62316372152437738 0.91503452605147528 0.50926243567753005 0.38750000000000007 0.15535444947209656 0.85051083766261704 0.94444444444444453 0.23606811145510845 0.86607142857142871 0.84523809523809534 0.74862637362637374 0.26692708333333343 0.86037735849056607 0.88024390243902451 0.40833333333333338 0.12599206349206352 0.71339285714285727 0.16823899371069184 0.87301587301587313 0.58571428571428574 0.38757823784304291 0.91481481481481486 0.1181455633100698 0.59166666666666679 0.76256394373381442 0.51835016835016845 0.72553614411503753 0.82972848596410509 0.96051948051948066 0.5300120048019209 0.3874259381171824 0.48873015873015879 0.73214285714285732 0.34523809523809529 0.74256259204712816 0.82842724978973936 0.89512961508248245 0.25962962962962971 0.23606811145510839 0.87301587301587313 0.86552066772655012 0.78629976580796257 0.40071428090983968 0.42115187612069244 0.267479674796748 0.7748518762343648 0.060915275200989494 0.7845481670929243 0.890227576974565 0.88185443668993035 0.69047619047619058 0.58571428571428574 0.95311355311355328 0.16247642991829042 0.83847248576850097 0.23606811145510839 0.27386363636363642 0.21111111111111114
decision_type=2 2 2 2 2 2 2 2 2 2 2 2 2 2 2 2 2 2 2 2 2 2 2 2 2 2 2 2 2 2 2 2 2 2 2 2 2 2 2 2 2 2 2 2 2 2 2 2 2 2 2 2 2 2 2 2 2 2 2 2 2 2
left_child=2 3 -1 8 5 -4 -5 -8 9 10 -2 -10 13 14 38 -16 28 18 -18 21 24 22 23 29 -21 27 -27 -23 33 -19 31 -31 -26 34 35 -17 -37 -35 39 45 43 42 -42 52 -43 46 58 49 59 50 -48 -52 53 54 55 56 -41 -58 -13 -49 -46 -60
right_child=1 -3 4 6 -6 -7 7 -9 11 -11 -12 12 -14 -15 15 16 17 19 -20 20 -22 25 -24 -25 32 26 -28 -29 -30 30 -32 -33 -34 37 -36 36 -38 -39 -40 40 41 44 -44 -45 60 -47 47 48 -50 -51 51 -53 -54 -55 -56 -57 57 -59 61 -61 -62 -63
leaf_value=-0.050024808791893353 -0.044420869432392172 0.050263358116793388 -0.041819129354545716 0.0076753760713518613 0.0267397167195151 0.012927663174650293 -0.053239527220603378 0.048431693099913437 0.04461342478255001 -0.1780509648225107 0.054483723559215602 -0.050661661358869528 0.032862378077352629 -0.095747105241419328 -0.059861158670370118 -0.037214830300104744 0.037303904598164433 -0.080138242689647296 -0.038256289969906543 0.031365090834294188 0.050583534873240868 0.021628868204849508 -0.06477258689113366 0.053208182980092923 -0.0016233231612565171 0.027774004416038396 -0.059906729276558636 -0.045063166355849317 0.051194401339930508 0.026992664608643486 0.051554584747939218 -0.062088222978067098 -0.084045641032494331 0.053603735682610315 0.045738144065936126 0.025816043197942968 -0.010357016914377293 -0.024046681412679363 -0.066290473787894169 -0.0084218776642832598 -0.012347227208837968 -0.040463161490980754 -0.061021283936685544 0.08866478277262381 0.05504491085717822 -0.051209354794431339 0.089266110503950516 -0.0024103064447683442 -0.044294058366912248 0.15951520471875902 -0.05089451069251099 0.046577031639307973 0.077914015307172874 -0.04678920484288681 -0.054669211709634159 0.057954119410668095 0.095318743707069609 5.2750638888586879e-05 0.038905952945952255 0.076094797450560359 0.0052632740597818896 -0.050595445551737006
leaf_weight=9.7138462764269224 2.0892143321107142 7.3281106899958095 4.9117892057402042 14.447756654000843 1.8591758042457511 2.0901029669912532 0.38852216117083926 4.528123784577474 1.778900897130369 0.20195946097373951 0.50495576485991467 3.5568255949474468 3.0439360082382327 0.53878457361133669 0.88738114421721448 1.673929679702282 0.99078879237640549 0.79648383177118898 6.2959617081214674 1.677818476047831 4.5474236565642059 1.4879378695040935 2.4833888565190136 1.3837644963059572 0.96919027256080859 8.6686837574234197 0.59069162909872908 2.0006829398917034 2.4472368841525158 1.0825410273391756 1.0489316608291117 1.9122827912215141 0.87824680609628558 0.58363138895947386 4.2632027598738196 9.1746152437990514 5.5518766166642299 3.7750599791179411 0.78177571401465584 5.2111117509775706 26.718477117072329 1.7944670153083304 2.4909729725914067 0.83974188118008974 1.4925538232200803 2.5799454571970264 0.61174662061966922 5.1682698976946977 2.7075282327714376 0.22269398521166284 0.83077937172492966 0.84040900191757828 0.87581146665616039 1.0396073096781027 0.74276899377582672 2.1090154999401429 1.5224368207855152 1.6955569297424515 1.0304759866266975 0.6223298109252936 17.832337049068883 0.63111646132892918
leaf_count=25227 369 2277 5739 226 490 382 24 771 129 1 7 4306 177 6 66 760 13 29 177 44 460 42 37 80 31 302 15 55 211 52 134 46 15 51 305 373 114 229 81 367 513 129 63 20 34 420 102 380 467 11 316 51 31 62 27 38 52 121 357 46 324 280
internal_value=-0.000378809 0.00292372 -0.033088 0.000959816 -0.0145211 -0.0254769 0.0159836 0.0403975 -0.000889935 -0.0362115 -0.0251691 -0.000250615 -0.000773254 -0.00145737 -0.0011167 0.00443439 0.00532193 -0.000970327 -0.0279823 0.00569551 0.0256747 -0.00182174 -0.0214173 -0.0041185 -0.00645661 0.0115628 0.0221805 -0.0166182 0.0137548 -0.0205075 -0.00876224 -0.0298881 -0.0408058 0.0100932 0.0151013 0.0071374 0.0121788 -0.0136492 -0.00542616 -0.00485403 -0.00157707 -0.00752049 -0.0164981 0.0197341 0.00489618 -0.016072 -0.0104838 0.00017853 -0.0100056 0.034719 0.0225455 -0.00187792 0.0153478 0.0109002 0.0162167 0.021213 0.0120201 0.0451232 -0.0329668 0.00602683 0.00910815 0.00491097
internal_weight=202.546 183.971 18.5749 176.643 8.86107 7.00189 19.3644 4.91665 157.278 2.79613 2.59417 154.482 152.703 149.659 149.121 65.1718 64.2844 36.8148 7.28675 29.5281 8.07268 21.4554 8.70739 6.224 3.52526 12.748 9.25938 3.48862 27.4696 4.84024 4.04376 2.99482 1.84744 25.0223 20.6636 16.4004 14.7265 4.35869 83.9488 83.167 64.3649 50.3288 29.2095 14.0361 21.1194 18.8021 16.2222 11.0038 8.49813 2.50563 2.28293 1.67119 13.1963 12.3205 11.2809 10.5381 8.42911 3.21799 5.21842 5.7906 19.3249 1.66159
internal_count=48064 16226 31838 13949 6611 6121 1021 795 12928 377 376 12551 12422 12245 12239 3641 3575 1532 190 1342 550 792 378 341 90 414 317 97 2043 261 232 98 46 1832 1552 1247 487 280 8598 8517 1781 1063 576 718 487 6736 6316 1373 893 480 469 367 698 667 605 578 540 173 4943 426 358 637
is_linear=0
shrinkage=0.05


Tree=118
num_leaves=63
num_cat=0
split_feature=12 12 0 5 6 10 5 12 10 3 3 4 3 6 7 12 12 5 7 0 9 2 2 5 12 4 6 12 7 9 0 0 4 4 2 0 9 5 5 7 9 12 9 12 9 9 9 0 7 5 2 12 4 7 12 12 4 3 3 9 12 12
split_gain=8.19381 6.52708 1.85805 1.45411 2.19204 3.30802 1.65591 1.36793 2.13876 1.16597 1.37975 1.77618 1.7098 1.43333 2.15891 1.47257 1.40157 1.37463 1.14364 4.55123 1.852 1.10966 3.31151 1.33636 1.32894 1.05844 1.1009 1.20357 1.14097 2.2651 1.78422 2.39203 2.0023 1.87458 1.51704 2.95052 1.23563 1.44954 1.29256 1.53328 1.88443 2.20132 1.32213 1.25046 1.20897 1.42529 1.38997 1.18509 1.17666 2.14152 2.13326 1.83769 1.4292 1.3041 1.24581 1.22287 1.1014 1.27486 3.03637 1.10483 1.20227 2.12205
threshold=0.33088999725441309 0.87579263542427721 0.77058029689608654 0.86607142857142871 0.17914438502673799 0.86956521739130443 0.84523809523809534 0.62790203878499784 0.16035714285714289 0.65240274599542347 0.87585616438356173 0.91818306010928963 0.76980056980056988 0.63068181818181823 0.87301587301587313 0.7463963349126802 0.68182276075382453 0.14835164835164838 0.64583333333333337 0.95040983606557383 0.5803225806451614 0.91734972677595639 0.86729559748427687 0.58571428571428574 0.7463963349126802 0.97801932367149769 0.69615384615384623 0.564035962815011 0.73214285714285732 0.47114317425083246 0.89512961508248245 0.88185443668993035 0.83449741315594983 0.80060240963855434 0.9418526031102098 0.80259740259740275 0.5300120048019209 0.69047619047619058 0.44949494949494956 0.64583333333333337 0.24780701754385967 0.51711730126736499 0.28232998885172805 0.50040120607370453 0.28708791208791212 0.34549071618037142 0.3874259381171824 0.76631205673758873 0.58571428571428574 0.58571428571428574 0.82842724978973936 0.5942586191961361 0.57071428571428584 0.5634920634920636 0.37461138802301536 0.37885717983644052 0.91481481481481486 0.90054945054945057 0.87585616438356173 0.063164893617021281 0.41240109490907895 0.44506849620047589
decision_type=2 2 2 2 2 2 2 2 2 2 2 2 2 2 2 2 2 2 2 2 2 2 2 2 2 2 2 2 2 2 2 2 2 2 2 2 2 2 2 2 2 2 2 2 2 2 2 2 2 2 2 2 2 2 2 2 2 2 2 2 2 2
left_child=2 3 -1 6 5 -5 7 25 9 -9 12 13 16 21 15 -15 -11 -14 20 -20 -10 22 -12 -23 -25 26 28 -28 34 30 31 -30 33 -32 48 47 37 38 -37 44 43 42 -42 -41 -40 -46 -47 -36 49 53 -51 52 -50 54 -2 -56 57 58 59 60 -57 -62
right_child=1 -3 -4 4 -6 -7 -8 8 18 10 11 -13 17 14 -16 -17 -18 -19 19 -21 -22 23 -24 24 -26 -27 27 -29 29 -31 32 -33 -34 -35 35 36 -38 -39 39 40 41 -43 -44 -45 45 46 -48 -49 51 50 -52 -53 -54 -55 55 56 -58 -59 -60 -61 61 -63
leaf_value=-0.04258188546931959 -0.026356947304817024 0.050251405947056252 -0.006596997877888526 -0.070361571270987938 0.050488271678112623 0.013568758443914534 -0.08629314608640111 -0.084311857216521055 0.051166901756987043 0.034104750695868512 0.031616468240539285 0.0063654121759094406 -0.021540454667415387 -0.047739683312309156 -0.10342186011872034 0.050833370242281663 -0.039335968983695624 0.052732168157039086 -0.045913613425068563 0.032996371070284976 -0.046647545497688736 0.0546704222568834 -0.087150460870528912 -0.04180118903610381 0.024002179869617904 0.054706532978713543 -0.05448493516291221 0.02596055564038063 -0.025515285860537529 0.047534329940152442 -0.017430482064529473 0.080067644202242216 0.04053935025516657 -0.076918069787887275 0.039154807054784128 -0.028918758582514165 -0.034954800675706818 -0.037983431215169665 0.057913301123172806 0.002998441293412269 0.066717636891901619 0.075093976389753292 -0.0053005062970421374 -0.051556412937980391 -0.054990096923182331 0.095311033584667637 -0.0043254291053418823 0.11758554931618088 -0.043329756326339328 -0.0093601947778955332 0.075802069678694017 0.069662253006061034 0.031199444937884444 0.058579480674828224 0.045965869234864537 -0.051194788871242583 0.038309387119915474 -0.02809420572233914 0.044080078831086028 -0.012050551867486721 0.05694305049501406 -0.0096559396937274718
leaf_weight=12.962231027311647 6.1358335074910419 6.9723306733649215 4.959793810528935 1.2925236884038902 3.4212848197203121 12.803374733775854 0.56172231747768719 0.40969874057919042 4.7723119123838833 1.0601025386713474 1.0295784343034049 13.37898663850501 0.7560468716546892 1.1608441346324978 1.1767761493101716 0.56245352746918809 1.6778975962661205 3.5392840087879449 2.4796326335053873 6.9455796354450285 0.53853016952052701 1.0740764630027113 1.3650900996290145 1.5935679036192598 1.4797340761870144 0.78226414415985246 1.999403988476842 0.60583770857192565 1.0238492495846068 1.5719872312620271 24.696903239178944 1.1268361605470998 1.4105900444556017 1.3993541169911612 1.3031049236306018 1.6506271301768816 1.7296479440992687 1.5012310228776176 3.3260338354157257 2.6635878118686378 0.76520760101266194 1.5859628971666095 3.8119764751754701 1.7342783673666415 0.60948108893353525 0.58921926037874051 0.86228029773337767 0.76401865284424264 4.7528114432934663 1.2868210566230112 1.7158555602654812 0.47102493420243252 0.74393771606264625 0.81014728220179577 1.2793023941339914 0.64075028480147622 1.4941860085818905 5.3183613052242427 3.2545200856402507 21.795947432576213 2.261711923754774 2.5385706560336985
leaf_count=29589 5234 2277 2249 151 679 83 7 5 380 26 39 654 13 23 16 73 35 188 59 307 12 43 14 27 62 23 65 25 37 27 496 14 21 9 70 118 88 19 67 61 10 14 76 19 18 10 44 20 223 34 25 4 27 33 326 182 50 162 106 3067 119 110
internal_value=-0.000365745 0.00280961 -0.0326233 0.000920441 0.0145866 0.00587277 -0.000598789 -0.000292214 0.00707088 -0.000535361 0.000614321 -0.00535299 0.0199765 -0.0219573 -0.0512164 -0.0155672 -0.0109011 0.039659 0.0226922 0.0122363 0.0412483 -0.00898688 -0.0360871 0.0066606 -0.0101182 -0.00325026 -0.00365786 -0.0357777 -0.00288751 -0.0109546 -0.0140548 0.0298041 -0.017484 -0.0206204 0.00036758 0.0111675 0.00551319 0.00917789 0.0132009 0.0175603 0.00648774 0.0243291 0.00673939 -0.018515 0.0392677 0.00917716 0.0361208 0.0681432 -0.00416971 -0.00159345 0.0393051 -0.0251208 -0.0332429 -0.00429072 -0.0054297 -0.00210168 -0.0037501 -0.00550506 -0.00156504 -0.00701913 0.013136 0.021723
internal_weight=199.987 182.065 17.922 175.093 17.5172 14.0959 157.575 157.014 45.0002 30.2641 29.8544 22.8211 7.03333 9.44212 2.90007 1.7233 2.738 4.29533 14.7361 9.42521 5.31084 6.54205 2.39467 4.14738 3.0733 112.013 111.231 2.60524 108.626 31.2295 29.6575 2.15069 27.5068 26.0963 77.3964 22.8967 20.8295 19.0999 17.5987 15.948 10.561 6.16315 4.57718 4.39787 5.38701 2.06098 1.4515 2.06712 54.4998 48.532 3.00268 5.96777 5.49675 45.5293 44.7192 38.5834 37.304 35.8099 30.4915 27.237 5.44103 4.80028
internal_count=48064 16226 31838 13949 913 234 13036 13029 1976 1218 1213 951 262 297 112 96 61 201 758 366 392 185 53 132 89 11053 11030 90 10940 604 577 51 526 505 10336 634 544 456 437 319 180 100 86 80 139 72 54 90 9702 9448 59 254 250 9389 9356 4122 3796 3746 3584 3478 411 229
is_linear=0
shrinkage=0.05


Tree=119
num_leaves=63
num_cat=0
split_feature=12 12 1 1 3 1 3 7 2 12 6 1 1 3 4 4 10 2 9 7 10 3 1 12 2 1 0 9 0 9 9 1 6 9 7 9 10 10 10 3 6 4 7 4 12 12 12 9 12 1 2 12 0 2 9 9 12 1 12 9 9 9
split_gain=7.61826 6.22505 2.35974 1.64535 1.54004 1.66093 1.50393 1.34927 1.29286 1.41799 1.47044 1.28766 1.23452 1.19783 1.28295 2.10636 1.77951 2.6967 2.08432 2.43789 2.3689 2.13605 2.00831 2.17658 1.52616 1.52392 1.69411 1.61327 1.38949 1.29287 1.57252 1.62825 1.30329 1.23418 1.33701 1.50163 1.26043 2.18003 1.20105 1.74951 1.11142 1.10922 1.09894 1.46353 1.09657 1.08098 1.49244 1.07678 0.962397 1.01578 1.27872 0.95343 1.00071 1.97067 3.00031 3.64348 2.25636 1.68062 1.54475 1.16496 1.13085 1.22199
threshold=0.33088999725441309 0.87579263542427721 0.68771551724137947 0.95040983606557383 0.62316372152437738 0.91503452605147528 0.50926243567753005 0.38750000000000007 0.15535444947209656 0.85051083766261704 0.94444444444444453 0.23606811145510845 0.26692708333333343 0.74862637362637374 0.86037735849056607 0.87681770284510019 0.12599206349206352 0.76277056277056288 0.16823899371069184 0.84523809523809534 0.099019607843137278 0.96051948051948066 0.51835016835016845 0.72553614411503753 0.74543037554004665 0.90889328063241115 0.86706827309236967 0.031754032258064523 0.75716625716625729 0.5300120048019209 0.3874259381171824 0.48873015873015879 0.51666666666666672 0.15707236842105265 0.095454545454545472 0.15849282296650721 0.15655637254901963 0.18795289855072467 0.36201048411964237 0.45199692780337947 0.34523809523809529 0.43221621621621625 0.78888888888888908 0.90325224748810151 0.62790203878499784 0.33381607699057447 0.37672433340361039 0.37965517241379315 0.68182276075382453 0.68410526315789488 0.38757823784304291 0.68182276075382453 0.91734972677595639 0.90070422535211281 0.084523809523809543 0.16247642991829042 0.40406182188469625 0.89932432432432441 0.37885717983644052 0.25962962962962971 0.059714795008912663 0.031754032258064523
decision_type=2 2 2 2 2 2 2 2 2 2 2 2 2 2 2 2 2 2 2 2 2 2 2 2 2 2 2 2 2 2 2 2 2 2 2 2 2 2 2 2 2 2 2 2 2 2 2 2 2 2 2 2 2 2 2 2 2 2 2 2 2 2
left_child=2 3 -1 8 5 -4 -5 -8 9 10 -2 -10 -13 38 29 28 18 24 19 22 42 -22 -17 25 48 26 27 -24 -16 30 31 -15 33 -33 -35 -36 -37 -38 39 -14 -31 -41 43 -20 -42 -40 -47 -6 49 50 -18 52 53 58 -55 -56 -57 -54 -48 -59 61 -60
right_child=1 -3 4 6 47 -7 7 -9 11 -11 -12 12 13 14 15 16 17 -19 20 -21 21 -23 23 -25 -26 -27 -28 -29 -30 40 -32 32 -34 34 35 36 37 -39 45 41 44 -43 -44 -45 -46 46 51 -49 -50 -51 -52 -53 57 54 55 56 -58 59 60 -61 -62 -63
leaf_value=-0.050022626362762737 -0.043223886476301043 0.050239963659214626 -0.041109437581379464 0.0068329246230632067 0.045752619747962228 0.01259337499125125 -0.048687624843887591 0.048091084944848227 0.04233100521485747 -0.15785014582603005 0.054221142513707465 -0.056869575510537923 -0.05987865012989018 -0.036748430026114477 -0.067116574616358254 -0.077829626620632933 0.012951496006122188 0.051636996943288153 -0.037600283604584742 -0.056024789217350282 -0.0021199900856631645 -0.11000609536708417 -0.048986174917951195 0.052086855162309043 -0.082114074331983269 0.052946794369445695 -0.073049837510211282 0.051923820200866402 -0.013066361659327974 0.052087563636758073 0.044157997822887145 0.02614101749414105 0.052383779049011953 0.053256237358763607 -0.08966996579617742 0.026296323157584761 -0.062753151787548742 0.010203225255353334 0.054186970055611863 0.091954962155755812 -0.032878279763823196 -0.011792746364508042 0.05500200717914952 0.019646339044660385 0.045183534791030058 -0.030134107375895686 0.071894192152167344 -0.051074869967164704 0.052186013404062287 0.048214878678366574 -0.062674611379475359 0.05369112626629341 -0.043017224917624226 -0.044506438789693258 0.10464711077245897 0.073487837460556357 -0.0068318838700721822 -0.010324803357024109 -0.013391276488522941 0.0080551561676603951 -0.014780735446470543 0.038759825700380529
leaf_weight=8.8554942702758144 2.004998680378776 6.6337585677392772 4.6132489195151702 14.266076765721666 1.4958699012349823 2.0930133919464424 0.39405018975958128 4.1858797082677484 1.7588259623735201 0.2164216786623 0.47977824509143818 0.97191215053317037 1.9798979265906407 1.6126584422600085 1.7051418521732546 0.78031654248480276 1.1725207067211152 4.2247347026132047 1.2974361613742047 3.3097497713752091 1.2829594094073389 0.7141996519640087 0.7547694472596056 1.8428949485532937 0.55272284382954229 0.6720246816985308 1.2971581029705701 0.8334361556917429 3.9285695478320122 0.58457693277159606 4.5151682941359459 6.8680407078936723 2.1317555402056305 0.94107528054155221 0.54810458701103915 2.2989414329058491 1.73483553371625 2.4988081415649503 0.87314433875144359 0.26174664965947414 3.2353609217971102 16.390959904761985 1.7354635461233563 8.0039999980945122 0.52254249667748798 4.3442160049453369 0.67414698738139378 0.35532702441560093 0.89337668288499106 0.64249668456614006 1.0681432296405544 0.82169364392757316 2.7628291832515961 1.1315296844113607 1.7561368285678325 1.2756545336451379 2.779754901304841 20.309309513191693 2.0456644747755481 14.979863338056019 10.156336208689025 2.4911107882508077
leaf_count=25227 369 2277 5739 226 138 382 24 771 129 1 7 215 919 760 62 29 50 435 52 66 38 19 9 202 7 28 23 55 85 52 321 334 166 48 5 76 25 82 148 9 220 4319 55 268 13 1548 44 352 62 41 17 17 82 20 23 33 66 132 84 125 851 82
internal_value=-0.000347712 0.00270485 -0.0319287 0.000887519 -0.0132047 -0.0243489 0.0148359 0.0397644 -0.000812042 -0.0350999 -0.0244085 -0.000202585 -0.000700616 -0.000334815 0.00482035 -0.001296 0.00380318 0.023218 -0.00356989 -0.0213947 0.00940867 -0.0407009 -0.00285002 0.00798419 -0.00451491 -0.0148631 -0.0306565 0.00396795 -0.0294256 0.012988 0.0176842 0.0112694 0.0158187 0.0105838 -0.00273595 -0.0101777 -0.00350807 -0.0196924 -0.00422717 -0.0154449 -0.0120469 -0.010162 0.0184761 0.0116611 -0.0220237 -0.0010794 -0.00181581 0.0271671 0.00684227 -0.00720795 -0.0231001 0.000194862 -0.000533366 0.00787431 0.0299822 0.0444854 0.0184332 -0.00546289 -0.00211423 -0.00252271 -0.00550987 0.0152445
internal_weight=197.563 180.15 17.413 173.516 8.55746 6.70626 18.846 4.57993 154.67 2.7012 2.48478 151.969 150.21 149.238 64.204 36.7121 31.0784 8.55399 22.5244 9.49035 13.0341 1.99716 6.1806 5.40028 4.32926 3.55739 2.88536 1.58821 5.63371 27.4919 23.1494 18.6342 17.0216 14.8898 8.02176 7.08069 6.53259 4.23364 85.034 18.6326 4.34248 16.6527 11.0369 9.30144 3.7579 66.4014 65.5282 1.8512 3.77654 2.88316 2.24066 61.184 60.3623 22.3103 6.94308 5.81155 4.05541 38.052 15.3673 35.2892 14.6931 4.53678
internal_count=48064 16226 31838 13949 6611 6121 1021 795 12928 377 376 12551 12422 12207 3705 1603 1456 612 844 412 432 57 346 317 177 115 87 64 147 2102 1817 1496 736 570 236 188 183 107 8502 5247 285 4328 375 320 233 3255 3107 490 170 108 67 1559 1542 1203 142 122 99 339 1061 257 1017 166
is_linear=0
shrinkage=0.05


Tree=120
num_leaves=63
num_cat=0
split_feature=3 0 1 1 3 10 7 9 0 9 3 9 4 4 10 6 9 9 10 6 7 7 9 9 9 9 9 10 10 9 9 1 1 1 2 9 2 7 9 4 1 0 5 7 6 1 0 10 3 7 3 0 1 9 9 1 5 10 10 7 6 3
split_gain=3.71312 3.50669 2.87837 1.9229 3.84089 3.82707 3.22901 3.78453 2.61602 5.45226 2.0866 3.86056 3.15054 2.88421 3.24655 2.27415 2.54938 4.17192 2.25223 2.20924 1.88916 2.22223 2.03419 4.19424 3.53064 1.87449 2.55942 2.50917 1.76048 1.67747 2.22707 1.62906 1.75734 2.10188 2.74039 1.55226 2.49879 1.49096 1.43752 1.35051 1.34556 1.57249 1.26182 2.49166 3.26444 1.52612 1.36801 1.28395 1.4069 1.25113 1.3426 1.24809 1.51755 1.9258 2.26235 1.42058 1.40932 1.39322 1.23262 1.55861 1.19462 1.78336
threshold=0.97937925170068041 0.51022110972048396 0.37866287339971555 0.86552066772655012 0.68671792552389588 0.39602987421383656 0.64583333333333337 0.46211251435132039 0.97259759759759767 0.11583184257602865 0.96051948051948066 0.31622807017543864 0.90064102564102566 0.88961755992458935 0.15047169811320757 0.13809523809523813 0.14434523809523811 0.34833164812942369 0.021507863089731735 0.55050505050505061 0.81666666666666676 0.69047619047619058 0.43534002229654406 0.3133928571428572 0.2022727272727273 0.15849282296650721 0.23606811145510839 0.07362240289069559 0.86956521739130443 0.19098277608915909 0.24780701754385967 0.73076923076923084 0.77581480353335375 0.76913919413919418 0.99333333333333351 0.11583184257602865 0.76277056277056288 0.78888888888888908 0.15075757575757578 0.86453119786453125 0.74046885318071765 0.7748518762343648 0.5634920634920636 0.38750000000000007 0.36931818181818188 0.7845481670929243 0.75181159420289878 0.15301003344481609 0.9099909990999101 0.58571428571428574 0.74862637362637374 0.71010186757215632 0.62054890921886008 0.23861283643892342 0.084523809523809543 0.85270009643201561 0.22649572649572652 0.021507863089731735 0.090230664857530549 0.87301587301587313 0.32291666666666669 0.63211600429645542
decision_type=2 2 2 2 2 2 2 2 2 2 2 2 2 2 2 2 2 2 2 2 2 2 2 2 2 2 2 2 2 2 2 2 2 2 2 2 2 2 2 2 2 2 2 2 2 2 2 2 2 2 2 2 2 2 2 2 2 2 2 2 2 2
left_child=3 2 -2 4 5 60 7 -5 9 37 12 18 13 15 19 20 -17 25 -12 -15 21 22 23 24 -10 -18 39 -28 -22 38 -31 -7 33 35 -35 40 -37 -8 -30 -27 41 -33 43 46 -45 -46 51 48 -47 50 -9 52 53 54 -6 -54 -57 -55 -29 -60 -1 -62
right_child=1 -3 -4 6 42 31 8 49 10 -11 11 -13 -14 14 -16 16 17 -19 -20 -21 28 -23 -24 -25 -26 26 27 58 29 30 -32 32 -34 34 -36 36 -38 -39 -40 -41 -42 -43 -44 44 45 47 -48 -49 -50 -51 -52 -53 55 57 -56 56 -58 -59 59 -61 61 -63
leaf_value=-0.046795889184416295 0.030763959041161165 0.050331157726922808 -0.033286266695256021 0.026868602527833449 0.0086006396057260216 -0.035542169013596935 -0.027996520949925642 -0.046993646615004804 0.053061285598894462 0.03942698172960838 -0.07375179577561701 -0.19372824147045992 0.051650257160051893 -0.04838723067276237 0.050199697427163681 0.051028689002059285 -0.056924455481086073 0.05926169455177175 0.050908471363203749 -0.18471047412758901 -0.04334129426107601 -0.044174831717663059 -0.056282588384069659 0.061739108645975087 -0.055801386911814438 0.052395189231669151 0.050992128478431632 -0.09938384790536714 0.0031606892026737029 0.054135663160048433 0.0033319467774321071 -0.050828282156185692 -0.010034739135291753 0.023676175462118514 0.19481811722167841 0.080060380953538179 -0.051282557906719921 -0.073621344153768351 -0.030145927615835552 -0.021182840320442774 -0.054334793882553648 0.13133922278593033 0.035624120684702831 0.043059729142875348 0.007625325502271134 0.0025931811381350815 0.038062012654298316 -0.081285519781559901 -0.067923637771283255 -0.10277803371205457 0.052423378360878264 -0.033896105411155834 0.043496185304431785 -0.032397636495382715 -0.057343470348738684 -0.045305378329104869 0.041498395924902343 0.012158542442344681 0.019804239027229976 -0.060212787186572317 0.051650718526068798 -0.044872815952499423
leaf_weight=12.099703902029431 3.5882710516452772 6.544239851878956 3.4314821239095181 18.234097849519461 2.3742341866309387 4.5718549000448574 3.8926401557400805 1.2103879105125082 1.054247597639913 2.3002856499806512 0.76985619869083055 0.38180860527791072 3.0265382260549805 0.6763233437668521 0.44129384821280826 4.1669914195081246 1.7636489933356623 2.7850590057787477 0.68445396889001131 0.53016580059193075 2.0288628139242055 5.6532001375744585 1.4217202485597225 2.3801408970030025 2.5373457215027884 2.4321928012068388 0.85299397085327644 0.79631852731108699 18.792920305393643 3.4973345324397069 5.6293907354120165 0.22591430123430045 16.721440936933504 0.60608798867906433 0.38090653700055555 1.2011539842351338 0.51841562631307159 3.3159859812294599 3.9143913537263861 0.83870850247330953 1.2344889013620557 0.24907001771498471 2.5485429782420388 1.4006726043880906 1.2800506716594098 1.487734590424225 2.9059151461697175 2.2868894934654236 1.3484022989869116 0.6081836640369146 0.47203971911221732 2.2249677540094117 4.1722699076635754 1.9815904937859183 2.8761928623716813 1.1034505496500058 0.81146565492963407 15.307173741457516 1.0173396407626569 1.5146154440008104 0.81793536807526734 1.1532306623703332
leaf_count=23161 60 1905 77 940 957 5402 145 165 34 109 39 15 525 17 134 663 36 87 152 30 556 187 50 55 57 112 36 5 123 16 40 43 2806 80 4 81 173 72 25 31 140 8 137 17 44 28 123 26 27 8 28 60 174 404 1901 340 54 3990 24 33 379 1020
internal_value=-0.00124331 0.0240009 -0.00054586 -0.0031092 -0.00868669 -0.0199525 0.00158753 0.0192588 -0.00299798 -0.0275967 0.000363338 -0.0522302 0.00178866 -0.000542859 -0.0658459 0.00116306 0.0173344 0.00563498 -0.0150819 -0.108292 -0.00441057 -0.0205759 -0.0025317 0.010265 -0.0238467 -0.0105712 0.000398833 -0.0255178 0.00181761 0.0046957 0.0227998 -0.00847934 -0.00262589 0.0254279 0.0897242 0.00692126 0.0404631 -0.0489841 -0.00258086 0.0335287 -0.0268187 0.0446958 0.00147342 -0.000620716 -0.0260834 -0.0412084 0.00526555 -0.0534101 -0.0309331 -0.0413176 -0.0191002 0.00217642 0.00498014 -0.00100256 -0.0275237 0.0271324 -0.00852138 0.00705164 -0.0451263 -0.0280619 -0.0409156 -0.00482037
internal_weight=197.075 13.564 7.01975 183.511 83.8898 39.7802 99.6215 20.5247 79.0968 9.50891 69.5879 1.83612 67.7517 64.7252 1.64778 63.0774 16.1679 12.0009 1.45431 1.20649 46.9096 13.0467 7.39345 5.97173 3.59159 9.21582 7.45217 4.18127 33.8629 31.834 9.12673 25.7093 21.1375 4.41604 0.986995 3.42904 1.71957 7.20863 22.7073 3.2709 1.70947 0.474984 44.1096 41.561 7.80375 6.40308 33.7573 5.12303 2.83614 2.29061 1.68243 30.8513 28.6264 22.5392 5.25043 6.08719 1.91492 17.2888 3.32827 2.53196 14.0709 1.97117
internal_count=48170 2042 137 46128 41579 33297 4549 1141 3408 326 3082 206 2876 2351 181 2170 1027 364 191 47 1143 383 196 146 91 277 241 98 760 204 56 8737 3335 529 84 445 254 217 148 143 191 51 8282 8145 142 125 8003 81 55 201 193 7880 7820 7252 2858 568 394 4394 62 57 24560 1399
is_linear=0
shrinkage=0.05


Tree=121
num_leaves=63
num_cat=0
split_feature=12 12 1 12 7 1 0 0 3 3 12 12 3 1 1 3 3 5 7 0 1 12 5 3 12 10 10 6 5 7 1 9 10 7 12 9 6 6 7 9 9 9 12 7 5 12 12 10 10 7 9 9 0 12 6 10 12 10 4 6 12 12
split_gain=7.02183 4.31938 1.56304 1.30515 1.77164 2.78674 1.95034 1.96913 1.68408 3.09918 5.36107 1.74656 1.64488 1.64135 3.62601 2.09586 1.63187 1.54175 1.52976 1.42571 2.15696 1.41707 4.08879 2.6844 2.65209 1.61432 6.04897 3.35578 1.41433 2.05033 1.41087 1.64876 1.58875 1.38331 2.16512 1.53411 1.58309 2.75677 1.3524 1.26959 2.12973 2.5569 1.67731 1.40143 1.71669 2.25195 1.78294 1.64968 1.2694 1.31431 3.6566 1.81682 1.24514 1.24079 1.224 1.17547 1.16905 1.16292 1.15441 1.26756 1.21044 1.10459
threshold=0.30837436894229048 0.9090588656944838 0.22828571428571431 0.48506832767546765 0.5277777777777779 0.87090053763440867 0.84660633484162906 0.75716625716625729 0.97937925170068041 0.96051948051948066 0.8381423536083954 0.86349185765345748 0.9457002457002458 0.76913919413919418 0.77581480353335375 0.86319073083778985 0.92084377610693402 1.0000000180025095e-35 0.73214285714285732 0.84660633484162906 0.82097069597069605 0.81002169842174443 0.81666666666666676 0.85028735632183927 0.7463963349126802 0.16247642991829042 0.14729990356798459 0.42261904761904767 0.41428571428571431 0.38750000000000007 0.84871050934880721 0.47434210526315795 0.025320512820512824 0.87301587301587313 0.50040120607370453 0.32529069767441871 0.48076923076923084 0.36038961038961043 0.78888888888888908 0.23466833541927412 0.28708791208791212 0.3133928571428572 0.41623381558328693 0.64583333333333337 0.73214285714285732 0.44506849620047589 0.46130140466456354 0.3874259381171824 0.20550527903469082 0.69047619047619058 0.32200460829493094 0.42724867724867727 0.91596045197740128 0.4529637053611924 0.42261904761904767 0.18624359479700436 0.50040120607370453 0.03509852216748769 0.62823920265780742 0.37980769230769235 0.81002169842174443 0.50040120607370453
decision_type=2 2 2 2 2 2 2 2 2 2 2 2 2 2 2 2 2 2 2 2 2 2 2 2 2 2 2 2 2 2 2 2 2 2 2 2 2 2 2 2 2 2 2 2 2 2 2 2 2 2 2 2 2 2 2 2 2 2 2 2 2 2
left_child=-1 2 54 13 5 6 7 58 9 12 18 -12 19 15 -15 -4 -8 -16 -11 55 -21 24 23 -23 33 26 -25 -27 29 -9 -19 39 -33 38 -35 36 37 -36 56 43 42 -42 52 -32 53 47 -47 -46 -43 50 -50 -51 -41 -45 -2 -6 -22 -17 -5 -60 -61 -30
right_child=1 -3 3 4 8 -7 16 28 -10 10 11 -13 -14 14 17 57 -18 30 -20 20 21 22 -24 25 -26 27 -28 -29 61 -31 31 32 -34 34 35 -37 -38 -39 -40 40 41 48 -44 44 45 46 -48 -49 49 51 -52 -53 -54 -55 -56 -57 -58 -59 59 60 -62 -63
leaf_value=-0.037336657782719128 -0.050723432852179257 0.050130980804683416 -0.030695647440779794 -0.053409313234978301 -0.0024982038796316133 0.037605377188132595 -0.043067435498063189 0.046449778401138418 0.050239117798012371 -0.070342694266844891 -0.27004613741826583 -0.10193463837655954 0.051402206588986303 0.084722959794809621 0.061034131035234224 -0.052701158266937692 0.032738758418456741 -0.024517152736156882 0.024520530571409394 0.07015857770354271 -0.047867049549264157 0.050534837451371488 0.050517538207388059 -0.053880422640799376 0.035426875275449674 -0.20026167790756846 -0.27378807242812336 0.050643920358643325 0.0032209214977676711 -0.052401420388499646 0.0118529089601995 0.076289708468354381 -0.050550302798315072 0.045186076250375865 -0.0047866804558886955 0.055315020329830593 -0.041908981242175306 0.053885709928652561 -0.051263474477428107 0.071305459071831626 -0.065233648892297047 -0.036806688962605555 0.069084312423907182 -0.055507964383166554 -0.053391582056239832 -0.078225253682436532 0.0031808473419528884 0.040512246072583392 0.18529524292076271 -0.040168134996941156 0.021786932319048428 0.045309447337024134 -0.052238269848278035 0.0015608717294250966 0.051464449266332014 -0.063708764277425459 -0.0051899514667922359 0.021737398759417527 0.035071414491540713 -0.0014174653921753782 0.052231606386637208 0.07185808322706598
leaf_weight=12.569741050916489 0.3360575695696747 4.4192163220141074 11.981802120601062 0.86839017790043982 1.4588960427790874 7.7851783060468724 3.3694861188996574 1.2335539092309766 1.4919909848831583 0.7277615896891797 0.31000384641811241 0.30800436437129974 1.4401754895225156 1.1876154740457412 0.89647111215162922 0.61684835585765441 0.89943785057403136 7.7357330075174096 1.0214673997834323 1.0484029431827355 1.767646751133731 0.41618255781941105 1.0605130193289367 1.1118461936712267 4.7761793811805537 0.18733656406402577 0.43507523462176312 0.46169594512321055 0.75679445639252696 0.91267820354551066 6.5148450854758329 0.2741279339534225 2.4836391962890048 2.7991649071336751 22.398313558544043 1.1627331692725409 2.4220690249931058 2.198551543056964 2.1140896296128622 0.30907459961599615 1.2297021398553614 1.1844253019953601 2.5052155276061967 3.4830594986269698 0.55365667195292223 1.2540799136040732 1.4506496773101389 3.0127710563247092 0.3672242807224374 1.7447359196376058 4.9643357816967182 0.96575212394236576 0.59959553764201701 1.3109169491799546 2.2891172867966816 1.6962871500290928 17.402422141982242 3.5113603346981108 3.1254535401822094 22.011190412507862 1.1041207658126939 2.599882505601272
leaf_count=26819 252 1717 10858 106 24 741 56 79 417 20 20 38 235 80 35 96 73 606 41 13 16 59 258 68 314 1 8 81 10 18 190 33 717 23 258 22 73 131 26 18 48 462 29 184 248 26 29 44 4 52 817 13 99 17 56 38 223 286 106 565 78 96
internal_value=-0.00119277 0.0013026 8.79195e-05 -0.000486478 0.00263745 0.0104225 0.00468447 0.00884448 -0.00231475 -0.00345568 -0.0596719 -0.186262 -0.00145022 -0.00645422 -0.00145753 -0.0201099 -0.0270955 -0.00384664 -0.014947 -0.00262274 -0.000947967 -0.00217583 -0.03228 -0.0658954 -0.000237545 -0.0879615 -0.11573 -0.0217774 0.0361141 0.00441363 -0.00523335 -0.000872528 -0.0379421 -0.0034967 0.00324557 -0.000920204 -0.00334023 0.000457658 -0.0133106 0.002378 0.0136879 0.00249276 0.047977 -0.0065452 -0.0173775 -0.000158329 -0.0345641 0.0259345 0.0115193 0.0186367 0.033049 -0.00971231 -0.0102162 -0.0399024 0.038383 -0.0354062 -0.00912515 0.0106146 0.00330899 0.00518598 0.00114512 0.0563832
internal_weight=194.635 182.065 177.646 175.021 114.883 44.6662 36.881 32.6121 70.2168 68.7248 2.36724 0.618008 66.3576 60.1376 44.0276 16.11 4.26892 42.84 1.74923 64.9174 61.7622 60.7138 3.67265 2.61214 57.0412 2.19595 1.54692 0.649033 5.50291 2.14623 41.9435 34.2078 2.75777 52.265 30.9808 28.1817 27.0189 24.5969 21.2842 31.45 13.8701 10.4562 3.41389 17.58 11.0651 6.27116 2.70473 3.56643 9.22647 8.04205 5.33156 2.71049 0.90867 4.79398 2.62517 3.15518 19.1701 4.12821 27.1092 26.2408 23.1153 3.35668
internal_count=48170 21351 19634 19326 4335 1928 1187 1058 2407 1990 119 58 1871 14991 3751 11240 129 3671 61 1636 1574 1561 475 217 1086 158 76 82 203 97 3636 3030 750 772 507 484 462 389 265 2280 1542 1396 146 738 548 347 55 292 1348 886 821 65 117 201 308 62 239 382 855 749 643 106
is_linear=0
shrinkage=0.05


Tree=122
num_leaves=63
num_cat=0
split_feature=12 12 1 12 2 7 7 9 5 7 1 0 0 2 3 3 12 3 9 9 12 9 10 3 7 0 2 2 1 7 9 1 9 12 12 5 9 6 12 10 10 6 5 5 6 4 3 12 6 10 4 6 12 6 9 9 9 1 1 9 9 12
split_gain=6.54813 4.1117 1.43416 1.19954 1.71974 1.64803 2.51728 1.62104 1.87675 1.61212 2.61627 1.77014 1.83929 1.71725 1.59203 2.62443 3.79798 1.55652 1.51752 4.2047 1.95511 1.5666 1.5158 1.47604 1.33455 1.30166 2.50191 2.74569 1.46965 1.42272 2.09339 1.79953 2.21137 1.59173 1.2988 4.43151 2.38185 1.93516 1.623 1.94947 1.98819 1.59511 1.17474 1.12817 1.37576 1.68812 2.7546 1.14395 1.12515 1.09312 1.08767 1.14781 1.14858 1.06911 1.64356 1.05511 1.04129 1.73664 1.03916 1.2685 1.17161 1.02888
threshold=0.30837436894229048 0.9090588656944838 0.22828571428571431 0.48506832767546765 0.92637759710930456 0.69047619047619058 0.87301587301587313 0.44562647754137119 0.69047619047619058 0.5277777777777779 0.87090053763440867 0.84660633484162906 0.75716625716625729 0.87226107226107241 0.97937925170068041 0.96051948051948066 0.8381423536083954 0.9457002457002458 0.19098277608915909 0.29217479674796754 0.39765987731153579 0.074537037037037054 0.026671408250355622 0.92084377610693402 0.73214285714285732 0.84660633484162906 0.92907444668008055 0.95040983606557383 0.85270009643201561 0.84523809523809534 0.39811320754716989 0.88912529550827435 0.13423423423423428 0.50040120607370453 0.82397133745578044 0.81666666666666676 0.13680926916221037 0.43650793650793657 0.68182276075382453 0.18441295546558709 0.18795289855072467 0.48076923076923084 0.58571428571428574 0.78888888888888908 0.13809523809523813 0.87681770284510019 0.89512961508248245 0.62790203878499784 0.42261904761904767 0.18624359479700436 0.62823920265780742 0.37980769230769235 0.81002169842174443 0.27922077922077926 0.25962962962962971 0.039230769230769243 0.056079664570230614 0.95040983606557383 0.68771551724137947 0.20761494252873566 0.13423423423423428 0.72553614411503753
decision_type=2 2 2 2 2 2 2 2 2 2 2 2 2 2 2 2 2 2 2 2 2 2 2 2 2 2 2 2 2 2 2 2 2 2 2 2 2 2 2 2 2 2 2 2 2 2 2 2 2 2 2 2 2 2 2 2 2 2 2 2 2 2
left_child=58 2 48 4 -4 7 -7 8 56 10 11 12 50 -14 15 17 24 25 21 -20 -21 -8 -9 -13 -17 49 42 -28 -29 31 33 -30 55 -31 38 36 -36 -38 41 -40 -41 53 -27 44 -34 47 -47 -46 -2 -11 -5 -52 -53 -35 -55 -33 57 -6 -1 60 -60 -42
right_child=1 -3 3 9 5 6 18 22 -10 14 -12 23 13 -15 -16 16 -18 -19 19 20 -22 -23 -24 -25 -26 26 27 28 29 30 -32 32 43 34 35 -37 37 -39 39 40 61 -43 -44 -45 45 46 -48 -49 -50 -51 51 52 -54 54 -56 -57 -58 -59 59 -61 -62 -63
leaf_value=-0.050022074263553346 -0.050689266585398657 0.050124577961161855 -0.01470346032871872 -0.05324934172149115 -0.035135591511926106 -0.053674064158151173 0.0027958395857391582 0.085708192044757298 -0.06014352143063454 -0.0023716471209330723 0.036780714475550966 -0.040920090341154458 0.053011292153936143 -0.0096784296426432031 0.050227455881373631 -0.064251750789808784 -0.15003258943470202 0.051338034356197854 0.067042061559203989 0.0268021722113366 -0.052959210366736315 -0.045464331278167104 -0.047434627337237488 0.031770471287381578 0.023662979809471164 -0.0014153628814797974 -0.079216110845169829 0.048602511407476755 -0.062890274737641735 0.039064968008170164 0.068551997829466402 -0.0015841766479722673 -0.026382771785984773 -0.0054465553919461123 -0.21658150845680418 0.05032767915753155 -0.11350885167155829 0.050466592087203235 0.052720442654082947 -0.094610905915579746 0.052469392885546633 -0.053606861585317279 0.067733200660403323 -0.049192160980668795 -0.0022756113839495751 -0.095855681973441159 0.027472760604353226 0.052485177201392598 0.049496460382820739 -0.061631348111021889 0.03342582892143791 -0.0013463484304879097 0.052121471780265674 0.05356677408270144 -0.055564426032879227 0.052867110532366493 0.033291335579218616 0.055809351018687697 -0.023878563804057642 -0.050431897257359838 0.037129523983908515 -0.011895528724679517
leaf_weight=6.6094978896726371 0.31987788496189695 4.2042120089754453 29.790347932750592 0.82845725724473851 1.5358977746509457 2.6160924053692716 4.5228984886780381 0.24732368561672102 0.67145570414140898 1.459883360192179 7.5673404070548704 3.369005433516576 3.843812244012951 1.5261089063715187 1.4195469291880716 0.7561391382478172 0.72483279858715821 1.371606558561324 2.5547345191589557 1.3296647226670759 1.8197639655554665 2.676819952117512 1.5756843384006061 0.88098586676642288 1.0059641720727084 0.90957475593313519 1.1610717102885235 1.4242878544609983 1.6874225139617944 2.5338384338538154 1.1825197944417585 1.7282262933440535 6.9209039213601482 20.56594559311635 0.33580360980704316 0.77334408974274982 0.53170441603288054 0.27195801422931254 2.9474794724956146 0.50715490360744331 1.0289718674030157 1.5990767765324552 1.8914212372619656 2.3513308588881037 1.8622004985809328 0.88608650118112542 0.9258424702566117 1.9548017948400227 2.2618368545954581 1.6665679421275852 3.1156178677338202 22.015075113857169 1.0524354188237328 1.7160202744416886 0.43182671163231123 1.8334911088459191 9.3308562764432263 0.79746928066015232 2.1538141443161298 2.1850403958233073 1.2400331492244729 1.5654759642202405
leaf_count=21402 252 1717 13531 106 49 258 226 5 18 24 741 56 160 43 417 20 58 235 86 45 22 116 194 73 41 9 22 27 25 22 23 86 41 172 15 217 13 47 242 7 52 29 49 28 17 9 40 93 56 38 106 565 78 99 7 55 425 16 817 4189 411 128
internal_value=-0.00113929 0.00125734 9.12295e-05 -0.000458903 -0.00621673 0.00230195 -0.00895179 0.0146377 0.0211415 0.00254126 0.0100161 0.00448702 0.00846894 0.0351951 -0.00218299 -0.0032689 -0.0536916 -0.00136968 0.000115064 0.0193787 -0.0192846 -0.0151471 -0.0293714 -0.025852 -0.0140623 -0.00248784 -0.000888614 -0.00309057 -0.00155515 -0.00282763 0.00312804 -0.0134653 -0.00894804 0.000905453 -0.00209039 -0.0420515 -0.104748 -0.0580198 0.000427173 0.0236032 -0.00406726 -0.00533905 0.0452784 -0.017408 -0.011453 0.00690353 -0.0328385 0.025769 0.0370833 -0.0339603 0.00315575 0.00494046 0.00109308 -0.00194094 0.0316258 0.0264461 0.0258207 -0.00405356 -0.036609 -0.0207181 -0.00158762 0.0136319
internal_weight=192.574 180.386 176.182 173.6 59.469 29.6787 15.52 14.1587 12.3357 114.131 44.1988 36.6315 32.3815 5.36992 69.9323 68.5128 2.48694 66.0258 12.9039 5.70416 3.14943 7.19972 1.82301 4.24999 1.7621 64.6542 61.5278 58.7268 57.5657 56.1414 35.9911 20.1503 18.4629 34.8086 32.2748 1.91281 1.13947 0.803662 30.362 6.04908 3.1016 24.3129 2.801 14.9012 12.5498 5.62893 1.81193 3.817 2.58171 3.12645 27.0116 26.1831 23.0675 22.7138 2.14785 3.56172 11.6642 2.33337 12.1884 5.57889 3.39385 2.59445
internal_count=48170 21351 19634 19326 14991 1460 753 707 508 4335 1928 1187 1058 203 2407 1990 119 1871 495 153 67 342 199 129 61 1636 1574 1516 1494 1467 1073 394 369 1050 1028 292 75 60 736 429 187 307 58 228 200 159 49 110 308 62 855 749 643 278 106 141 490 65 26819 5417 1228 180
is_linear=0
shrinkage=0.05


Tree=123
num_leaves=63
num_cat=0
split_feature=12 12 1 12 2 7 7 5 9 7 1 3 3 12 3 10 9 9 12 9 7 12 1 3 1 1 10 5 4 9 9 5 10 1 9 9 9 1 6 6 12 12 5 3 12 4 10 12 9 2 1 9 9 5 0 9 1 7 10 9 10 4
split_gain=6.14697 3.91371 1.31501 1.09737 1.5638 1.49352 2.38423 1.4851 1.71495 1.46473 2.51319 1.48881 2.39168 2.80642 1.47583 1.40085 1.37423 3.7768 1.80135 1.43786 1.31862 1.31798 1.22955 1.62552 1.59068 2.01977 1.71467 1.34252 1.32095 1.22466 1.55044 1.83165 1.41298 1.04587 1.23195 1.05467 1.03929 1.0948 1.0366 1.03446 0.973971 1.18527 0.973181 2.37162 2.2796 2.67418 1.70812 1.39521 1.39202 2.31224 2.14844 1.72231 2.57287 2.22901 2.03254 2.39894 2.71671 2.23497 2.062 1.7954 1.35266 1.91453
threshold=0.30837436894229048 0.9090588656944838 0.22828571428571431 0.48506832767546765 0.92637759710930456 0.69047619047619058 0.87301587301587313 0.69047619047619058 0.44562647754137119 0.58571428571428574 0.87090053763440867 0.97937925170068041 0.96051948051948066 0.8381423536083954 0.9457002457002458 0.026671408250355622 0.19098277608915909 0.29217479674796754 0.39765987731153579 0.074537037037037054 0.73214285714285732 0.81002169842174443 0.84292763157894746 0.95587280986372503 0.38038461538461549 0.71930794430794431 0.13182720953326715 0.37980769230769235 0.83449741315594983 0.072299651567944254 0.1856158484065461 0.31666666666666671 0.021507863089731735 0.68771551724137947 0.20761494252873566 0.13423423423423428 0.57002801120448188 0.96922348484848497 0.59166666666666679 0.42261904761904767 0.26236848596636581 0.2470763638157524 0.84523809523809534 0.51649148242116716 0.81002169842174443 0.86972236773179679 0.29459980713596917 0.5942586191961361 0.072299651567944254 0.92907444668008055 0.95040983606557383 0.12372448979591838 0.12660256410256412 0.78888888888888908 0.86706827309236967 0.23606811145510839 0.94804318488529027 0.87301587301587313 0.19859154929577469 0.15470085470085473 0.15047169811320757 0.90064102564102566
decision_type=2 2 2 2 2 2 2 2 2 2 2 2 2 2 2 2 2 2 2 2 2 2 2 2 2 2 2 2 2 2 2 2 2 2 2 2 2 2 2 2 2 2 2 2 2 2 2 2 2 2 2 2 2 2 2 2 2 2 2 2 2 2
left_child=33 2 39 4 -4 7 -7 8 -6 10 21 12 14 20 42 -10 19 -18 -19 -8 -14 22 23 29 26 -26 -25 28 -24 38 31 -31 -32 -1 35 -35 37 -12 -5 -2 41 -37 44 47 48 46 -46 -44 49 -11 -51 -50 -53 54 -54 -56 57 58 -57 -55 61 -47
right_child=1 -3 3 9 5 6 16 -9 15 11 36 -13 13 -15 -16 -17 17 18 -20 -21 -22 -23 27 24 25 -27 -28 -29 -30 30 32 -33 -34 34 -36 40 -38 -39 -40 -41 -42 -43 43 -45 45 60 -48 -49 51 50 -52 52 53 59 55 56 -58 -59 -60 -61 -62 -63
leaf_value=-0.050021007137602581 -0.050656662300032386 0.05011848770711972 -0.014087992954826373 0.05606982300703988 0.02438366457505076 -0.053161034069184057 0.0026564562941394387 -0.059430967105507507 0.082533091193977726 0.030094401023523922 0.047231063873871916 0.05021666810190515 -0.065418938656061354 -0.1276955835082971 0.051276621840087237 -0.046564632829692081 0.063363770276668105 0.025273959355473691 -0.051498996437726444 -0.043768132581504304 0.022821874718299457 0.051543582792759335 -0.035485013297821839 0.042039147409952821 -0.045719876899662538 0.050663083889380206 -0.025310177526311574 -0.039714638459847962 0.039859943767444936 -0.05322749301647553 -0.035564926848407674 0.0055307925454080821 0.024337133294205726 -0.022914837289933456 -0.050412900929786203 -0.034636348159082724 -0.026047875236219872 -0.031056013832766266 -0.01522421717660502 0.047580869096390893 -0.048562113801396273 0.090710315863675103 0.0099258696690021925 0.050901191306181329 0.051162576024044705 -0.18027869318576151 -0.082637812602222818 -0.02783421138063771 0.030372855190484785 -0.054801363893751502 0.021365889702721928 -0.076442865211724914 -0.051524720577662553 0.016721639838870605 0.0241669212988052 0.032729014172539282 -0.031505475633598366 0.055975970062077496 -0.024733935186395065 -0.055310335246996162 -0.02142086390850912 -0.056373693737821952
leaf_weight=6.2872798004536872 0.30446816436597091 3.9996438240632406 29.543670403596479 2.5804905692348323 11.731588759779696 2.5119193133141371 4.5222213205124717 0.65815575805027116 0.24407729014637758 1.5724091921001662 6.3183585840743026 1.3300937502644945 0.73899855278432303 0.80870652012526978 1.3062357606831927 1.5109402656380553 2.5675352939288132 1.3393046996206979 1.7788455432746557 2.6424206819210667 0.99126926204189658 1.4148739790543903 0.97712642070837263 2.0782639225944863 3.9230169546790421 0.63097591092810024 1.7331818114034829 3.2922707740217447 1.4375685427803544 1.847917480336039 1.0792971192277026 4.698738744482398 11.202063404954968 2.1327290284971245 2.0792382220097352 0.25480839001829714 0.61754958913661528 0.48054094263352443 0.63539212150499214 2.2359282409306616 0.27352893011993729 0.72577742428984493 8.683402728289364 2.727904872968792 0.80292438156902723 0.59341332898475208 0.33934188168495893 3.4058208540081969 4.3333912824746212 4.3568378670024686 1.1756412046961484 1.1551306545734394 1.5318229207769061 1.2169720139354456 12.137847734848039 2.5463360748253745 6.0730932240840039 2.1735073262825608 4.0351590206846595 2.9916199566796422 0.55559627385810006 0.6568574036937207
leaf_count=21402 252 1717 13531 84 490 258 226 19 5 31 678 411 18 57 235 193 86 45 22 116 41 177 41 30 53 81 23 54 64 93 45 72 363 817 4189 72 51 23 23 56 289 50 58 583 114 24 15 40 85 59 52 13 20 26 190 46 61 40 46 37 56 22
internal_value=-0.00108778 0.00121493 9.58256e-05 -0.000430889 -0.00595634 0.00218541 -0.0086086 0.0139085 0.0174875 0.00245177 0.00946011 -0.00216439 -0.00320566 -0.050804 -0.00132826 -0.0286105 0.00010029 0.018455 -0.0185236 -0.0144656 -0.0148658 0.0042044 0.00234986 0.00634646 -0.0124191 -0.0323656 0.0114133 -0.0189458 0.00937098 0.0134678 0.00859723 -0.0110548 0.0190729 -0.036114 -0.0201177 -0.00151894 0.0360568 0.0416978 0.0419836 0.035807 0.0348666 0.0581386 -0.00241784 0.0087902 -0.00585987 -0.0484623 0.0114135 -0.00071204 -0.00308728 -0.0234094 -0.038616 0.000692975 -0.00310528 -0.000515125 0.00450105 0.00768364 -0.00580909 0.0120157 -0.00250191 -0.0344813 -0.0863356 -0.115182
internal_weight=190.532 178.779 174.779 172.239 59.0507 29.507 15.3622 14.1448 13.4866 113.188 44.9476 68.2403 66.9102 2.53897 64.3713 1.75502 12.8503 5.68569 3.11815 7.16464 1.73027 37.5312 36.1163 30.4093 8.36544 4.55399 3.81145 5.70697 2.41469 22.0439 18.828 6.54666 12.2814 11.7534 5.46608 3.38684 7.41645 6.7989 3.21588 2.5404 1.25411 0.980586 63.065 14.8171 48.2479 2.94813 1.14227 12.0892 45.2998 7.10489 5.53248 38.1949 33.8615 32.7064 28.4978 26.9659 14.8281 8.755 6.5815 4.20859 1.80587 1.25027
internal_count=48170 21351 19634 19326 14991 1460 753 707 688 4335 1955 2380 1969 116 1853 198 495 153 67 342 59 1203 1026 867 187 134 53 159 105 680 573 165 408 26819 5417 1228 752 701 107 308 411 122 1618 681 937 231 129 98 706 142 111 564 479 466 403 383 193 132 92 63 102 46
is_linear=0
shrinkage=0.05


Tree=124
num_leaves=63
num_cat=0
split_feature=12 12 1 1 9 12 2 7 9 7 1 3 3 12 3 12 7 1 6 1 3 5 4 12 5 9 9 1 5 0 3 12 9 1 6 3 3 1 5 2 4 12 5 12 12 12 5 3 12 4 12 10 9 2 1 9 9 5 0 9 9 12
split_gain=5.783 3.72525 1.20504 1.04057 1.19103 1.0033 1.4216 1.38908 1.74674 1.33667 2.3761 1.4085 2.065 2.16369 1.39726 1.25866 1.15619 1.11855 1.4839 1.35135 1.43208 1.20812 1.21825 1.19879 1.23061 1.01144 2.00726 2.71226 1.36209 1.07364 1.00212 1.07033 0.979364 1.03821 0.951254 0.933296 1.35755 1.13802 1.17086 1.09217 0.981337 0.927053 1.0091 0.893842 1.37537 0.996071 0.8839 2.27178 2.01159 2.28396 1.86646 1.53843 1.26381 2.09818 1.93919 1.57202 2.30392 2.02264 1.83697 2.17979 2.57544 3.46252
threshold=0.30837436894229048 0.9090588656944838 0.22828571428571431 0.68771551724137947 0.20761494252873566 0.48506832767546765 0.92637759710930456 0.64583333333333337 0.44562647754137119 0.58571428571428574 0.87090053763440867 0.97937925170068041 0.96051948051948066 0.8381423536083954 0.9457002457002458 0.81002169842174443 0.73214285714285732 0.84292763157894746 0.37980769230769235 0.82402885682574922 0.70632463511720489 0.37980769230769235 0.83449741315594983 0.50040120607370453 0.31666666666666671 0.17902930402930406 0.098780487804878067 0.81557067271353001 0.64583333333333337 0.88185443668993035 0.62316372152437738 0.28669178355030223 0.57002801120448188 0.96922348484848497 0.42261904761904767 0.86319073083778985 0.90054945054945057 0.82838827838827844 1.0000000180025095e-35 0.18350168350168358 0.97014260249554385 0.4529637053611924 0.64583333333333337 0.42115187612069244 0.41240109490907895 0.4529637053611924 0.84523809523809534 0.51649148242116716 0.81002169842174443 0.86972236773179679 0.62790203878499784 0.29459980713596917 0.072299651567944254 0.92907444668008055 0.95040983606557383 0.12372448979591838 0.12660256410256412 0.78888888888888908 0.86706827309236967 0.23606811145510839 0.29217479674796754 0.62790203878499784
decision_type=2 2 2 2 2 2 2 2 2 2 2 2 2 2 2 2 2 2 2 2 2 2 2 2 2 2 2 2 2 2 2 2 2 2 2 2 2 2 2 2 2 2 2 2 2 2 2 2 2 2 2 2 2 2 2 2 2 2 2 2 2 2
left_child=3 2 34 -1 30 6 35 8 41 10 15 12 14 16 46 17 -14 18 19 20 23 22 -19 -7 -25 26 27 -9 -29 -27 31 -5 33 -12 -2 37 -37 -4 -39 -38 -41 42 -8 44 -30 -45 48 50 52 51 -48 -50 53 -11 -55 -54 -57 58 -58 -60 61 -61
right_child=1 -3 5 4 -6 9 7 25 -10 11 32 -13 13 -15 -16 -17 -18 21 -20 -21 -22 -23 -24 24 -26 29 -28 28 43 -31 -32 -33 -34 -35 -36 36 39 38 -40 40 -42 -43 -44 45 -46 -47 47 -49 49 -51 -52 -53 55 54 -56 56 57 -59 59 60 -62 -63
leaf_value=-0.050019986397059825 -0.050625553924562118 0.050112697595889572 -0.025766352066609238 0.0062760553845937917 -0.050394648876769477 -0.05717166350848011 0.012178761230966917 0.10652523351060861 -0.039844478567356179 0.028815595735473706 0.046767138888852547 0.050206102823281806 -0.060130630793362963 -0.10982029524869899 0.051217865193913428 0.051469086463478475 0.021997959375580176 -0.034276656207560735 -6.9323549725309869e-05 0.085764211353372102 0.04742541817464839 -0.037750867572535131 0.038769045065700933 -0.052877799257020443 0.028465910698808314 -0.053673920533274015 -0.048448636158152543 -0.050771637366145872 -0.051587976587465334 0.0088220490035836752 0.054125825581582514 -0.061726578989738427 -0.024782050639037236 -0.029054443298821727 0.045716168979859598 0.032416860356099357 0.052212214200718622 0.064840519869960131 -0.0080838957750974331 -0.044997460053876788 0.050660930957524442 0.074591073931266169 0.072542527723273298 -0.038415273396314321 0.080314369351673742 0.016048249233231917 0.0093479131078996001 0.050862724995426593 0.051110742728729203 -0.079159237298340179 -0.039093551553788304 -0.074708176587580402 0.029196659142717903 -0.052193456084365368 0.020597175244680205 -0.072103614019365686 -0.048929264620833253 -0.03291695604966545 0.023127256707909889 -0.069878638393094633 0.0090087267373250429 0.016952333560287896
leaf_weight=5.9807643558888213 0.2897925541910803 3.8050076039507976 15.471724429866304 1.8563260835071567 1.9785308616701511 0.76680243061855735 3.9034436154179302 0.54630498294136653 0.97972559870686371 1.5603964226320375 6.0683366253506383 1.2654838650487352 0.7631354522891336 0.89096102421171952 1.2439193937461812 1.3477686380501825 0.97733891615644097 0.96140403056051527 23.134090325504076 0.83608845248818386 2.500938058423344 3.2904060471337289 1.4049610290676353 0.57517880899831686 2.4262610413134098 0.72840350380283503 3.2071100340981502 1.5171266211837062 0.26894211841863558 12.153497888240963 0.6526697467197663 0.84068362214020442 0.61666234070435155 0.48777036648243655 2.211412009462947 2.4861570459033819 0.4575013185385618 0.59122411720454504 7.9760345901886467 2.0186529887723741 0.30917247617617238 1.060673516243696 0.84161693754140277 1.510320771718398 0.74533477274235338 1.8900777164380995 9.6151152625679952 2.5967764358501872 0.76452034874819152 1.8681516877841202 2.5069463662803164 0.35612944164313376 4.2838575125206253 4.3460856078891084 1.1589748635888097 1.163195845670997 1.5324113913811768 4.1882540609221897 12.051573061849924 2.907696211943402 9.915648040827362 1.8972383090294895
leaf_count=21402 252 1717 11279 776 4189 60 268 16 166 31 678 411 18 57 235 177 41 41 637 6 61 54 64 74 29 49 200 68 142 453 17 435 51 23 56 195 13 13 1811 213 7 21 12 26 12 27 65 583 114 102 33 15 85 59 52 13 20 63 190 21 140 32
internal_value=-0.00103848 0.00117343 9.97401e-05 -0.0357045 -0.0196357 -0.000404414 -0.00570376 0.00207419 0.0219104 0.00236457 0.00910774 -0.00204946 -0.00304256 -0.0464514 -0.00125655 0.00403263 -0.0140125 0.00225157 0.00606901 0.0260548 0.0180917 -0.0181553 0.00909212 -0.00137672 0.0128777 -0.00389015 -0.0160979 -8.20875e-05 -0.00990037 0.00528823 -0.00146755 -0.014921 0.0354598 0.0411261 0.0345539 -0.0134929 0.00555997 -0.017671 -0.0030514 -0.0184123 -0.0322925 0.0323316 0.0228853 0.00414526 0.0453396 -0.00814227 -0.00229738 0.00842152 -0.00558465 -0.0453065 -0.000670197 0.011127 -0.00294673 -0.0223626 -0.0368689 0.000669041 -0.00296206 -0.000486889 0.00431182 0.00735929 -0.00554977 -0.0355932
internal_weight=188.549 177.24 173.435 11.309 5.32821 170.934 58.663 29.3526 6.78546 112.27 44.4167 67.8538 66.5883 2.63144 63.9569 37.2439 1.74047 35.8961 30.2394 7.10527 6.26918 5.65677 2.36637 3.76824 3.00144 22.5671 9.68522 6.47811 5.9318 12.8819 3.34968 2.69701 7.17277 6.55611 2.5012 29.3105 5.27148 24.039 8.56726 2.78533 2.32783 5.80573 4.74506 4.41468 1.01428 3.4004 62.713 14.7188 47.9941 2.9888 12.1221 1.12065 45.0053 7.06546 5.50506 37.9399 33.656 32.4928 28.3046 26.7722 14.7206 4.80493
internal_count=48170 21351 19634 26819 5417 19326 14991 1460 467 4335 1955 2380 1969 116 1853 1203 59 1026 867 230 224 159 105 163 103 993 491 291 275 502 1228 1211 752 701 308 13531 428 13103 1824 233 220 301 280 207 154 53 1618 681 937 231 98 129 706 142 111 564 479 466 403 383 193 53
is_linear=0
shrinkage=0.05


Tree=125
num_leaves=63
num_cat=0
split_feature=12 12 1 1 12 12 2 10 4 9 2 9 12 1 12 6 5 12 9 12 6 10 4 6 10 2 12 12 4 5 1 0 5 9 6 2 10 9 1 2 1 7 10 9 12 4 5 7 0 6 12 10 9 9 5 10 12 9 9 10 12 0
split_gain=3.85989 3.5397 1.93765 2.05002 1.39625 1.19092 0.946555 0.907318 2.0692 2.18757 2.40921 2.02265 2.01101 1.96614 1.93228 1.80474 1.72888 1.371 1.26092 2.01782 13.9965 1.69984 1.85601 2.11815 1.75241 2.52516 1.64177 3.49866 1.35382 1.33417 1.46543 1.55661 1.3138 1.58932 1.61156 1.29884 1.18443 2.4716 1.10454 1.19757 1.10201 1.60061 1.24094 1.08488 1.35162 1.01203 0.973788 1.21975 0.960766 0.958142 0.93628 0.928987 1.06871 1.29898 1.99774 1.80368 1.54066 1.37997 1.33609 1.89717 1.24465 2.45168
threshold=0.30837436894229048 0.9090588656944838 0.68771551724137947 0.7359237536656893 0.25010067490003002 0.28669178355030223 0.69631093544137024 0.19538706256627789 0.43028421304036307 1.0000000180025095e-35 0.79682539682539699 0.031754032258064523 0.77970710046493774 0.96178188899707895 0.42115187612069244 0.78888888888888908 0.84523809523809534 0.50040120607370453 0.1731634182908546 0.88715586528501678 0.63961038961038974 0.060915275200989494 0.8938673341677098 0.75961538461538469 0.048980407836865261 0.78629976580796257 0.8381423536083954 0.85051083766261704 0.72681554103122747 0.81666666666666676 0.51835016835016845 0.83457711442786076 0.69047619047619058 0.14434523809523811 0.5634920634920636 0.17467581998474455 0.18441295546558709 0.25962962962962971 0.38582589285714292 0.23845060412224592 0.63312236286919843 0.31666666666666671 0.19478319783197837 0.16064516129032261 0.77970710046493774 0.43221621621621625 0.73214285714285732 0.78888888888888908 0.1680790960451978 0.17914438502673799 0.65576731082107542 0.20185185185185187 0.63373983739837414 0.4431524547803618 0.64583333333333337 0.20611577964519143 0.51711730126736499 0.43804824561403516 0.45260557053009892 0.25677655677655681 0.32440830873568754 0.7927781392322707
decision_type=2 2 2 2 2 2 2 2 2 2 2 2 2 2 2 2 2 2 2 2 2 2 2 2 2 2 2 2 2 2 2 2 2 2 2 2 2 2 2 2 2 2 2 2 2 2 2 2 2 2 2 2 2 2 2 2 2 2 2 2 2 2
left_child=2 7 -1 4 -4 6 -6 8 -2 10 48 -11 13 15 -15 16 51 -16 19 29 -21 24 36 26 25 28 -24 -28 -20 30 -13 40 43 -34 -35 -25 45 -38 39 -26 41 -32 -42 44 -33 -23 -27 -48 -10 -12 -37 -9 53 57 55 -55 58 60 -57 -60 61 -53
right_child=1 -3 3 -5 5 -7 -8 12 9 11 49 18 -14 14 17 -17 -18 -19 21 20 -22 22 23 35 38 46 27 -29 -30 -31 31 32 33 34 -36 50 37 -39 -40 -41 42 -43 -44 -45 -46 -47 47 -49 -50 -51 -52 52 -54 54 -56 56 -58 -59 59 -61 -62 -63
leaf_value=-0.05001837709926104 -0.061922518598829759 0.050108460813132763 -0.053972805155114482 -0.028760752017990561 0.094572458165732926 -0.051256777536430431 -0.050101112905424676 0.046272284982233992 0.061733336350231441 -0.065665279421479733 -0.06334616767858324 -0.048998390326314888 0.050989824724743088 0.038206063618223818 -0.061888386921359353 -0.13121910967944059 0.050607873586783508 -0.015003763971364215 -0.053698860392004624 -0.85986782469652057 0.050148879330593289 0.086946833826147471 0.047206740851311331 -0.095085886229930125 -0.050726950986851253 0.041868921064212181 -0.22647254827514082 0.050249226410209041 -0.0019786786601884306 -0.06586115053195396 -0.063189453742659524 -0.024321024712113323 0.052756008978712798 -0.059755326415076963 0.051624845495540118 -0.041961704085040817 0.029148043395329577 -0.092010227675989723 0.0081866598773681822 0.095179478484881966 0.041503602288814362 0.054729384335976752 -0.07664308506669798 -0.072570003446055131 0.050427027413665421 -0.013756536770651291 -0.050424930789827342 0.051437535199758945 -0.036864113335381699 0.045623764804129822 0.052267161506879073 -0.050345583664075523 -0.03085828508836207 -0.09265150992153319 -0.032135651946319933 0.072259768554496118 0.066371980146929202 -0.071533431668194328 0.058581770106208089 -0.017559182100799858 0.0014958040461601509 0.077465725988473136
leaf_weight=5.6616251215018547 1.5345674581767514 3.5678133838810018 0.33865093288477499 3.8385273956810124 1.0434820122609378 0.20681460452033196 0.12679799800389435 1.2769539850705758 0.2875031965086231 1.3980126874230325 0.21032616449519981 2.1558946057630335 2.1230847944971165 1.506041677086613 1.8178713823435817 0.24361749622039397 2.034132318920455 10.960471035330555 1.4790653848904245 0.054933425970374539 0.18305062362924218 0.25345652326360379 3.5716612296528174 0.54551982134580601 0.15802301547955666 4.7066213198704636 0.17912152549251903 0.31526034325361252 8.7529940256208629 1.1438338479492802 0.80799829255556932 7.2154572511208226 1.3949567542294965 0.95824589405674465 0.49126450531184673 0.59575105388648786 0.61700799354002711 1.3245850061939561 0.88811789124156337 1.2780298427096566 3.2544344528287188 0.44697533349972218 0.2385439216159283 1.0322742893768007 0.66010676138102997 15.924495051091069 0.71202961792005204 0.50044875126332045 1.7569945256982462 4.9319503147853538 0.4728603083640337 0.5158841417869543 2.2283491164271245 0.28030596324242463 1.4444362453650681 0.95473789263633069 2.7448356796521693 0.63330798054812376 1.1875170629064089 2.6298810051521286 68.134327327919891 1.3758763204095883
leaf_count=21346 932 1689 140 4763 93 184 204 201 9 51 19 1390 447 59 25 3 52 186 1135 15 73 8 123 3 79 291 14 85 563 20 97 191 72 28 29 13 51 145 201 123 302 27 2 19 138 3303 17 33 283 939 51 1122 360 28 26 84 41 22 216 769 4874 138
internal_value=-0.000984451 0.000807261 -0.0294342 -0.00845216 0.036983 0.0593505 0.0788973 -0.000200608 -0.00448068 -0.00323736 0.0229128 -0.00618717 0.00283603 0.00181337 -0.0153604 0.0046764 0.00506388 -0.0216737 -0.00485276 -0.0151837 -0.159909 4.39975e-05 -0.0087897 0.0161486 0.0114235 0.00558198 0.0353862 -0.050011 -0.00945494 -0.0134442 -0.0102304 -0.00516507 -0.0149263 0.0146578 -0.0220066 -0.0323114 -0.0166075 -0.053508 0.0520172 0.079124 0.0189963 -0.0211911 0.0334351 -0.0243732 -0.0180559 -0.0121788 0.0315756 -0.00838134 -0.0229991 0.0411667 -0.00026545 0.00395314 0.00329516 0.00424766 0.0218757 0.0318812 0.036525 0.00194204 0.0193577 0.00612676 0.00260655 0.0426115
internal_weight=189.308 178.092 11.2159 5.55427 1.71575 1.37709 1.17028 174.524 72.4324 70.8978 7.18677 63.711 102.092 99.9685 14.2844 85.6842 85.4405 12.7783 62.313 20.038 0.237984 42.275 23.7997 5.68017 18.4753 16.1512 4.06604 0.494382 10.2321 19.8 18.6562 16.5003 11.7523 2.84447 1.44951 1.61413 18.1195 1.94159 2.32417 1.43605 4.74795 1.25497 3.49298 8.90784 7.87556 16.178 5.9191 1.21248 2.0445 5.14228 1.06861 83.4064 82.1295 79.9011 9.24171 7.79728 7.51697 70.6594 4.77214 3.8174 70.0261 1.89176
internal_count=47946 21216 26730 5384 621 481 297 19527 10874 9942 1250 8692 8653 8206 270 7936 7933 211 8641 2403 88 6238 3796 289 2442 2039 222 99 1698 2315 2295 905 477 129 57 67 3507 196 403 202 428 124 304 348 329 3311 341 50 292 958 64 7881 7680 7320 1164 1138 1110 6156 1069 985 6134 1260
is_linear=0
shrinkage=0.05


Tree=126
num_leaves=63
num_cat=0
split_feature=12 12 5 12 3 2 0 10 3 9 2 12 9 6 9 9 9 4 10 4 3 4 2 10 12 7 9 3 12 4 10 9 12 2 12 12 12 9 2 6 12 10 12 10 10 5 12 0 7 5 9 0 9 0 9 6 7 9 9 5 10 12
split_gain=3.61263 3.36654 1.1367 1.09315 0.927123 1.29463 0.880587 0.818035 2.09599 2.02402 2.27369 1.91981 1.83626 1.49038 1.28773 2.63255 1.14315 1.6087 1.52389 1.67029 3.41509 1.71174 1.60055 2.31015 1.45082 4.20711 4.18522 1.68091 1.44659 1.29256 1.08614 2.22418 1.05652 1.35612 1.58588 1.12765 1.03617 1.40781 1.0052 0.919514 1.05412 0.944379 1.35549 1.70059 1.05774 0.918156 0.915469 0.879473 1.59699 1.48291 1.71034 1.41337 0.875285 0.872189 0.86653 0.861362 0.860462 0.850071 1.00106 1.77149 1.83833 1.46484
threshold=0.30837436894229048 0.9090588656944838 0.44949494949494956 0.29853623390901801 0.62316372152437738 0.34330357142857154 0.34525329927628784 0.19538706256627789 0.45199692780337947 1.0000000180025095e-35 0.81557067271353001 0.77970710046493774 0.031754032258064523 0.78888888888888908 0.050641025641025648 0.059714795008912663 0.1731634182908546 0.86037735849056607 0.060915275200989494 0.8938673341677098 0.96051948051948066 0.9417420814479639 0.78629976580796257 0.048980407836865261 0.82397133745578044 0.84523809523809534 0.13840996168582378 0.89009661835748799 0.65576731082107542 0.72681554103122747 0.18441295546558709 0.25962962962962971 0.7463963349126802 0.937885802469136 0.51711730126736499 0.70516999243656409 0.32544008808963426 0.056079664570230614 0.19836065573770492 0.14835164835164838 0.44506849620047589 0.16152751423149908 0.51711730126736499 0.07362240289069559 0.10300618921308578 0.22649572649572652 0.43216994598982794 0.81302966101694929 0.58571428571428574 0.44949494949494956 0.036375661375661381 0.938137755102041 0.26138716356107666 0.1680790960451978 0.25245098039215691 0.17914438502673799 0.81666666666666676 0.63373983739837414 0.4431524547803618 0.64583333333333337 0.20611577964519143 0.51711730126736499
decision_type=2 2 2 2 2 2 2 2 2 2 2 2 2 2 2 2 2 2 2 2 2 2 2 2 2 2 2 2 2 2 2 2 2 2 2 2 2 2 2 2 2 2 2 2 2 2 2 2 2 2 2 2 2 2 2 2 2 2 2 2 2 2
left_child=2 7 4 -4 -1 -6 -7 8 -2 10 53 13 56 14 47 36 17 32 22 30 -21 -22 23 29 -19 27 -27 -26 -23 -18 38 -32 33 34 -14 -35 -16 -38 -20 40 -40 42 54 -44 52 -43 -25 -9 49 -49 -51 -50 -45 -10 -41 -12 -11 58 -17 60 -60 -62
right_child=1 -3 3 -5 5 6 -8 11 9 12 55 -13 16 -15 15 57 18 24 19 20 21 28 -24 46 25 26 -28 -29 -30 -31 31 -33 -34 35 -36 -37 37 -39 39 41 -42 45 43 44 -46 -47 -48 48 51 50 -52 -53 -54 -55 -56 -57 -58 -59 59 -61 61 -63
leaf_value=-0.050130110760237372 -0.060756091985198359 0.050103161699198331 0.015580236857821625 -0.066919205479397129 -0.050038643936627172 0.069226572307765438 -0.01130258034817767 -0.040553004408024854 0.061034988587493726 -0.022393193777276485 -0.063421151088113095 0.050944547574404864 -0.020027473412074115 -0.11905128778645956 0.12720229718235235 0.0026185029969437571 -0.053555615468685161 -0.019084760537133972 -0.056375235512674163 0.046160723186924518 -0.10967760577994877 -0.047199902212741528 0.031549311254056793 0.078689989221110285 -0.10158914467328101 -0.24170409394492276 -0.030419551230367672 0.050622961525744407 0.051716637516013089 -0.0018795013693578895 0.028226765959231678 -0.087353543253099089 0.050976526760441593 -0.0073276183226046012 0.040543854871200991 -0.065478803908642955 -0.020765158917797649 0.086770246571725759 -0.050102451853085955 0.04200099839300208 0.080199981944510973 -0.035470157815000153 0.019214662270647272 -0.10052120428718943 -0.023453573210319562 0.049946171495519005 0.0060088053277358383 -0.042384420507632442 -0.038633827427370211 0.065771040028574188 -0.0091233167076864973 -0.0044103456315703251 -0.039798553055488718 -0.034383998042978099 -0.0068096964852984851 0.045296428500240009 -0.10096734535891352 -0.025733454129087858 -0.080912826894417089 -0.030745959663778438 0.018382506187035748 0.064566712195002429
leaf_weight=5.4195364331244473 1.6054296937363677 3.3941590229514977 2.1090214936994012 0.49595530840451818 1.3598238804552241 0.52941082073084522 0.94621237328101415 1.8552741419698602 0.27674287589616087 0.68197387727559433 0.18950819558813226 2.0212903820211059 1.9160118489817248 0.25477805361151595 0.49669069846277025 59.541704633418703 1.4041715940111341 8.9687234997691103 1.1513831339543781 3.4700483865453853 0.55811154376715455 0.9197723038960246 6.2469567749940316 1.1649672138155427 0.24993883073329815 0.49612256814725697 0.44426169956568629 0.6612176465569064 0.61792932497337461 8.7540954449505062 0.6069334052153853 1.324790500802919 0.95176972076296884 2.4861667036311705 2.4784939816454425 1.254263882525265 0.52272908980376065 0.72854249662486836 0.21310139462002453 1.2053521571215222 0.57135711825685576 0.43766831670654838 1.5047080788062883 1.0382994466926905 3.7599918929045089 1.118957396247424 0.68978068162687112 0.69052190671209546 3.6539453273580902 2.0733381746977106 1.2055272946599869 17.301257329294458 1.3851675887126473 1.7789172254124421 3.7016701232932974 4.7183189489587676 0.7124001532793045 2.3267277644190463 0.35849293161299822 1.4356987757491877 4.7708350214234088 2.6821128984447569
leaf_count=19147 1110 1689 741 172 4657 334 1679 642 8 47 13 447 1504 3 27 5302 1117 365 399 175 23 16 368 323 1 24 18 181 75 563 50 141 97 60 93 14 80 44 339 377 12 329 30 14 89 51 41 28 67 75 28 333 33 286 1554 931 3 380 60 27 1069 41
internal_value=-0.000930487 0.000786721 -0.0289228 -0.000126635 -0.0380099 -0.0148439 0.0175889 -0.000177301 -0.00426858 -0.00297509 0.0226078 0.00270152 -0.00579624 0.0017254 0.00203421 0.00548015 -0.00451501 -0.0143782 0.000177176 -0.00821847 0.0157229 -0.0346731 0.0110213 0.000346408 -0.0274035 -0.067699 -0.141888 0.00886974 -0.00745004 -0.00902266 -0.0156135 -0.0510391 0.00113213 -0.00469955 0.0141347 -0.0268272 0.0661007 0.0418464 -0.0113598 -0.00788975 0.0448028 -0.0108106 -0.0153513 -0.0284556 -0.0400559 0.0259301 0.0516599 -0.00734162 -0.00486951 0.0242102 0.0382349 -0.0103779 -0.0658143 -0.0215382 0.00518008 0.0410985 -0.0625375 0.00399015 0.00499553 0.020301 0.0296832 0.0350029
internal_weight=187.889 177.029 10.86 2.60498 8.25498 2.83545 1.47562 173.635 71.7155 70.11 6.96349 101.919 63.1466 99.8982 99.6434 72.8635 61.7522 19.907 41.8452 23.5852 5.56586 2.09581 18.26 12.013 10.8203 1.85154 0.940384 0.911156 1.5377 10.1583 18.0194 1.93172 9.08671 8.13494 4.39451 3.74043 1.74796 1.25127 16.0877 14.9363 0.784459 14.1518 12.5952 7.68817 6.18346 1.55663 1.85475 26.7799 24.9246 3.96939 3.27887 20.9552 2.42347 2.05566 4.90702 4.90783 1.39437 71.1156 68.7888 9.24714 7.81144 7.45295
internal_count=47946 21216 26730 913 25817 6670 2013 19527 10874 9764 1238 8653 8526 8206 8203 7030 8476 2357 6119 3707 289 114 2412 2044 589 224 42 182 91 1680 3418 191 1768 1671 1597 74 151 124 3227 2828 351 2477 2097 166 136 380 364 1173 531 131 103 400 47 294 1931 944 50 6879 6499 1197 1170 1110
is_linear=0
shrinkage=0.05


Tree=127
num_leaves=63
num_cat=0
split_feature=12 12 1 1 12 12 3 2 10 3 9 2 9 12 7 10 3 1 12 12 12 6 6 2 0 6 9 9 4 7 10 3 4 1 0 12 6 10 12 6 3 0 12 3 6 12 9 0 1 10 9 9 9 3 1 7 7 7 6 0 10 3
split_gain=3.41637 3.16332 1.88556 1.79548 1.25014 1.0116 1.00526 0.787035 0.749757 1.95526 1.78828 2.12478 2.05113 2.80099 6.01407 1.63141 2.01798 1.60494 1.62496 3.62144 1.40685 1.3401 1.23469 1.22373 1.87185 1.35413 1.11948 1.36292 1.94139 1.77741 1.35924 1.33878 2.01612 1.10943 1.88291 1.28293 1.14637 1.03513 1.03435 1.00943 3.73746 0.978041 1.11887 0.923394 0.921352 0.916492 1.04968 2.08732 1.59207 0.905904 0.904597 1.00344 0.884154 0.875441 0.932356 1.08995 1.04221 1.10763 0.872384 0.870081 0.880009 0.859595
threshold=0.9090588656944838 0.30837436894229048 0.68771551724137947 0.7359237536656893 0.25010067490003002 0.28669178355030223 0.70299970299970316 0.69631093544137024 0.18795289855072467 0.45199692780337947 1.0000000180025095e-35 0.79682539682539699 0.12660256410256412 0.85051083766261704 0.87301587301587313 0.18441295546558709 0.88493064312736458 0.96178188899707895 0.42115187612069244 0.48506832767546765 0.68182276075382453 0.78888888888888908 0.17914438502673799 0.24068965517241384 0.21778656126482213 0.5634920634920636 0.13840996168582378 0.1731634182908546 0.86453119786453125 0.84523809523809534 0.040408163265306128 0.92084377610693402 0.86972236773179679 0.36754443712969065 0.19433516915814328 0.85051083766261704 0.82575757575757591 0.19189852700491003 0.68182276075382453 0.39230769230769241 0.82891986062717782 0.29217479674796759 0.65576731082107542 0.70859704641350219 0.82575757575757591 0.70516999243656409 0.10102040816326532 0.93127066603684472 0.49096016343207355 0.050641025641025648 0.52803983228511542 0.40175438596491236 0.63373983739837414 0.61985915492957766 0.53479313380281701 0.095454545454545472 0.5634920634920636 0.34848484848484856 0.48076923076923084 0.72595520421607385 0.021507863089731735 0.91545844394527276
decision_type=2 2 2 2 2 2 2 2 2 2 2 2 2 2 2 2 2 2 2 2 2 2 2 2 2 2 2 2 2 2 2 2 2 2 2 2 2 2 2 2 2 2 2 2 2 2 2 2 2 2 2 2 2 2 2 2 2 2 2 2 2 2
left_child=1 2 -1 4 -4 7 -5 -6 9 -3 11 59 13 45 -15 23 -17 20 -19 -20 21 52 -21 33 -25 26 -26 28 30 31 -28 32 50 35 -35 36 -14 -22 41 40 -39 -27 -43 -31 -36 46 47 48 -12 -50 51 53 -10 -29 -55 -56 57 -57 -34 60 -11 -48
right_child=-2 8 3 6 5 -7 -8 -9 17 10 12 -13 15 14 -16 16 -18 18 19 22 37 -23 -24 24 25 38 27 29 -30 43 -32 -33 58 34 44 -37 -38 39 -40 -41 -42 42 -44 -45 -46 -47 61 -49 49 -51 -52 -53 -54 54 55 56 -58 -59 -60 -61 -62 -63
leaf_value=-0.050016786001315629 0.050098122163542397 -0.060862140638108631 -0.053840461279380414 -0.038197879236057296 0.086947440693555977 -0.051140742757313333 0.034624226986997658 -0.050099160237253408 0.0046105313056180293 -0.049579344659333044 -0.051399283016545942 0.040182752672375047 -0.0085701155339609238 0.050256578501714479 -0.21636823747940587 -0.093997631707570847 0.053662840478013389 0.036632561293248635 -0.10834458701609276 -0.014868610279646841 -0.04326316295763355 -0.1091254257754689 0.050269152163493862 0.077853736149673169 0.052578480520859318 -0.050547833437119584 -0.045669866751593263 -0.060989652371764236 -0.073842069873320371 -0.0083969462259375332 0.036959372782683068 0.04844710624864678 -0.022057621860207655 0.028411514586310693 -0.040211433308054122 -0.10814564295757141 0.054150747934461521 0.05235413565958659 0.027523583252666118 0.051180334644988834 -0.097871665375870914 0.020883526918851345 -0.053546097504292713 0.052848556155705551 -0.11215374191671301 -0.030797000369219188 -0.053674088597400908 -0.049606905917737247 0.00048497629886992124 0.053553071671058342 -0.038121331965404223 0.021002776368744959 -0.027135824852868563 -0.05046689852117886 0.053720362254460911 0.0043929623764933506 0.018292760446360742 -0.067096976750190329 -0.08611262714921146 -0.062344096326718869 0.038574094842989848 0.046795768465402697
leaf_weight=5.1501183601940266 3.2289405360352239 1.4897500127117371 0.31967352624633338 3.1336144053202593 1.0562033594760576 0.18954942646087136 0.55834335528197687 0.11629529405035999 80.656046954274643 0.4554152984637756 0.61295086442259705 4.6518620332644787 5.1225089851359353 0.35465761937666762 0.52395964134484529 0.92910029308404662 0.30811298883054405 1.4974804536323052 1.0302230051020149 11.465552195440974 0.45954233012162049 0.26380334980785747 0.77678799920249808 0.86043213339871627 0.84663036983693274 0.85666995740029772 0.91583289645496169 0.75102788145886901 1.6617813374614341 0.87012242712080423 1.090122013207292 1.0118993274809316 1.0039403410046355 0.65921531885396722 1.0701920705323571 0.28549519181251515 0.84930326975882042 1.3447539373300967 7.8780584636842832 3.4418649530271068 0.59820194356143463 3.0952683275972963 0.60334811662323762 2.1025316850282252 0.76185370609164227 6.1231787658762187 1.4462808415701145 1.2883283541304988 1.2098604550119492 2.3983362323779147 1.6398008180258319 4.1812865578394849 2.2545143810857544 0.91262616685708042 0.91979841026477505 1.103056956198998 2.170269981957972 1.0648387360270133 1.1296531919506376 0.78873355203540985 0.74825048679485917 0.24964069176348846
leaf_count=21346 1689 1068 140 4618 93 184 145 204 7543 23 648 923 956 118 16 73 18 61 20 85 22 3 256 36 110 41 95 780 20 25 287 30 25 78 389 2 15 63 613 472 18 161 14 87 4 223 288 29 83 177 645 853 388 1152 54 84 38 26 22 14 240 13
internal_value=-0.000885538 -0.0017836 -0.028398 -0.00767861 0.0351442 0.056029 -0.0271848 0.0733544 -0.000162602 -0.00420223 -0.00295184 0.0216782 -0.00564068 -0.0222743 -0.108744 -0.000575444 -0.0572246 0.00252283 -0.0127414 -0.018312 0.00505548 0.00338928 -0.0107356 0.000967727 0.00497658 0.00322544 -0.00386582 -0.00598701 -0.0338751 -0.000563797 -0.000765591 -0.00720303 -0.0109884 -0.0158351 -0.0440538 -0.00460025 0.000349963 0.0287681 0.0165573 0.0349152 0.00610225 -0.00240811 0.00874197 0.0349215 -0.0701285 -0.0165743 -0.00448773 0.00610036 0.0231027 0.0357589 -0.00345647 0.00166323 0.00374728 -0.0100196 -0.00381601 0.00428119 -0.00620113 -0.0307219 -0.0559722 -0.0215263 0.00522063 -0.0388849
internal_weight=186.537 183.309 10.5238 5.37368 1.68172 1.36205 3.69196 1.1725 172.785 68.996 67.5062 6.64426 60.862 14.2072 0.878617 46.6548 1.23721 103.789 14.77 13.2726 89.0187 83.1744 12.2423 45.4176 36.669 35.8086 23.3752 22.5286 3.66774 18.8609 2.00595 15.8882 14.8763 8.74857 2.49126 6.25731 5.97181 5.84436 12.4333 5.38482 1.94296 4.55529 3.69862 2.97265 1.83205 13.3286 7.2054 5.50948 4.22115 3.6082 12.7427 11.1029 82.9106 6.92162 6.17059 5.25796 4.33817 2.1679 2.13359 1.9924 1.20367 1.69592
internal_count=47946 46257 26730 5384 621 481 4763 297 19527 10596 9528 1200 8328 1595 134 6733 91 8931 422 361 8509 7934 341 6642 5198 5162 4333 4223 402 3821 382 3709 3679 1444 471 973 971 575 829 553 81 216 175 112 393 1461 1238 937 908 260 3632 2987 7931 2134 1354 202 148 110 47 277 263 301
is_linear=0
shrinkage=0.05


Tree=128
num_leaves=63
num_cat=0
split_feature=12 12 1 1 12 12 4 9 2 10 12 6 9 9 12 7 2 0 1 5 12 12 10 0 6 9 5 2 0 10 2 1 0 1 10 9 12 1 4 12 4 9 9 10 1 5 6 4 12 10 4 6 4 12 10 10 6 12 12 10 7 6
split_gain=3.24161 2.97252 1.83778 1.64935 1.14003 0.906956 0.811376 0.731365 0.695787 0.686288 2.21443 1.67802 1.35498 2.07257 2.65291 6.13407 1.95484 1.33793 1.33307 1.72325 1.4846 3.08818 1.06701 1.05387 0.912229 0.901385 0.98041 0.920016 1.69748 1.22053 1.27917 1.17381 1.71636 1.38341 1.07252 1.68499 1.1363 0.895968 0.875147 0.870463 1.07793 0.870433 1.18048 1.18399 1.44931 2.22732 1.44871 1.56132 1.99813 2.08702 2.03197 1.27176 1.05815 0.983596 0.928045 1.52865 0.861532 0.788134 0.759811 0.787988 0.754335 0.750807
threshold=0.9090588656944838 0.30837436894229048 0.68771551724137947 0.7359237536656893 0.25010067490003002 0.28669178355030223 0.62268230638778987 0.33647798742138368 0.69631093544137024 0.16345083487940634 0.79559063107394368 0.093073593073593086 1.0000000180025095e-35 0.12660256410256412 0.82397133745578044 0.84523809523809534 0.89039039039039047 0.97752525252525257 0.96178188899707895 0.84523809523809534 0.42115187612069244 0.48506832767546765 0.15655637254901963 0.97752525252525257 0.14835164835164838 0.13840996168582378 0.78888888888888908 0.24068965517241384 0.21778656126482213 0.030536130536130541 0.78629976580796257 0.36754443712969065 0.19433516915814328 0.33166248955722649 0.03883861236802414 0.14854215918045707 0.53841480580355372 0.95040983606557383 0.73678839957035469 0.85051083766261704 0.89638906961613551 0.16064516129032261 0.16823899371069184 0.060915275200989494 0.44954545454545464 1.0000000180025095e-35 0.20526315789473687 0.91481481481481486 0.81002169842174443 0.12933094384707292 0.88548009367681513 0.42261904761904767 0.86037735849056607 0.44506849620047589 0.075235849056603785 0.088562091503267992 0.17914438502673799 0.53841480580355372 0.7463963349126802 0.12390350877192984 0.73214285714285732 0.82575757575757591
decision_type=2 2 2 2 2 2 2 2 2 2 2 2 2 2 2 2 2 2 2 2 2 2 2 2 2 2 2 2 2 2 2 2 2 2 2 2 2 2 2 2 2 2 2 2 2 2 2 2 2 2 2 2 2 2 2 2 2 2 2 2 2 2
left_child=1 2 -1 4 -4 8 -5 -8 -6 11 18 -3 16 14 17 -16 -13 24 19 37 -20 -22 25 -24 -14 -15 27 31 -29 30 38 33 -33 39 35 -31 -37 -11 -30 40 -27 -36 -43 51 -45 -46 53 48 49 50 52 -44 54 -47 57 -56 -18 -48 -28 -60 -57 -34
right_child=-2 9 3 6 5 -7 7 -9 -10 10 -12 12 13 22 15 -17 56 -19 20 -21 21 -23 23 -25 -26 26 58 28 29 34 -32 32 61 -35 41 36 -38 -39 -40 -41 -42 42 43 44 45 46 47 -49 -50 -51 -52 -53 -54 -55 55 60 -58 -59 59 -61 -62 -63
leaf_value=-0.050015970511072851 0.05009332950282426 -0.062316470278293491 -0.053657300937234365 -0.040476837622177443 0.08162802772682197 -0.051087630562076464 0.044475529047038838 -0.050349535002349011 -0.050094367296653335 0.0019249284923420901 0.050721720863154997 -0.016549495128772778 0.059005057370117908 0.050377000017988983 0.050397690638131057 -0.15487112050351493 -0.063213238498680588 0.054033645767916055 0.03438357852396854 0.048850373427820441 -0.10037766340823213 -0.011026426318383053 -0.064614419029599954 0.051166025179516433 -0.02148796340241281 -0.03380290903019726 -0.054609259376387942 0.076157774823135987 -0.053977440440997941 -0.14787288732916801 0.036064251081378861 0.027465216568025953 -0.038780332268167968 0.039940350757398629 0.042800492049593131 -0.052914126402390495 0.032207475902834279 0.054075872134825655 0.0084087280944432786 -0.097217054419809323 0.018428823334548716 -0.056188916256018052 -0.036256411055283863 -0.045827803369665576 0.047150228735337703 -0.050193969922355176 -0.05262188208190921 0.051322375101781531 -0.11245877009422262 0.037112323370023667 0.053149654402500482 0.054904612436979465 -0.07913495479712182 0.07621416059411068 -0.099539259201212052 -0.031630218616349785 0.047284503582973349 0.050335345409726021 0.052374168693031901 -0.048667376784654999 0.054510196910934311 -0.10412856757051224
leaf_weight=4.8990219419065379 3.0717496980214483 1.2223029288579699 0.30509466546936881 2.6735015563317579 1.0684472966531755 0.18048772084875953 0.62799347125110205 0.30071194667834789 0.11063382335123595 89.035335131149623 2.3067907643271601 2.3378542905993518 0.36416221034596397 0.91128479089820658 0.55904294550418754 1.0429125868249682 0.18565361876972053 0.66933917044662017 1.4974221377051424 2.0427114185877135 1.0508854761719693 12.119618024444206 1.1063891241356021 0.23899779096245755 10.528525606307083 2.0847604559967281 1.3973326944396824 0.83900522562908264 0.65297410677885803 0.29841171755106444 5.0055031666706782 0.65286107113934155 1.0085730851424157 1.5449377657641887 1.144881673768398 0.97376850407454163 0.65630065731238574 0.83127431117463757 4.0410110385564622 0.30126970261335362 1.8772292862122411 0.9566170552570864 0.49094992403115556 1.8386183465772763 2.2010038424486984 0.19426858868973695 0.27099711977643748 0.78142010688316066 0.5754881267203017 1.4761797360552007 0.64053682610392559 1.7333168065670177 1.3480296678608281 0.74036114756017923 0.78582466446096111 1.2481316261983009 3.5400562747381628 0.59177910117432475 0.42963114916346956 0.35027058364357799 0.31913339241873462 0.7790628895163535
leaf_count=21346 1689 806 140 4207 93 184 78 478 204 8980 571 306 150 147 148 19 12 27 75 65 21 241 170 18 1125 598 16 32 575 23 278 74 351 238 197 347 58 43 301 2 25 76 301 1292 225 187 54 109 42 77 15 115 11 9 37 116 752 13 33 11 9 4
internal_value=-0.000842409 -0.00170215 -0.0279732 -0.00746997 0.0336896 0.0532907 -0.0264908 0.0137715 0.0692684 -0.000147808 0.00225465 -0.00430418 -0.0031552 -0.00560072 -0.0229357 -0.0832374 0.0192896 -0.0145807 0.00120561 0.00343954 -0.0127922 -0.0181558 -0.000229742 -0.0440469 -0.0187969 0.00120313 8.9267e-05 0.00195631 0.00604631 0.00401548 0.0184807 -0.0128219 -0.0419195 -0.000595544 -0.00326705 -0.0386394 -0.0186424 0.00240733 -0.00026973 -0.0152851 -0.00905501 0.000667467 -0.0023115 0.00107128 -0.00469152 0.00207773 -0.00897923 -0.0158305 -0.0230623 -0.0153614 -0.030245 0.0347832 -0.0419493 0.0499394 -0.0263618 -0.0426261 0.0417784 0.0179966 -0.0325424 0.00699425 -0.0140899 -0.0672595
internal_weight=185.059 181.987 10.1659 5.26687 1.66466 1.35957 3.60221 0.928705 1.17908 171.821 108.884 62.937 61.7147 55.6511 13.164 1.60196 6.06356 11.562 106.577 91.9093 14.6679 13.1705 42.4871 1.34539 10.8927 41.1417 40.2304 38.0532 29.8045 28.9655 9.69949 8.24869 2.4405 5.8082 19.266 1.92848 1.63007 89.8666 4.69399 4.26326 3.96199 17.3375 16.1927 15.236 13.0118 11.1732 8.97215 8.03752 7.2561 6.68061 5.20443 2.22427 4.5639 0.93463 3.21587 2.35309 3.72571 0.862776 2.17723 0.779902 1.56727 1.78764
internal_count=47946 46257 26730 5384 621 481 4763 556 297 19527 9996 9531 8725 7655 1469 167 1070 1302 9425 9088 337 262 6186 188 1275 5998 5851 5791 4499 4467 1154 1292 429 863 3313 428 405 9023 876 625 623 2885 2688 2612 2196 904 679 483 374 332 255 416 240 196 229 162 764 67 60 44 125 355
is_linear=0
shrinkage=0.05


Tree=129
num_leaves=63
num_cat=0
split_feature=5 3 3 1 3 1 7 3 1 1 0 2 3 5 9 9 9 5 3 4 9 0 0 4 1 0 2 5 3 0 10 3 3 6 1 9 6 9 4 6 10 9 10 5 9 10 3 4 7 5 0 3 5 1 5 7 9 9 9 9 7 10
split_gain=1.68393 3.09181 2.84453 2.15342 1.71283 1.66447 1.56844 1.77933 1.65199 1.49868 1.40992 1.2234 1.14278 1.13037 1.11736 1.32213 1.8159 1.31765 1.13683 1.30849 1.37634 2.08221 1.28452 1.21181 1.19516 1.12083 2.0098 1.16076 1.14378 1.113 1.08261 1.64331 1.6977 1.48746 1.3033 1.60486 2.63585 2.74167 1.81304 1.49633 1.48855 4.03237 3.38681 1.76672 2.01222 1.46952 1.43791 1.59157 1.64558 1.25333 1.23264 1.21941 1.36987 1.13861 2.40292 1.1271 1.62001 2.60767 1.07455 1.17425 1.22613 1.04459
threshold=0.44949494949494956 0.97937925170068041 0.70632463511720489 0.82097069597069605 0.71148775894538618 0.82402885682574922 0.58571428571428574 0.96511156186612579 0.77581480353335375 0.80111111111111122 0.7927781392322707 0.99333333333333351 0.66369047619047616 1.0000000180025095e-35 0.47434210526315795 0.52041666666666686 0.54870335230866552 0.5634920634920636 0.90521114106019773 0.85251155947877277 0.13680926916221037 0.89512961508248245 0.88185443668993035 0.69113355780022456 0.89932432432432441 0.90521114106019773 0.97182539682539704 0.58571428571428574 0.75490951097420111 0.7748518762343648 0.16035714285714289 0.83096903096903107 0.81302966101694929 0.24264705882352944 0.95861872146118743 0.12372448979591838 0.59166666666666679 0.087595907928388769 0.85251155947877277 0.17914438502673799 0.087977296181630568 0.37394067796610175 0.088562091503267992 0.73214285714285732 0.16823899371069184 0.096464019851116647 0.96249413970932973 0.9417420814479639 0.87301587301587313 0.73214285714285732 0.9104278074866311 0.61985915492957766 0.78888888888888908 0.99333333333333351 0.73214285714285732 0.78888888888888908 0.15849282296650721 0.12372448979591838 0.13423423423423428 0.28232998885172805 0.73214285714285732 0.21975609756097564
decision_type=2 2 2 2 2 2 2 2 2 2 2 2 2 2 2 2 2 2 2 2 2 2 2 2 2 2 2 2 2 2 2 2 2 2 2 2 2 2 2 2 2 2 2 2 2 2 2 2 2 2 2 2 2 2 2 2 2 2 2 2 2 2
left_child=2 6 3 11 -4 -5 7 -2 10 -10 12 -1 -8 -7 17 -16 -17 18 19 20 24 22 -22 -23 -11 26 28 -27 -19 -13 34 32 33 53 35 36 38 49 45 -36 43 42 -42 44 -37 -29 47 48 -45 -38 -33 -44 -53 54 -32 58 57 -57 -56 60 -60 -6
right_child=1 -3 4 5 61 13 8 -9 9 14 -12 29 -14 -15 15 16 -18 25 -20 -21 21 23 -24 -25 -26 27 -28 30 -30 -31 31 50 -34 -35 39 40 37 -39 -40 -41 41 -43 51 46 -46 -47 -48 -49 -50 -51 -52 52 -54 -55 55 56 -58 -59 59 -61 -62 -63
leaf_value=-0.040112173066352855 0.016056321920667287 0.050161416259852744 0.051996007415108625 0.11188754880176169 -0.0058286967777623974 0.065117300934695185 -0.051709545345069441 -0.051329150245595194 -0.060124049805830297 -0.058959641572799627 0.1064274659265194 0.059294780160824789 0.055778050974793984 -0.011990655490482316 0.052773755769525511 -0.048816549467837811 0.055262198882446267 -0.039806676116793921 0.036755745112055919 -0.069087092067781242 0.0086275823168197024 -0.035899036757526884 0.095289108514073503 0.056548541563208349 0.024035828667644598 0.060753836545546995 0.059397467294741629 0.041870281242688101 0.052039432590228245 -0.053083591824783664 -0.010057673219906471 -0.080344088858720228 -0.064700486730207937 0.051468089873342282 -0.059324929698073674 -0.045507898671516764 -0.068074750421805857 -0.1618454518675092 0.055011278822248981 0.049275070370471595 -0.14113862435274585 -0.11646385209307029 -0.06704416074593865 -0.055563826113933845 0.049650295297226567 -0.06946153094008016 0.055410487201967118 -0.10930025950559699 0.040153900793216318 0.051799463473850366 0.036181069303777291 0.052790892764038713 -0.01665693749648153 -0.014452107968240972 0.037708398760953554 0.045770024283912962 0.045241595702789544 -0.016884584955038941 -0.001625133511427056 0.023837662419492072 -0.076235727941358036 0.013678068662517577
leaf_weight=11.515230847464409 21.968018021550964 3.3403770629083729 1.5352155026339449 0.30125890902127039 33.065938097730395 0.50387849658727546 0.42011619807453715 1.0253604731988151 1.1124231765279535 2.4154655049787785 0.63525394079624664 0.61090662892093028 0.60106235567945987 8.3776807484100555 1.9985145622049452 1.0387574694468638 0.70252537456690323 1.2197257445659482 0.82123123947531063 1.4056870020576759 1.1077986925083676 2.9153721697657606 0.69638462323928241 0.40353925433009852 0.52871562240761694 0.72945227075251651 2.0473930461157579 0.40573347787722136 0.46942492807283986 0.34461852040840313 17.331031595473178 0.23984132031910022 1.0487321915570635 1.3439194811508048 0.40431771660223681 0.69027606910094474 0.95552518742624648 0.75030574621632684 0.76635843177791674 1.4717574423411859 0.40848790935706381 1.0423091521952299 0.43124962729052674 1.0482831939298201 2.8463539918884635 1.0999094173021147 0.50348800455685694 0.5846791483927517 0.78549551015021268 0.2825206391280517 4.2232881202362478 1.6590559338219466 1.2413731712149454 13.014924730261553 1.0901040532626218 2.7871403254684992 5.2789397865126375 4.1089492421306204 1.0604195137857464 1.0515736394154371 1.1454665167839266 8.6605740128288726
leaf_count=27935 1534 1592 286 37 5560 5 46 37 59 92 16 118 20 5122 88 23 28 77 64 20 56 139 19 16 31 23 66 67 35 71 356 2 39 124 87 15 24 23 38 553 9 30 103 61 191 45 24 14 85 65 684 124 31 210 7 49 99 43 8 30 37 1454
internal_value=-0.00080156 0.00273933 -0.00727645 -0.0220706 0.000128374 -0.00369555 0.00136622 0.0130514 -0.0015425 -0.00244606 0.0479407 -0.035601 0.0115573 -0.00761608 -0.00172998 0.0250237 -0.00682569 -0.00289526 -0.0196772 -0.0245695 -0.0168125 -0.00115633 0.0420775 -0.0246585 -0.0440553 -0.000609151 0.0260897 -0.00199798 -0.0142821 0.0187645 -0.00264177 0.000867156 -0.001765 -0.000396006 -0.01349 -0.0182536 -0.0443863 -0.0864265 -0.00759456 0.0258704 -0.00834936 -0.0294935 -0.00525662 0.00730754 0.0310774 -0.0394604 -0.0214627 -0.0374666 -0.0145633 -0.0407196 0.0299192 0.0114035 0.0230675 -0.00188317 0.00294892 0.0165919 0.0243956 0.00843805 -0.00526172 -0.0196416 -0.0403687 -0.00177996
internal_weight=183.62 118.704 64.9153 21.6536 43.2617 9.18282 115.364 22.9934 92.3707 90.7142 1.65643 12.4708 1.02118 8.88156 89.6018 3.7398 1.74128 85.862 10.2942 9.47296 8.06728 5.12309 1.80418 3.31891 2.94418 75.5678 3.73654 71.8313 1.68915 0.955525 71.1018 53.7243 49.2612 48.2125 17.3775 15.5014 4.26035 1.98835 2.272 1.87608 11.2411 4.78248 3.74017 6.45858 3.53663 1.50564 2.92195 2.41846 1.83378 1.23805 4.46313 3.33168 2.90043 46.8685 33.8536 16.5226 12.175 6.89609 4.34756 3.25746 2.20589 41.7265
internal_count=47946 7358 40588 33288 7300 5164 5766 1571 4195 4113 82 28124 66 5127 4054 139 51 3915 437 373 353 230 75 155 123 3478 178 3300 112 189 3277 1688 1002 963 1589 949 262 112 150 640 687 297 267 390 206 112 184 160 146 89 686 258 155 839 629 273 191 92 82 75 45 7014
is_linear=0
shrinkage=0.05


Tree=130
num_leaves=63
num_cat=0
split_feature=12 12 1 1 3 2 10 3 5 12 3 1 9 1 12 12 2 10 3 12 6 12 10 1 1 9 9 9 9 9 2 12 2 0 5 7 5 9 9 12 7 12 9 12 12 9 0 9 12 12 6 2 2 0 12 12 2 12 12 2 9 1
split_gain=4.10027 2.47003 1.31554 1.87966 1.27874 1.15241 1.18471 1.72377 3.25161 2.04728 8.99641 1.51445 1.14929 1.4655 0.933399 0.871408 0.850645 0.842304 1.451 1.26921 2.02404 2.03108 2.06407 1.30483 1.26882 1.35498 1.16319 1.31291 2.14857 1.75285 1.46665 1.57515 1.64529 1.3623 1.28818 1.2497 1.69487 1.64466 2.84634 2.12915 1.32494 1.20257 1.98143 1.86579 2.57842 1.15831 1.10035 1.00645 0.983775 0.873604 1.61688 0.867809 1.69072 1.29858 1.02769 0.861561 0.989637 0.85284 1.1364 0.960486 2.2216 1.81863
threshold=0.30837436894229048 0.9090588656944838 0.68771551724137947 0.7359237536656893 0.70299970299970316 0.10128205128205132 1.0000000180025095e-35 0.933879781420765 0.27922077922077926 0.88715586528501678 0.93046281372323292 0.27611285266457686 0.59317129629629639 0.71930794430794431 0.25010067490003002 0.68182276075382453 0.38327018361993598 0.16247642991829042 0.45199692780337947 0.65576731082107542 0.39230769230769241 0.72553614411503753 0.29459980713596917 0.87596153846153857 0.95040983606557383 0.68042553191489374 0.65669642857142863 0.44862772695285019 0.50438596491228083 0.54870335230866552 0.50333333333333341 0.33493757097548921 0.74543037554004665 0.7927781392322707 0.73214285714285732 0.69047619047619058 0.44949494949494956 0.20761494252873566 0.24190177638453506 0.44506849620047589 0.78888888888888908 0.4529637053611924 0.19292803970223329 0.43216994598982794 0.42115187612069244 0.79449472096530926 0.92031746031746042 0.32305502846299816 0.38628543184461483 0.51711730126736499 0.44949494949494956 0.86425061425061434 0.87026647966339421 0.81302966101694929 0.4529637053611924 0.40071428090983968 0.73765182186234834 0.5942586191961361 0.564035962815011 0.9418526031102098 0.39173060528559256 0.76028169014084523
decision_type=2 2 2 2 2 2 2 2 2 2 2 2 2 2 2 2 2 2 2 2 2 2 2 2 2 2 2 2 2 2 2 2 2 2 2 2 2 2 2 2 2 2 2 2 2 2 2 2 2 2 2 2 2 2 2 2 2 2 2 2 2 2
left_child=2 5 -1 14 -5 -2 -7 9 11 17 -11 -9 13 15 -4 -13 -15 18 -8 26 21 23 -23 -21 25 -20 27 30 -29 -30 -19 33 55 -32 35 36 46 40 -39 48 -37 42 43 44 -36 -27 51 -44 -40 50 -31 -34 -53 54 -54 56 -33 58 59 61 -61 -38
right_child=1 -3 3 4 -6 6 7 8 -10 10 -12 12 -14 16 -16 -17 -18 19 24 20 -22 22 -24 -25 -26 45 -28 28 29 49 31 32 34 -35 41 37 57 38 39 -41 -42 -43 47 -45 -46 -47 -48 -49 -50 -51 -52 52 53 -55 -56 -57 -58 -59 -60 60 -62 -63
leaf_value=-0.050014985464160736 -0.056113881999986487 0.050084475843194302 -0.053658930810230682 -0.05028899274544843 0.036329934053357833 -0.011491983127446263 -0.062447937381273404 0.057423593316982893 0.051034172520630694 0.050294071007235319 -0.58770401550623386 -0.048162378574976669 0.029038896994283449 -0.060886445663323123 0.046291207410963792 0.0041262470420919467 0.05052010129682144 -0.034298036906387969 -0.006596865145549146 -0.040928896757479988 0.052040380990478523 0.051170170036796886 -0.086764564037736622 0.052091715616317071 0.044162602788918773 0.044082470103007573 -0.050174281224470263 0.047756576373698637 -0.05718001877084207 -0.04642496104268596 -0.026328976095130081 -0.032392418602502984 -0.041865524722549119 0.049758041909089834 0.059940631084426703 0.0097561142529949459 0.06268071119231966 0.05153276655685031 -0.025305823549045259 -0.042986805389146579 -0.051217545776749619 0.0039959219758623947 -0.057829201248956491 0.10276108119353267 -0.072958768161540996 -0.051796884323611014 -0.094130306359919161 0.042569589150939224 0.037535222340943697 0.046703556409504833 0.060048911433227992 0.10849417788439837 -0.022977567927714757 -0.042136469432025418 0.079407339132443952 0.03412294650237651 0.062800111720751603 0.037042916373419076 -0.036261488065924531 0.02476548113808584 -0.043675156343085407 -0.010655000160493608
leaf_weight=4.5160624950076436 0.82936000803601828 2.7934839637018731 0.27961395992315363 2.542896781029413 0.51184834481682617 13.055133836984167 1.0179458969359974 1.0212505664676408 5.45720930385869 0.18965426809154351 0.077971495455130935 2.8933762837550607 1.6043728771619497 0.2094294214621184 1.4188814190274568 1.0996138909831641 0.9421892665559426 2.6362335448357035 32.543468499075971 0.4970791577361523 3.5756213236600161 0.37331242416985311 0.99170529749244452 1.5605540545657275 1.4346624707686704 2.261733513907529 0.9923781330435294 4.3024658941721992 1.0917453217552977 0.99770977103617065 0.72861320598167312 1.1067583777476091 2.134118527115791 3.0546915400773287 1.2846440502326033 1.1153538116195694 0.92304576473544209 1.8172011763672324 0.97397628129692781 3.8633961931336671 4.4282353361195419 24.193709879298694 0.73444882163312264 1.1981183466268701 0.50979049934539933 0.36597238907415874 0.52118478436022986 0.37813699862454087 1.7273180513875557 1.3425329613965002 0.55484869715292007 0.32050282333511892 0.46131318935658816 1.5372446074034085 0.5229077769909054 5.5841625436441973 0.36244205647381011 1.9869952956214536 1.7149233361706127 9.700107569282407 1.3508289715973667 10.047868455847491
leaf_count=21354 158 1685 138 4663 145 1363 823 13 1224 64 5 98 28 3 487 20 145 2667 5673 11 362 45 36 82 277 251 350 550 291 533 950 798 592 317 87 38 59 28 29 37 60 200 45 18 5 75 22 12 26 14 18 20 63 129 10 260 31 43 23 151 28 313
internal_value=0.00169816 0.00345387 -0.0306902 -0.0123298 -0.0357753 0.00267943 0.00297076 0.0041943 0.0214532 0.00257625 -0.135584 0.000677789 -0.00790894 -0.0194313 0.029837 -0.0337628 0.0302601 0.00283881 -0.00356552 0.00517369 0.0257323 -0.00175168 -0.0490414 0.02962 -0.0019281 -0.00380818 0.00367812 0.00423944 0.0232523 -0.00319189 0.0024262 0.00357488 0.00209304 0.0351047 -0.000122162 -0.00536479 0.000190959 -0.0178208 -0.00384659 -0.0191764 -0.0389498 0.00824166 0.033264 0.0544447 0.0221845 0.0307289 -0.0250095 -0.0237064 0.0148773 0.0171672 -0.00837365 -0.0177699 0.000324244 -0.0134252 0.0314186 0.0251595 -0.00890905 0.00557639 0.00294234 0.00599529 0.0163995 -0.00448485
internal_weight=180.264 170.995 9.2693 4.75324 3.05475 168.202 167.372 154.317 13.2274 141.09 0.267626 7.77023 6.74898 5.14461 1.6985 3.99299 1.15162 140.822 37.6238 103.198 6.99827 3.42265 1.36502 2.05763 36.6058 35.1712 96.2 95.2076 8.2893 3.98684 86.9183 84.282 80.4987 3.7833 73.4454 45.1465 31.221 13.9255 8.38189 6.56469 5.54359 28.2988 4.10514 2.99255 1.79443 2.62771 5.49727 1.11259 2.70129 2.89509 1.55256 4.97609 2.84197 2.52147 0.984221 7.05336 1.4692 25.7238 23.7368 22.0219 11.0509 10.9709
internal_count=48045 21258 26787 5433 4808 19573 19415 18052 1531 16521 69 307 294 266 625 118 148 16452 7099 9353 536 174 81 93 6276 5999 8817 8467 1406 856 7061 4394 3127 1267 2038 1671 1453 218 120 92 98 367 167 110 92 326 836 57 55 565 551 814 222 202 73 1089 829 617 574 551 179 372
is_linear=0
shrinkage=0.05


Tree=131
num_leaves=63
num_cat=0
split_feature=5 3 4 1 2 7 10 3 9 1 9 7 0 10 10 4 4 10 0 3 6 4 5 9 9 1 0 0 0 0 9 2 10 2 10 10 5 1 0 2 4 3 9 1 10 0 3 3 4 0 6 10 4 3 10 1 0 10 10 1 10 2
split_gain=2.72168 2.38862 2.36656 1.81032 1.74322 1.94395 1.61994 3.00579 1.7725 1.35024 1.34026 1.28795 1.18718 1.15981 1.55056 1.0729 1.81401 2.62106 2.65586 1.56913 1.06822 1.76327 0.979988 1.32995 0.952341 1.49537 0.982733 1.41095 1.18991 1.27202 0.94301 0.9064 0.939429 1.76821 1.34541 0.956757 1.1086 2.31541 1.56332 1.01416 1.05796 1.71619 1.20285 1.33096 1.38205 1.3695 1.15243 0.868921 0.855518 0.848796 1.43985 0.91808 0.848019 1.77533 1.5074 1.32408 1.18637 1.12777 0.830548 0.804144 1.70801 1.18769
threshold=0.44949494949494956 0.97937925170068041 0.65926216640502355 0.82097069597069605 0.93218390804597706 0.43650793650793657 0.036038961038961044 0.933879781420765 0.32037735849056609 0.84871050934880721 0.19098277608915909 0.38750000000000007 0.86576576576576592 0.087977296181630568 0.088562091503267992 0.86037735849056607 0.90325224748810151 0.15450928381962867 0.9104278074866311 0.86319073083778985 0.63961038961038974 0.76555187027823857 0.73214285714285732 0.22767145135566189 0.072299651567944254 0.89932432432432441 0.75181159420289878 0.64346246973365628 0.64747307373653695 0.73765182186234834 0.036375661375661381 0.10128205128205132 0.32529069767441871 0.53907203907203916 0.21644144144144148 0.21103238866396765 1.0000000180025095e-35 0.49096016343207355 0.53093112244897978 0.34851621808143557 0.70051546391752584 0.82426470588235301 0.77346041055718484 0.36373307543520317 0.028991596638655467 0.32811353070712018 0.70632463511720489 0.96684981684981697 0.99473684210526325 0.21164613661814111 0.73863636363636376 0.022991543340380553 0.91818306010928963 0.9099909990999101 0.12599206349206352 0.51835016835016845 0.81016731016731025 0.17274535809018571 0.10072463768115944 0.76028169014084523 0.16345083487940634 0.82480818414322254
decision_type=2 2 2 2 2 2 2 2 2 2 2 2 2 2 2 2 2 2 2 2 2 2 2 2 2 2 2 2 2 2 2 2 2 2 2 2 2 2 2 2 2 2 2 2 2 2 2 2 2 2 2 2 2 2 2 2 2 2 2 2 2 2
left_child=2 6 3 -1 5 31 8 11 20 10 12 30 -5 -13 -15 19 17 -17 -19 59 21 -2 -22 -24 -11 26 27 -26 -29 -30 -8 -4 34 -34 35 36 37 39 -38 40 46 -42 43 45 -45 49 -33 -46 -41 51 -51 -43 53 54 56 -54 -40 -56 -48 60 -16 -61
right_child=1 -3 4 9 -6 -7 7 -9 -10 24 -12 13 -14 14 15 16 -18 18 -20 -21 22 -23 23 -25 25 -27 -28 28 29 -31 -32 32 33 -35 -36 -37 38 -39 52 48 41 42 -44 44 47 -47 58 -49 -50 50 -52 -53 55 -55 57 -57 -58 -59 -60 61 -62 -63
leaf_value=-0.037477164838111664 -0.034670406475584663 0.05012297855711953 -0.055063149278197679 0.041152802551358211 0.038328867158389998 -0.059387887982632198 0.064947469638051258 0.050917363356174632 0.036086305905915494 -0.054470912293768652 -0.0015788055498597475 0.027793867242749754 0.21386624324302425 -0.081223321197890955 -0.059259262656897405 -0.055830267737345153 0.053156320718168282 -0.056771092518382194 0.052552688208251735 0.051619227146776907 -0.054519865395654593 0.028451678800515429 0.051670402193781079 -0.070460531387879097 -0.048651805791110538 0.041364761089494446 -0.051396175396192116 0.12334169483127176 -0.05022588899825519 0.037694014573859111 0.017148124747668032 -0.050128469429754997 -0.055198314998596357 0.028323699355707978 0.023393305358969215 -0.077695680772389489 -0.064446057950103594 0.035328121324261809 -0.041057398162431084 -0.054031647370912053 -0.050718177255356822 -0.022474677508159947 0.056915579839467739 -0.076451265517060496 -0.030733932822133925 0.063213363813199142 0.073873355022811865 0.051149608620381065 0.064062963813692905 -0.054731618129969087 0.030458736489750473 0.033977154384180037 -0.078780036600315573 -0.058504854392983099 0.056589907568990627 0.052926004304027691 0.051297045791984443 -0.033558950120672663 -0.050413372469766626 -0.036507781228625982 0.040718398507910411 0.0033487114857328293
leaf_weight=9.3826427672611334 2.4396006561437371 2.9934546278091139 0.76388040436722704 0.21626060782000234 2.682666313921799 1.4877101685415244 1.2961001408402797 3.7105889588128766 1.4895249491237326 1.1360528627410529 0.51033922084025107 4.7275774027948492 0.18427523845457472 0.55108462373027478 0.49677463524858412 3.2702963092597193 0.81319672532845277 0.87125354586169135 1.533098325249739 1.7247232695808623 3.1918875559931621 2.0244378353236243 0.56746076489798714 0.36711496871430427 1.0795274280390006 1.3696755376586223 1.4996556253172455 0.25332152799819629 0.6241767782048554 1.2068088157975578 5.0608126500737853 0.29761680358206888 1.9166046279133291 0.94668256964359887 6.1696583742595967 0.41512927834992197 1.4034333400632002 4.8469886589155058 1.9376747025380612 1.4620804029109411 1.7509394876688009 1.069482839433473 0.93621405112207945 1.0752158470131692 0.89566769248631295 0.99639922236383416 1.1296328926255226 0.50759866274893284 0.1713297814130782 1.4094892575085398 0.76529990724520747 2.205382001833641 0.23186169564723957 1.6720303066540507 1.4619726438395444 1.0782746095210312 0.42378435377031554 0.45486859894299403 0.15257223558728572 1.9160164805653028 3.0499433780205436 76.426221669069491
leaf_count=24215 239 1593 150 21 263 31 75 1108 95 24 78 437 21 24 31 90 62 20 140 220 59 201 69 5 2507 138 934 15 897 203 321 763 2759 307 1167 94 698 432 159 1240 2043 20 23 51 148 55 301 10 1 294 22 65 1 30 50 97 23 34 251 183 163 2275
internal_value=0.00162965 0.00602664 -0.00702985 -0.0225376 -0.00069043 -0.003305 0.00488405 0.00671463 -0.0142658 -0.0051898 0.0521523 0.00510246 0.120613 0.0036501 0.00239099 0.0029024 -0.0166848 -0.0266933 0.0129376 0.00442223 -0.0229964 -0.00604459 -0.041335 0.00369559 -0.0124753 -0.0045675 -0.0180579 -0.00225556 0.0217745 0.00772242 0.0268939 -0.00114055 -5.03869e-05 -0.0275836 0.00220718 -0.00233915 -0.00123515 0.00532816 -0.0161375 -0.00448029 0.000121495 -0.00510144 0.00299857 -0.00265751 -0.0337971 0.00931555 0.03851 -0.00111448 -0.0416446 -0.000538977 -0.0247535 0.0155415 -0.00679959 -0.0148178 0.0022558 0.0296173 -0.0244836 0.0351975 0.0590842 0.00342818 0.0267149 0.00237394
internal_weight=178.702 118.521 60.1809 17.4627 42.7181 40.0355 115.528 105.448 10.08 8.08009 0.910875 101.737 0.400536 95.3802 90.6526 90.1015 6.48784 5.67465 2.40435 83.6137 8.5905 4.46404 4.12646 0.934576 7.16922 6.03317 4.66349 3.16383 2.08431 1.83099 6.35691 38.5478 37.7839 2.86329 34.9206 28.7509 28.3358 19.6719 8.6639 14.8249 13.1915 11.6117 9.86075 8.92454 2.47848 6.44605 1.57982 1.40327 1.63341 5.44965 2.17479 3.27486 7.26047 5.95033 4.2783 1.31014 2.36146 1.91684 1.28221 81.889 3.54672 78.3422
internal_count=48045 7410 40635 29053 11582 11319 5817 5149 668 4838 120 4041 42 3645 3208 3184 312 250 160 2872 573 440 133 74 4718 4694 4556 3622 1115 1100 396 11288 11138 3066 8072 6905 6811 5719 1092 5287 4046 2731 688 665 209 456 1315 158 1241 401 316 85 394 296 266 98 182 84 552 2652 194 2458
is_linear=0
shrinkage=0.05


Tree=132
num_leaves=63
num_cat=0
split_feature=12 12 1 1 3 2 0 10 5 5 3 10 9 3 5 12 3 2 12 12 0 9 9 12 10 12 0 2 1 10 9 12 5 0 0 5 5 0 10 12 2 10 10 1 1 12 12 1 9 12 12 0 6 3 2 12 6 9 9 9 12 12
split_gain=3.64204 2.26211 1.27354 1.73845 1.18211 0.994387 2.48166 1.65914 1.50469 2.19136 1.884 1.16122 1.50856 1.47917 2.16676 1.08407 4.58367 1.02972 1.07055 0.986236 1.09881 0.997769 2.01799 1.63974 1.3707 0.932105 0.919572 1.26529 2.0497 0.915135 1.10719 1.15482 0.911051 2.05836 2.48129 1.30473 1.49622 1.3164 1.09674 1.1386 1.06445 0.911249 1.66183 0.905773 0.90362 0.878683 1.29385 0.856579 1.17027 1.22553 0.849672 0.842528 1.22176 0.884516 1.00173 0.834542 1.00175 1.12931 0.831921 1.24517 1.85958 1.7153
threshold=0.30837436894229048 0.9090588656944838 0.68771551724137947 0.7359237536656893 0.70299970299970316 0.41728855721393038 0.34525329927628784 0.32529069767441871 1.0000000180025095e-35 0.19090909090909094 0.97937925170068041 0.040408163265306128 0.072299651567944254 0.933879781420765 0.27922077922077926 0.87579263542427721 0.93046281372323292 0.121830550401979 0.34688198539073856 0.33381607699057447 0.7927781392322707 0.44862772695285019 0.51389961389961403 0.51711730126736499 0.11200716845878138 0.38628543184461483 0.97752525252525257 0.96490147783251234 0.88912529550827435 0.021507863089731735 0.51389961389961403 0.65576731082107542 0.44949494949494956 0.86706827309236967 0.86576576576576592 0.36931818181818188 0.31666666666666671 0.78319623971797903 0.090230664857530549 0.41623381558328693 0.99333333333333351 0.087977296181630568 0.088562091503267992 0.39857626443647959 0.80111111111111122 0.65576731082107542 0.76256394373381442 0.751623062015504 0.16247642991829042 0.4529637053611924 0.25010067490003002 0.23845060412224592 0.42261904761904767 0.9457002457002458 0.23294573643410851 0.53841480580355372 0.48076923076923084 0.48749218261413391 0.32037735849056609 0.29478609625668456 0.51711730126736499 0.43844543990564816
decision_type=2 2 2 2 2 2 2 2 2 2 2 2 2 2 2 2 2 2 2 2 2 2 2 2 2 2 2 2 2 2 2 2 2 2 2 2 2 2 2 2 2 2 2 2 2 2 2 2 2 2 2 2 2 2 2 2 2 2 2 2 2 2
left_child=2 5 -1 50 -5 6 7 17 47 -10 11 12 26 15 -15 19 -17 -2 -19 20 -13 32 24 -24 -23 -14 27 28 -11 30 31 -20 33 34 35 36 -21 38 -38 40 -40 -34 -43 -32 -22 -27 -47 48 -7 -50 -4 53 -53 54 55 56 57 -31 59 -44 61 -61
right_child=1 -3 3 4 -6 8 -8 -9 9 10 -12 13 25 14 -16 16 -18 18 29 21 44 22 23 -25 -26 45 -28 -29 -30 51 43 -33 41 -35 -36 -37 37 -39 39 -41 -42 42 58 -45 -46 46 -48 -49 49 -51 -52 52 -54 -55 -56 -57 -58 -59 -60 60 -62 -63
leaf_value=-0.050014224457676337 -0.045064376206690043 0.050076754379586558 -0.053542941230182987 -0.049812245902060487 0.034994279338325766 -0.030908597820687996 -0.043757691204859769 -0.057006255476416634 -0.049830292522368258 -0.051782048890241822 0.050379844399664267 -0.026345840599833026 -0.059827686467907787 -0.050703789704197005 0.051209878959429557 0.050276421824576922 -0.31473948534244789 -0.050035366026005647 -0.037758072522949389 -0.01862151594733058 0.083949030136671196 -0.038980978245653108 -0.054971488001039993 0.022437983241184914 0.053731475774705988 0.033597040273733968 0.020655107436582137 -0.072544229733428695 0.04943525141697027 -0.051345823224092951 -0.054332657838314008 0.051288870225732502 0.026335929907739277 -0.045447571493150304 0.13550141512332325 -0.030038797758403596 -0.063636847125001672 -0.037514083652913172 -0.050330761570002547 0.070961492036645618 0.057052825754687536 -0.087388223120157385 0.0032718695155444242 0.018157836218698733 0.024501946089074002 -0.020470992784382112 0.038053955808846934 0.053954829000219834 -0.025935569676204907 0.053742668522608318 0.043692366424767898 -0.050381142349107594 0.01115045480071537 0.058053630202549424 0.053158533896681272 0.045172057175809861 -0.040582966661676163 0.035155244911694035 -0.01079352344896059 0.056086754405362538 0.073397905485755963 -0.036209026968156748
leaf_weight=4.1423866829863965 1.0253302880446522 2.5348124883603296 0.26654861654969852 2.4031813181645707 0.49565032406826492 1.0257859226840076 3.8407435129047363 1.1973432824888721 1.9329443703172717 1.4477664764563072 2.1352991565363473 0.73398749069019631 0.55823121506546147 0.62086913036182467 3.2598929526284337 0.23802396201062848 0.13466526009142399 0.80152201619057706 0.56719716581574475 2.8752234240819199 0.89862729833112132 0.44739500340074201 1.2194001917669086 1.5584273126441983 3.6601055515056942 2.1845740475982893 0.67132719277287822 1.8875247588584896 0.76418376778019581 0.49249806819716369 1.6405276343284643 1.0168096320703623 4.1747110176656852 3.1976347893942139 0.32941359007963988 3.2380246263346635 0.22792361656320359 0.62053436477435742 0.45547370417625677 2.0472171796136536 0.46778780122986063 0.51205729780485754 72.822692569054198 0.58443574979901303 2.2146141331177205 3.4970195740461349 1.2937508693430571 2.1741175838978961 0.65686477332201354 1.8190284179290754 1.4299399160227038 0.96780618806951668 4.8471243848034646 1.6934542395174501 1.448497237433912 1.0120948639232663 1.3236461804481221 1.6134378958377054 9.7601732843031623 0.85595141333760683 1.6095089982263742 1.2222150281304491
leaf_count=21354 209 1685 138 4663 145 178 2911 721 1097 58 781 995 186 12 662 85 7 2601 167 712 91 24 180 31 177 90 133 35 47 183 57 15 253 155 13 546 17 82 285 76 18 14 1983 31 398 58 111 253 261 71 487 1317 439 20 119 13 69 239 215 37 21 14
internal_value=0.00156401 0.00320036 -0.0299089 -0.0117853 -0.0353118 0.00248249 -0.00691172 8.30306e-05 0.00408123 0.00302685 0.00379021 0.00303488 -0.0115903 0.00454199 0.0349051 0.003522 -0.0816162 0.00367419 0.00644908 0.00379755 0.0286866 0.00293725 0.0213728 -0.0115429 0.0436331 0.00234184 -0.0335904 -0.0424737 -0.0168135 0.00908011 -0.012546 0.0194032 0.00172159 -0.0104197 0.000495378 -0.00398227 0.0086215 0.0291324 0.0420627 0.050173 0.00407715 0.00351817 0.00242052 -0.0352914 0.0416612 0.00731722 -0.00466629 0.0293037 0.0139983 0.0326037 0.028415 0.015228 0.000909462 0.0262071 0.0170511 0.00527594 -0.0064977 0.0149259 0.00295358 0.00470725 0.0330525 0.00180559
internal_weight=176.796 168.058 8.73771 4.59532 2.89883 165.523 24.0725 20.2317 141.451 135.775 133.842 131.707 12.3044 119.403 3.88076 115.522 0.372689 19.0344 18.0091 115.149 3.84723 111.302 6.88533 2.77783 4.1075 7.53358 4.7708 4.09948 2.21195 17.2075 3.80897 1.58401 104.417 13.4592 10.2616 9.93218 6.69416 3.81894 3.1984 2.97048 0.923262 90.9573 86.7826 2.22496 3.11324 6.97534 4.79077 5.6758 3.50168 2.47589 1.69649 13.3986 5.81493 7.58363 5.89017 4.44168 3.42958 2.10594 86.2705 76.5104 3.68768 2.07817
internal_count=48045 21258 26787 5433 4808 19573 9111 6200 10462 9699 8602 7821 718 7103 674 6429 92 5479 5270 6337 1484 4853 412 211 201 445 273 140 105 2669 270 182 4441 1904 1749 1736 1190 478 396 379 303 2537 2284 88 489 259 169 763 510 332 625 2399 1756 643 623 504 491 422 2270 2055 72 51
is_linear=0
shrinkage=0.05


Tree=133
num_leaves=63
num_cat=0
split_feature=5 3 3 1 10 3 9 2 5 7 10 10 10 1 2 4 4 10 4 5 9 9 10 3 10 3 10 10 4 6 4 6 9 5 9 10 9 1 9 9 5 6 5 7 9 9 7 9 9 7 1 2 9 9 2 0 1 7 9 5 0 9
split_gain=2.29248 2.20598 2.10312 1.86916 1.34072 2.7789 1.56164 1.26263 1.72863 1.15843 1.0655 0.996181 1.21267 1.44564 1.44809 1.41073 1.57408 1.79055 1.68135 1.52908 1.12915 1.72645 1.09464 1.79374 0.985997 1.00545 0.943092 0.938542 1.019 0.895129 1.59861 0.89058 0.919388 1.41977 0.879806 0.877598 0.849034 0.844631 0.816409 1.32814 0.810149 1.29167 0.782184 1.31391 2.75263 1.38843 2.48045 2.66486 1.40453 1.29013 1.13758 1.50726 1.25443 1.56425 1.09725 1.14419 1.19341 1.00968 2.39059 1.6202 1.46465 1.2027
threshold=0.44949494949494956 0.97937925170068041 0.70632463511720489 0.57071428571428584 0.036038961038961044 0.933879781420765 0.32037735849056609 0.93218390804597706 0.37980769230769235 0.38750000000000007 0.34178433889602061 0.087977296181630568 0.15831244778613202 0.76028169014084523 0.7886762360446572 0.90325224748810151 0.86037735849056607 0.088562091503267992 0.55086231884057979 0.5634920634920636 0.042572463768115944 0.059714795008912663 0.22318007662835251 0.67755265262596653 0.21483516483516488 0.70859704641350219 0.15301003344481609 0.14729990356798459 0.88024390243902451 0.63961038961038974 0.76555187027823857 0.17914438502673799 0.35634920634920642 0.22649572649572652 0.036375661375661381 0.21103238866396765 0.14434523809523811 0.83847248576850097 0.68042553191489374 0.68469785575048747 0.73214285714285732 0.69615384615384623 0.73214285714285732 0.73214285714285732 0.46737588652482276 0.20761494252873566 0.87301587301587313 0.24780701754385967 0.36266924564796915 0.78888888888888908 0.82097069597069605 0.82842724978973936 0.12973352033660593 0.074537037037037054 0.92637759710930456 0.92907444668008055 0.88912529550827435 0.64583333333333337 0.3133928571428572 0.64583333333333337 0.9418526031102098 0.21352583586626142
decision_type=2 2 2 2 2 2 2 2 2 2 2 2 2 2 2 2 2 2 2 2 2 2 2 2 2 2 2 2 2 2 2 2 2 2 2 2 2 2 2 2 2 2 2 2 2 2 2 2 2 2 2 2 2 2 2 2 2 2 2 2 2 2
left_child=2 4 3 38 6 9 29 8 10 34 24 -11 15 20 -15 16 17 -13 -19 -20 -14 -22 23 -16 25 -4 -21 28 -18 30 -2 32 -5 -34 -6 -27 -23 -25 -1 -40 -31 -42 43 50 45 49 -47 -48 -49 -45 51 -24 53 -53 -52 -56 -57 59 61 60 -58 -59
right_child=1 -3 7 31 5 -7 -8 -9 -10 11 -12 12 13 14 22 -17 27 18 19 26 21 36 42 37 -26 35 -28 -29 -30 40 -32 -33 33 -35 -36 -37 -38 -39 39 -41 41 -43 -44 44 -46 46 47 48 -50 -51 54 52 -54 -55 55 56 57 58 -60 -61 -62 -63
leaf_value=-0.050066473557318594 -0.032935492462780679 0.050111261067788106 0.065206836588590708 -0.029993009993269294 0.062387658015867944 0.050837294579209082 0.034951728234528835 0.03730367724214282 -0.045879650063024774 0.02596816928593686 -0.044216012928787338 -0.097002071626832068 -0.053433202318550366 -0.054823259501924841 -0.042075807809028046 0.053117928832562805 -0.051768413761850235 -0.06634714680101951 -0.023382824014808973 0.046726437734388518 0.1094147782567126 -0.019344921252945152 -0.048500164666488835 -0.0041239874983146803 0.020448094130112841 -0.002052817664766466 -0.036763148160737835 -0.09209240290611205 0.015117003205645425 -0.050067928835036128 0.027922012849754447 0.011081638647727189 -0.050578162115748795 0.018265768348933269 0.015971322076211006 -0.078556989961983792 0.047714653215686763 0.051755493460521086 0.095914069794566056 -0.050166262385888533 -0.064325187891820498 0.055628143979866533 0.0081050991493147526 0.006852612360195247 0.041291345085019603 -0.057584852616733365 0.065795536227484769 0.0067360084847444797 -0.049979556186386651 -0.052090442982024192 -0.019429111977268352 0.03158038806788814 0.0051376624961444921 0.12487450151117559 0.039218383893401744 -0.052593691730355496 -0.052541705839982814 -0.0080478845695453605 0.019985045698008755 0.065243288411116485 0.022735157798592014 -0.068537476602308703
leaf_weight=5.2425871848972774 2.400601824236217 2.7088937205262473 0.54891547320585488 5.9951128730608598 1.2784925514133636 3.363086193916387 1.4423429117596231 2.1606408376246682 2.1171970310388124 4.595318656996823 1.2713560487463826 0.47204468358540541 0.30796499017742407 1.0745751240756352 0.79593208002915972 0.72382750583347011 1.8697539372369654 0.72596045635873441 1.6546301264315841 2.6890767463482921 0.80289515663753297 0.75215795490657944 0.51463684285409117 0.85647345567122091 6.1647846027335609 25.511012784059862 0.38691075169481326 0.83468037203419942 0.81881794473156322 3.1775987928267568 1.960191680351272 3.7063319064618545 0.99971922520489931 2.9850945452199085 5.0670716882450506 0.38044695810822204 1.2672205444541758 3.2135657938197255 0.26334374611906231 0.38029100520361681 0.39763927774038155 0.51519296027254313 30.548717738856794 1.1640085746767024 2.0132904128986402 1.9729816151084358 1.4648656338395083 3.5583739992871415 1.5746695295383686 4.5852994178130757 5.2322737550130123 1.0920719017449303 1.248358491429826 0.7633628585608675 2.3462964154896317 0.9523512619489346 0.86627854418475037 1.667389616079163 3.9110373178264126 1.5514521812146993 2.5432078811863903 1.6202705415198577
leaf_count=22091 239 1593 91 5335 75 1108 95 239 32 437 460 22 31 71 288 56 42 349 34 176 10 47 77 13 1094 5271 17 22 33 59 201 1381 2142 1282 321 50 78 289 40 1127 30 44 578 43 21 62 26 46 27 75 197 29 39 18 65 66 12 27 73 28 95 26
internal_value=0.00150148 0.00551452 -0.00665602 -0.0199809 0.00446067 0.00612254 -0.0131333 0.000179382 -0.00204913 0.0046392 0.000690172 0.00325808 0.00210413 0.00416569 0.00281387 -0.0141566 -0.0193085 -0.00357886 0.00450311 0.0153758 0.0374756 0.0473955 0.0036282 0.0265719 0.00244118 -0.00175728 0.0362248 -0.045777 -0.0313981 -0.0213398 -0.00557983 -0.0098477 -0.0176204 0.000994045 0.0253232 -0.00317696 0.022737 0.0399966 -0.0435419 0.00960264 -0.0381414 0.00337522 0.00205998 -0.00248381 -0.0134513 -0.0211476 -0.00839636 0.00631254 -0.0106627 -0.0401568 0.00488537 0.0307499 0.0438902 0.0699634 0.000362108 0.00706098 0.00130664 0.00552816 -0.00643255 0.022884 0.0036089 -0.0378592
internal_weight=175.071 117.344 57.7268 19.5725 114.635 104.742 9.89357 38.1544 35.9937 101.379 33.8765 95.033 90.4377 80.262 77.1317 10.1757 9.45188 5.92862 5.45658 4.73062 3.13024 2.82227 76.0572 4.86597 32.6052 26.4404 3.07599 3.52325 2.68857 8.45122 4.36079 13.6863 9.97993 3.98481 6.34556 25.8915 2.01938 4.07004 5.88622 0.643635 4.09043 0.912832 71.1912 40.6425 16.3335 14.3202 8.57089 6.59791 5.13304 5.74931 24.309 3.61843 3.10379 1.85543 20.6906 15.4583 13.112 12.1596 7.1987 4.96094 3.40949 3.28766
internal_count=48045 7410 40635 33398 5817 5149 668 7237 6998 4041 6966 3645 3208 2457 2291 751 695 598 576 227 166 135 2220 590 6506 5412 193 97 75 573 440 10140 8759 3424 396 5321 125 302 23258 1167 133 74 1630 1052 300 279 161 99 73 118 752 163 86 47 589 392 327 261 126 135 107 53
is_linear=0
shrinkage=0.05


Tree=134
num_leaves=63
num_cat=0
split_feature=12 12 1 1 3 2 10 3 5 12 1 9 1 12 12 3 2 9 9 9 1 9 0 2 1 10 10 10 4 4 10 1 3 2 12 1 12 4 3 10 12 5 5 12 0 9 2 2 9 5 12 10 12 1 12 0 12 1 9 12 9 9
split_gain=3.2425 2.07404 1.22229 1.59986 1.08528 0.921339 0.841541 1.38616 2.82671 2.35613 1.30508 1.56839 1.61301 0.767422 0.791218 0.83905 0.736813 0.670159 1.16969 1.08267 0.780108 2.0165 0.755293 0.761592 2.43898 0.658965 1.31197 0.857422 0.714202 1.226 1.579 1.95463 1.21388 0.900214 0.865601 0.77794 1.71748 1.18113 1.83288 1.20273 1.17195 1.13008 1.09748 0.935137 0.954282 0.850398 0.791814 1.61536 1.3968 1.74295 1.85543 1.28037 1.08323 1.00117 1.35343 1.88042 0.982587 1.29399 0.78265 1.5331 1.49786 1.21232
threshold=0.30837436894229048 0.9090588656944838 0.68771551724137947 0.7359237536656893 0.70299970299970316 0.10128205128205132 1.0000000180025095e-35 0.933879781420765 0.27922077922077926 0.89895492059867166 0.30545634920634929 0.59317129629629639 0.71930794430794431 0.25010067490003002 0.26236848596636581 0.64326765188834167 0.38327018361993598 0.087595907928388769 0.48331479421579543 0.76833631484794285 0.94804318488529027 0.22767145135566189 0.97752525252525257 0.96490147783251234 0.88912529550827435 0.040408163265306128 0.02409988385598142 0.051503094606542892 0.8938673341677098 0.86037735849056607 0.15450928381962867 0.84292763157894746 0.87112743532417769 0.24828767123287673 0.77970710046493774 0.57071428571428584 0.40406182188469625 0.73413406214039134 0.70632463511720489 0.059411764705882358 0.62790203878499784 1.0000000180025095e-35 0.19090909090909094 0.33493757097548921 0.7927781392322707 0.36899313501144165 0.79118217054263573 0.81892697466467967 0.072299651567944254 0.5277777777777779 0.41240109490907895 0.13136324417601383 0.42115187612069244 0.69666666666666677 0.4529637053611924 0.74133811230585434 0.51711730126736499 0.76028169014084523 0.42724867724867727 0.38132671929059309 0.50438596491228083 0.29679679679679688
decision_type=2 2 2 2 2 2 2 2 2 2 2 2 2 2 2 2 2 2 2 2 2 2 2 2 2 2 2 2 2 2 2 2 2 2 2 2 2 2 2 2 2 2 2 2 2 2 2 2 2 2 2 2 2 2 2 2 2 2 2 2 2 2
left_child=2 5 -1 13 -5 -2 17 9 10 25 -9 12 -12 -4 -15 -16 -14 22 20 -20 -19 -22 23 24 -7 26 -8 -27 29 32 -31 -32 34 -34 35 36 -29 38 -38 -40 -39 -37 -43 44 -44 -46 48 -48 49 50 -45 -50 -52 -53 55 -55 57 -56 61 -60 -61 -49
right_child=1 -3 3 4 -6 6 7 8 -10 -11 11 -13 16 14 15 -17 -18 18 19 -21 21 -23 -24 -25 -26 27 -28 28 -30 30 31 -33 33 -35 -36 41 37 40 39 -41 -42 42 43 46 45 -47 47 58 51 -51 52 53 -54 54 56 -57 -58 -59 59 60 -62 -63
leaf_value=-0.050013481967397001 -0.052349969067575157 0.050069931594064566 -0.053423054326219167 -0.04929822787490537 0.03306943876584359 -0.061927334540026135 0.030747116718456147 0.040927705834040255 0.050884460716314722 -0.15642826949197108 -0.04031293866599063 0.040540034626872772 -0.059265506658411217 0.076492891493323667 -0.05060573446276545 0.059297378753103869 0.050440033222328706 0.022375026674956618 -0.037688200645577215 0.048113976085733035 0.05022426820475711 -0.06211235119085156 0.04904830515885971 -0.065557306590420181 0.050112996679960692 0.040203646680105308 -0.022085633003428418 -0.050036077799885309 0.025932472867129269 -0.03142147377497654 -0.0350294553988574 0.041167914194630562 -0.021343140432373578 0.037846791995159494 0.050830415581724887 0.045283059079553906 -0.050368259680322928 -0.042075758778465276 -0.061730756188466879 0.052750282843693597 0.05946662655744487 -0.051946174309255827 -0.025504290899601545 -0.050769661150188661 0.045506001581656991 -0.051365958215347632 -0.051909615758331855 0.002332324613707869 -0.054219655521207534 -0.044832093531990136 0.12450017386527966 -0.023691241812682642 0.051255557871080881 0.03434633398053067 0.10445271342807612 -0.050843133537074238 0.0068321519040085311 0.021710781798003901 -0.05863925760401846 0.038880487741487287 -0.012181623602328948 -0.01662585818182943
leaf_weight=3.7922580854210519 0.76761458184046105 2.3042465178295961 0.25371981230273366 2.2819591267762012 0.484894001710927 1.1840380966314117 1.4557968123699527 1.577552865142932 4.5612059369450435 0.2337071142392223 3.4689903344260529 1.1921789038460699 0.18658264679834224 0.74970577179919906 0.35974695916229393 0.33573482662905008 0.85167361947242171 4.1619085321435687 2.8430024134431737 0.42226252538966935 0.65748377557611082 1.0180173723783807 0.29045581619720895 1.2599941420485263 0.82361078006215382 1.5549949769483635 6.0933342224743683 2.2382880220975485 3.2662592316337387 5.741985428699989 1.3902641198947097 2.1327593692112714 0.76514056994346802 4.003696356783621 0.92209731659386207 1.5804895998153359 0.69862094247946549 1.8399624812882396 0.25527700857492197 2.2654094814206474 0.33605352602899063 0.91136780309898213 0.71410975915205144 0.33583842974621791 3.0357895207707775 0.24482119952153869 1.4435922002594441 66.147129847668111 0.85270677835796771 0.47707624209579069 0.7474468975560743 1.6538995549781246 1.5548815286019815 1.3681469250586817 0.99802636390086286 1.2302656702231614 1.1587489268276838 0.89739959908183664 0.61681067457538929 4.8164985041948967 2.0463859541341662 9.6647594774840382
leaf_count=21354 158 1685 138 4663 145 140 181 27 1224 35 109 23 3 97 383 7 145 689 238 37 37 26 56 31 109 307 1410 6379 146 157 64 135 42 319 181 73 536 294 14 131 5 750 910 174 385 124 250 1697 104 15 18 404 54 298 22 286 17 25 109 90 58 322
internal_value=0.00143729 0.00296517 -0.0291389 -0.0114126 -0.0348632 0.0022991 0.00255774 0.00360575 0.0200239 0.00219417 0.000680493 -0.0104596 -0.0239491 0.0267793 0.0408598 0.00244857 0.0307251 -0.00981963 -0.00262757 -0.0265923 0.0107776 -0.0180303 -0.0282191 -0.0350872 -0.0159643 0.00246386 -0.0118972 0.00329841 0.0028513 0.0022486 -0.0152532 0.0110987 0.00364865 0.02835 0.00258791 0.00218398 -0.0132146 0.00206111 0.0212947 0.0411565 -0.026394 0.00333082 0.00267379 0.00317155 0.026875 0.0382768 0.00218531 0.000529007 0.0146336 0.0431154 0.0590195 0.003759 0.0750343 0.0105254 0.0205369 -0.00598817 0.0431038 0.0652781 0.00143786 0.0168684 0.0236547 -8.45295e-05
internal_weight=173.519 165.261 8.25802 4.46576 2.76685 162.956 162.189 149.528 11.8382 137.69 7.27698 5.69943 4.50725 1.69891 1.44519 0.695482 1.03826 12.6608 9.10267 3.26526 5.83741 1.6755 3.5581 3.26764 2.00765 137.456 7.54913 129.907 128.352 125.086 9.26501 3.52302 115.821 4.76884 111.052 110.13 7.63361 5.39532 3.21931 2.52069 2.17602 102.496 100.916 100.004 3.99472 3.28061 96.0096 84.7352 11.2744 3.11524 2.63817 8.15919 2.30233 7.30649 5.65259 2.59841 3.05417 1.89543 83.2916 7.4797 6.86288 75.8119
internal_count=48045 21258 26787 5433 4808 19573 19415 18052 1531 16521 307 280 257 625 487 390 148 1363 1027 275 752 63 336 280 249 16486 1591 14895 14588 14442 356 199 14086 361 13725 13544 7359 980 681 145 299 6185 6112 5362 1419 509 3943 2526 1417 261 246 1156 72 1052 648 584 64 47 2276 257 148 2019
is_linear=0
shrinkage=0.05


Tree=135
num_leaves=63
num_cat=0
split_feature=12 12 1 5 1 2 2 0 0 3 3 3 1 0 2 12 10 0 12 12 1 9 9 2 2 5 2 12 12 12 0 9 12 10 9 12 0 3 2 0 0 0 6 10 12 12 2 9 9 3 3 9 9 9 3 10 4 9 9 9 3 9
split_gain=2.28903 2.15851 1.56136 1.41623 2.56667 1.63022 1.82868 1.17656 2.24946 1.08696 2.1411 1.3936 0.977584 1.39099 1.62008 0.954959 0.855394 1.29523 1.71863 1.86867 1.1861 1.07756 1.43875 1.28055 1.41343 1.58116 1.51537 1.32857 1.20495 1.70187 1.2411 1.19997 1.74589 1.55661 1.33921 1.05191 1.00038 0.942613 1.42263 2.0158 0.941346 0.940606 0.913859 0.900051 0.878166 1.06297 0.819934 0.817561 1.94696 1.57171 2.56515 1.91868 1.46072 0.983846 0.974599 1.34069 2.11908 1.86061 1.4672 0.956121 1.66551 0.928914
threshold=0.30998871031904102 0.9090588656944838 0.68771551724137947 0.61250000000000016 0.95040983606557383 0.9418526031102098 0.95040983606557383 0.91734972677595639 0.95040983606557383 0.96999699969997011 0.96051948051948066 0.96511156186612579 0.72211111111111115 0.89512961508248245 0.95040983606557383 0.51711730126736499 0.032522474881015347 0.91734972677595639 0.47246239849638577 0.36185420152074504 0.85995058400718782 0.050641025641025648 0.053342816500711245 0.90070422535211281 0.84292763157894746 0.5634920634920636 0.82842724978973936 0.47246239849638577 0.3839009302154201 0.40406182188469625 0.81016731016731025 0.35355392156862753 0.43844543990564816 0.19478319783197837 0.35781671159029654 0.34688198539073856 0.76631205673758873 0.67890835579514841 0.77871939736346529 0.7748518762343648 0.890227576974565 0.71535181236673784 0.19375000000000003 0.060915275200989494 0.36365702537830374 0.40071428090983968 0.67156862745098045 0.16064516129032261 0.23606811145510839 0.92564953012714224 0.83096903096903107 0.098780487804878067 0.15075757575757578 0.22335600907029482 0.89512961508248245 0.087977296181630568 0.8085106382978724 0.25962962962962971 0.44058823529411767 0.2022727272727273 0.70859704641350219 0.27842377260981915
decision_type=2 2 2 2 2 2 2 2 2 2 2 2 2 2 2 2 2 2 2 2 2 2 2 2 2 2 2 2 2 2 2 2 2 2 2 2 2 2 2 2 2 2 2 2 2 2 2 2 2 2 2 2 2 2 2 2 2 2 2 2 2 2
left_child=2 3 -1 4 15 -5 -7 -8 -9 10 47 -12 -4 -14 -15 16 20 21 19 -19 -2 37 -23 24 25 31 -27 28 -25 -30 -31 32 42 -34 -33 -36 41 38 39 -18 -32 -35 -24 -37 -45 -46 -39 49 53 50 52 -51 -10 59 55 -50 57 -57 61 -49 -61 -59
right_child=1 -3 12 5 -6 6 7 8 9 -11 11 -13 13 14 -16 -17 17 18 -20 -21 -22 22 23 27 -26 26 -28 -29 29 30 40 34 33 36 35 43 -38 46 -40 -41 -42 -43 -44 44 45 -47 -48 48 54 51 -52 -53 -54 -55 -56 56 -58 58 -60 60 -62 -63
leaf_value=-0.050013479098326 -0.04009149718646432 0.050067424377275044 0.037107170031447166 0.030878217572138707 0.056645642892288878 -0.092031116444913408 0.047471685224396015 -0.057667046073185596 -0.0075907317548760183 0.050603288411656913 -0.13074059370612681 -0.030043745676764051 -0.043473456436659189 0.063023568537966104 -0.050800579400598449 0.0085296140751549808 -0.052407241457102675 0.013212080385704334 0.013017457869690684 -0.052291874533561183 0.034109301869661234 0.084708006193241536 -0.050714805417208644 -0.024808542285706864 -0.031386551721971537 0.0010461916757612873 0.10029463177966556 -0.011933685601142297 0.083590895686176434 0.067878252952407667 -0.028424698820932882 0.08498607788880351 -0.036448245865965311 0.018223039906446959 -0.047470874934449549 0.044697729686173755 -0.0045501091529269733 -0.041187742554778591 -0.055484199672182294 0.05019456432341779 0.034730041147423306 0.087733713985195236 -0.010170366001517469 0.041660563590784766 -0.050810819474915371 0.0062013798748923477 0.059194842226462957 0.02235426935013338 0.040542293584582834 0.009885179442672332 0.051050500925457813 -0.10812332324531 -0.04749663945079452 0.057904735110399855 0.033671073045840702 -0.052037183830967559 -0.057507761018213005 0.049742639797431251 -0.036098022271105673 -0.038223557762610758 0.051625115859644688 0.0032754227406126442
leaf_weight=3.6688433123636042 2.7589063822233579 2.2384026838699347 1.0147092989209339 3.0048133436357594 2.2979675084643523 0.62347379140555759 1.0130300323653489 2.1029602968192185 21.799276320205546 0.86494423868134518 0.51950299111194809 1.0147171969292683 2.16078965869383 0.85238612991815876 0.49366563429066446 44.525826301600318 0.87949428091815107 1.5034012288961074 2.9759548334404826 3.947755638306262 0.66920914930233255 0.5888722195813888 2.7253919693903388 0.7305578317027529 3.0658985201589521 0.72590707085328066 0.81799103401135653 1.9853777600219471 1.7698010287131181 1.0704830947797748 1.1869296419899913 0.6014726689318185 1.1996243148169012 0.97955229791114129 0.78330182646459334 1.8001378683547944 1.2506905498448757 0.29690030637721054 2.1829557010787539 1.0505179500905795 1.1732877865433691 0.9672517089638859 2.8360645274515264 1.3970742656383643 0.95345605982583936 5.7367288121604361 0.64611769319162704 6.8742873275768943 1.1339537742896979 0.57118249486666062 1.7400218950351689 0.86768447270151228 2.5627430712338528 1.3735619931831031 1.2647862534504373 1.9710505180992175 2.5376856850925842 1.2641089252720101 2.1433749475982031 1.8636707105906682 0.71314387454185624 7.2096048951789271
leaf_count=21595 1570 1718 443 109 241 12 21 37 599 338 22 36 4413 82 548 1887 683 177 41 218 41 73 2822 245 310 45 10 32 44 14 38 73 200 126 2198 213 40 223 229 29 15 35 2738 571 774 617 15 199 86 153 391 37 39 41 83 35 49 32 35 32 58 117
internal_value=2.32881e-05 0.00130131 -0.0257782 0.000632097 0.00442584 -0.00508946 -0.00683182 -0.00596676 -0.00686314 -0.00503024 -0.00586821 -0.0641408 -0.00611341 -0.0186193 0.0212785 0.00317301 -0.00148014 0.000249111 -0.0175426 -0.0342262 -0.0256066 0.00405432 0.00722681 0.00587519 0.000485035 0.00477555 0.0536302 0.0234695 0.0353205 0.0437673 0.0232235 0.00122285 -0.0114239 0.0121207 0.0123958 0.00830411 0.0303426 -0.0174967 -0.0278342 0.00343957 0.00297016 0.0527588 -0.0300392 0.0127227 0.00560544 -0.00192375 0.0275903 -0.00426859 0.00169189 -0.010404 -0.0075996 -0.0612779 -0.0117886 0.0183641 -0.0086063 -0.0118949 -0.015826 -0.00742325 0.000859277 0.0126175 -0.0133576 0.0102074
internal_weight=173.543 165.353 8.19039 163.114 98.0809 65.0336 62.0288 61.4053 60.3923 58.2893 57.4244 1.53422 4.52155 3.50684 1.34605 95.7829 51.2571 47.829 8.42711 5.45116 3.42812 39.4018 34.3459 33.757 25.8405 22.7746 1.5439 7.91644 5.93106 5.2005 3.4307 21.2307 9.95858 4.39712 11.2722 10.6707 3.19749 5.05599 4.11297 1.93001 2.36022 1.9468 5.56146 9.8874 8.08726 6.69018 0.943018 55.8901 28.3492 27.5409 26.102 1.43887 24.362 10.8247 17.5246 16.2598 15.1258 12.5881 10.6171 9.4511 2.57681 8.47371
internal_count=47947 20866 27081 19148 16587 2561 2452 2440 2419 2382 2044 58 5486 5043 630 16346 14459 12848 436 395 1611 12412 11233 11160 10772 10462 55 388 356 111 67 10407 5961 401 4446 4373 201 1179 941 712 53 161 5560 2175 1962 1391 238 1986 767 1219 1029 190 638 330 437 354 268 219 184 289 90 149
is_linear=0
shrinkage=0.05


end of trees

feature_importances:
Column_9=1285
Column_1=1163
Column_12=1129
Column_3=935
Column_5=674
Column_0=643
Column_2=609
Column_10=609
Column_4=516
Column_7=481
Column_6=383
Column_11=5

parameters:
[boosting: gbdt]
[objective: binary]
[metric: binary_logloss]
[tree_learner: serial]
[device_type: cpu]
[data_sample_strategy: bagging]
[data: ]
[valid: ]
[num_iterations: 500]
[learning_rate: 0.05]
[num_leaves: 63]
[num_threads: 8]
[seed: 0]
[deterministic: 0]
[force_col_wise: 0]
[force_row_wise: 0]
[histogram_pool_size: -1]
[max_depth: -1]
[min_data_in_leaf: 20]
[min_sum_hessian_in_leaf: 0.001]
[bagging_fraction: 0.8]
[pos_bagging_fraction: 1]
[neg_bagging_fraction: 1]
[bagging_freq: 5]
[bagging_seed: 3]
[bagging_by_query: 0]
[feature_fraction: 0.9]
[feature_fraction_bynode: 1]
[feature_fraction_seed: 2]
[extra_trees: 0]
[extra_seed: 6]
[early_stopping_round: 0]
[early_stopping_min_delta: 0]
[first_metric_only: 0]
[max_delta_step: 0]
[lambda_l1: 0]
[lambda_l2: 0]
[linear_lambda: 0]
[min_gain_to_split: 0]
[drop_rate: 0.1]
[max_drop: 50]
[skip_drop: 0.5]
[xgboost_dart_mode: 0]
[uniform_drop: 0]
[drop_seed: 4]
[top_rate: 0.2]
[other_rate: 0.1]
[min_data_per_group: 100]
[max_cat_threshold: 32]
[cat_l2: 10]
[cat_smooth: 10]
[max_cat_to_onehot: 4]
[top_k: 20]
[monotone_constraints: ]
[monotone_constraints_method: basic]
[monotone_penalty: 0]
[feature_contri: ]
[forcedsplits_filename: ]
[refit_decay_rate: 0.9]
[cegb_tradeoff: 1]
[cegb_penalty_split: 0]
[cegb_penalty_feature_lazy: ]
[cegb_penalty_feature_coupled: ]
[path_smooth: 0]
[interaction_constraints: ]
[verbosity: -1]
[saved_feature_importance_type: 0]
[use_quantized_grad: 0]
[num_grad_quant_bins: 4]
[quant_train_renew_leaf: 0]
[stochastic_rounding: 1]
[linear_tree: 0]
[max_bin: 255]
[max_bin_by_feature: ]
[min_data_in_bin: 3]
[bin_construct_sample_cnt: 200000]
[data_random_seed: 1]
[is_enable_sparse: 1]
[enable_bundle: 1]
[use_missing: 1]
[zero_as_missing: 0]
[feature_pre_filter: 1]
[pre_partition: 0]
[two_round: 0]
[header: 0]
[label_column: ]
[weight_column: ]
[group_column: ]
[ignore_column: ]
[categorical_feature: ]
[forcedbins_filename: ]
[precise_float_parser: 0]
[parser_config_file: ]
[objective_seed: 5]
[num_class: 1]
[is_unbalance: 0]
[scale_pos_weight: 1]
[sigmoid: 1]
[boost_from_average: 1]
[reg_sqrt: 0]
[alpha: 0.9]
[fair_c: 1]
[poisson_max_delta_step: 0.7]
[tweedie_variance_power: 1.5]
[lambdarank_truncation_level: 30]
[lambdarank_norm: 1]
[label_gain: ]
[lambdarank_position_bias_regularization: 0]
[eval_at: ]
[multi_error_top_k: 1]
[auc_mu_weights: ]
[num_machines: 1]
[local_listen_port: 12400]
[time_out: 120]
[machine_list_filename: ]
[machines: ]
[gpu_platform_id: -1]
[gpu_device_id: -1]
[gpu_device_id_list: ]
[gpu_use_dp: 0]
[num_gpu: 1]

end of parameters

pandas_categorical:null
